iso_639_3,iso_639_2b,iso_639_2t,iso_639_1,Scope,Language_Type,language_name,is_macrolanguage,is_living,fineweb2_labels,fineweb2_match_status,hf_tag,hf_match_status,cv_locale,cv_match_status
aaa,,,,I,L,Ghotuo,False,True,,no_match,aaa,exact_iso3,,no_match
aab,,,,I,L,Alumu-Tesu,False,True,,no_match,aab,exact_iso3,,no_match
aac,,,,I,L,Ari,False,True,,no_match,aac,exact_iso3,,no_match
aad,,,,I,L,Amal,False,True,,no_match,aad,exact_iso3,,no_match
aae,,,,I,L,Arbëreshë Albanian,False,True,,no_match,aae,exact_iso3,,no_match
aaf,,,,I,L,Aranadan,False,True,,no_match,aaf,exact_iso3,,no_match
aag,,,,I,L,Ambrak,False,True,,no_match,aag,exact_iso3,,no_match
aah,,,,I,L,Abu' Arapesh,False,True,,no_match,aah,exact_iso3,,no_match
aai,,,,I,L,Arifama-Miniafia,False,True,aai_Latn,exact,aai,exact_iso3,,no_match
aak,,,,I,L,Ankave,False,True,aak_Latn,exact,aak,exact_iso3,,no_match
aal,,,,I,L,Afade,False,True,,no_match,aal,exact_iso3,,no_match
aan,,,,I,L,Anambé,False,True,,no_match,aan,exact_iso3,,no_match
aao,,,,I,L,Algerian Saharan Arabic,False,True,,no_match,aao,exact_iso3,,no_match
aap,,,,I,L,Pará Arára,False,True,,no_match,aap,exact_iso3,,no_match
aaq,,,,I,E,Eastern Abnaki,False,False,,no_match,aaq,exact_iso3,,no_match
aar,aar,aar,aa,I,L,Afar,False,True,,no_match,aar;aa,matched_multiple:iso3+iso1,aa,matched_via_bcp47
aas,,,,I,L,Aasáx,False,True,,no_match,aas,exact_iso3,,no_match
aat,,,,I,L,Arvanitika Albanian,False,True,,no_match,aat,exact_iso3,aat,exact_iso3
aau,,,,I,L,Abau,False,True,aau_Latn,exact,aau,exact_iso3,,no_match
aaw,,,,I,L,Solong,False,True,,no_match,aaw,exact_iso3,,no_match
aax,,,,I,L,Mandobo Atas,False,True,,no_match,aax,exact_iso3,,no_match
aaz,,,,I,L,Amarasi,False,True,aaz_Latn,exact,aaz,exact_iso3,,no_match
aba,,,,I,L,Abé,False,True,aba_Latn,exact,aba,exact_iso3,,no_match
abb,,,,I,L,Bankon,False,True,,no_match,abb,exact_iso3,abb,exact_iso3
abc,,,,I,L,Ambala Ayta,False,True,,no_match,abc,exact_iso3,,no_match
abd,,,,I,L,Manide,False,True,,no_match,abd,exact_iso3,,no_match
abe,,,,I,L,Western Abnaki,False,True,,no_match,abe,exact_iso3,,no_match
abf,,,,I,L,Abai Sungai,False,True,,no_match,abf,exact_iso3,,no_match
abg,,,,I,L,Abaga,False,True,,no_match,abg,exact_iso3,,no_match
abh,,,,I,L,Tajiki Arabic,False,True,,no_match,abh,exact_iso3,,no_match
abi,,,,I,L,Abidji,False,True,abi_Latn,exact,abi,exact_iso3,,no_match
abj,,,,I,E,Aka-Bea,False,False,,no_match,abj,exact_iso3,,no_match
abk,abk,abk,ab,I,L,Abkhazian,False,True,abk_Cyrl,exact,abk;ab,matched_multiple:iso3+iso1,ab,matched_via_bcp47
abl,,,,I,L,Lampung Nyo,False,True,,no_match,abl,exact_iso3,,no_match
abm,,,,I,L,Abanyom,False,True,,no_match,abm,exact_iso3,,no_match
abn,,,,I,L,Abua,False,True,abn_Latn,exact,abn,exact_iso3,,no_match
abo,,,,I,L,Abon,False,True,,no_match,abo,exact_iso3,,no_match
abp,,,,I,L,Abellen Ayta,False,True,,no_match,abp,exact_iso3,,no_match
abq,,,,I,L,Abaza,False,True,abq_Cyrl,exact,abq,exact_iso3,abq,exact_iso3
abr,,,,I,L,Abron,False,True,,no_match,abr,exact_iso3,,no_match
abs,,,,I,L,Ambonese Malay,False,True,abs_Latn,exact,abs,exact_iso3,,no_match
abt,,,,I,L,Ambulas,False,True,abt_Latn,exact,abt,exact_iso3,,no_match
abu,,,,I,L,Abure,False,True,,no_match,abu,exact_iso3,,no_match
abv,,,,I,L,Baharna Arabic,False,True,,no_match,abv,exact_iso3,,no_match
abw,,,,I,L,Pal,False,True,,no_match,abw,exact_iso3,,no_match
abx,,,,I,L,Inabaknon,False,True,abx_Latn,exact,abx,exact_iso3,,no_match
aby,,,,I,L,Aneme Wake,False,True,aby_Latn,exact,aby,exact_iso3,,no_match
abz,,,,I,L,Abui,False,True,abz_Latn,exact,abz,exact_iso3,,no_match
aca,,,,I,L,Achagua,False,True,aca_Latn,exact,aca,exact_iso3,,no_match
acb,,,,I,L,Áncá,False,True,,no_match,acb,exact_iso3,,no_match
acd,,,,I,L,Gikyode,False,True,acd_Latn,exact,acd,exact_iso3,,no_match
ace,ace,ace,,I,L,Achinese,False,True,ace_Latn,exact,ace,exact_iso3,ace,exact_iso3
acf,,,,I,L,Saint Lucian Creole French,False,True,acf_Latn,exact,acf,exact_iso3,,no_match
ach,ach,ach,,I,L,Acoli,False,True,ach_Latn,exact,ach,exact_iso3,,no_match
aci,,,,I,E,Aka-Cari,False,False,,no_match,aci,exact_iso3,,no_match
ack,,,,I,E,Aka-Kora,False,False,,no_match,ack,exact_iso3,,no_match
acl,,,,I,E,Akar-Bale,False,False,,no_match,acl,exact_iso3,,no_match
acm,,,,I,L,Mesopotamian Arabic,False,True,acm_Arab,exact,acm,exact_iso3,,no_match
acn,,,,I,L,Achang,False,True,acn_Latn,exact,acn,exact_iso3,,no_match
acp,,,,I,L,Eastern Acipa,False,True,,no_match,acp,exact_iso3,,no_match
acq,,,,I,L,Ta'izzi-Adeni Arabic,False,True,,no_match,acq,exact_iso3,,no_match
acr,,,,I,L,Achi,False,True,acr_Latn,exact,acr,exact_iso3,,no_match
acs,,,,I,E,Acroá,False,False,,no_match,acs,exact_iso3,,no_match
act,,,,I,L,Achterhoeks,False,True,,no_match,act,exact_iso3,,no_match
acu,,,,I,L,Achuar-Shiwiar,False,True,acu_Latn,exact,acu,exact_iso3,,no_match
acv,,,,I,L,Achumawi,False,True,,no_match,acv,exact_iso3,,no_match
acw,,,,I,L,Hijazi Arabic,False,True,,no_match,acw,exact_iso3,,no_match
acx,,,,I,L,Omani Arabic,False,True,,no_match,acx,exact_iso3,,no_match
acy,,,,I,L,Cypriot Arabic,False,True,,no_match,acy,exact_iso3,,no_match
acz,,,,I,L,Acheron,False,True,,no_match,acz,exact_iso3,,no_match
ada,ada,ada,,I,L,Adangme,False,True,ada_Latn,exact,ada,exact_iso3,,no_match
adb,,,,I,L,Atauran,False,True,,no_match,adb,exact_iso3,,no_match
add,,,,I,L,Lidzonka,False,True,,no_match,add,exact_iso3,,no_match
ade,,,,I,L,Adele,False,True,ade_Latn,exact,ade,exact_iso3,,no_match
adf,,,,I,L,Dhofari Arabic,False,True,,no_match,adf,exact_iso3,,no_match
adg,,,,I,L,Andegerebinha,False,True,,no_match,adg,exact_iso3,,no_match
adh,,,,I,L,Adhola,False,True,adh_Latn,exact,adh,exact_iso3,,no_match
adi,,,,I,L,Adi,False,True,adi_Latn,exact,adi,exact_iso3,,no_match
adj,,,,I,L,Adioukrou,False,True,adj_Latn,exact,adj,exact_iso3,,no_match
adl,,,,I,L,Galo,False,True,adl_Latn,exact,adl,exact_iso3,,no_match
adn,,,,I,L,Adang,False,True,,no_match,adn,exact_iso3,,no_match
ado,,,,I,L,Abu,False,True,,no_match,ado,exact_iso3,,no_match
adq,,,,I,L,Adangbe,False,True,,no_match,adq,exact_iso3,,no_match
adr,,,,I,L,Adonara,False,True,,no_match,adr,exact_iso3,,no_match
ads,,,,I,L,Adamorobe Sign Language,False,True,,no_match,ads,exact_iso3,,no_match
adt,,,,I,L,Adnyamathanha,False,True,,no_match,adt,exact_iso3,,no_match
adu,,,,I,L,Aduge,False,True,,no_match,adu,exact_iso3,,no_match
adw,,,,I,L,Amundava,False,True,,no_match,adw,exact_iso3,,no_match
adx,,,,I,L,Amdo Tibetan,False,True,,no_match,adx,exact_iso3,,no_match
ady,ady,ady,,I,L,Adyghe,False,True,ady_Cyrl,exact,ady,exact_iso3,ady,exact_iso3
adz,,,,I,L,Adzera,False,True,adz_Latn,exact,adz,exact_iso3,,no_match
aea,,,,I,E,Areba,False,False,,no_match,aea,exact_iso3,,no_match
aeb,,,,I,L,Tunisian Arabic,False,True,aeb_Arab,exact,aeb,exact_iso3,,no_match
aec,,,,I,L,Saidi Arabic,False,True,,no_match,aec,exact_iso3,,no_match
aed,,,,I,L,Argentine Sign Language,False,True,,no_match,aed,exact_iso3,,no_match
aee,,,,I,L,Northeast Pashai,False,True,,no_match,aee,exact_iso3,,no_match
aek,,,,I,L,Haeke,False,True,,no_match,aek,exact_iso3,,no_match
ael,,,,I,L,Ambele,False,True,,no_match,ael,exact_iso3,,no_match
aem,,,,I,L,Arem,False,True,,no_match,aem,exact_iso3,,no_match
aen,,,,I,L,Armenian Sign Language,False,True,,no_match,aen,exact_iso3,,no_match
aeq,,,,I,L,Aer,False,True,,no_match,aeq,exact_iso3,,no_match
aer,,,,I,L,Eastern Arrernte,False,True,aer_Latn,exact,aer,exact_iso3,,no_match
aes,,,,I,E,Alsea,False,False,,no_match,aes,exact_iso3,,no_match
aeu,,,,I,L,Akeu,False,True,aeu_Latn,exact,aeu,exact_iso3,,no_match
aew,,,,I,L,Ambakich,False,True,,no_match,aew,exact_iso3,,no_match
aey,,,,I,L,Amele,False,True,aey_Latn,exact,aey,exact_iso3,,no_match
aez,,,,I,L,Aeka,False,True,,no_match,aez,exact_iso3,,no_match
afb,,,,I,L,Gulf Arabic,False,True,,no_match,afb,exact_iso3,,no_match
afd,,,,I,L,Andai,False,True,,no_match,afd,exact_iso3,,no_match
afe,,,,I,L,Putukwam,False,True,,no_match,afe,exact_iso3,,no_match
afg,,,,I,L,Afghan Sign Language,False,True,,no_match,afg,exact_iso3,,no_match
afh,afh,afh,,I,C,Afrihili,False,False,,no_match,afh,exact_iso3,,no_match
afi,,,,I,L,Akrukay,False,True,,no_match,afi,exact_iso3,,no_match
afk,,,,I,L,Nanubae,False,True,,no_match,afk,exact_iso3,,no_match
afn,,,,I,L,Defaka,False,True,,no_match,afn,exact_iso3,,no_match
afo,,,,I,L,Eloyi,False,True,,no_match,afo,exact_iso3,,no_match
afp,,,,I,L,Tapei,False,True,,no_match,afp,exact_iso3,,no_match
afr,afr,afr,af,I,L,Afrikaans,False,True,afr_Latn,exact,afr;af,matched_multiple:iso3+iso1,af,matched_via_bcp47
afs,,,,I,L,Afro-Seminole Creole,False,True,,no_match,afs,exact_iso3,,no_match
aft,,,,I,L,Afitti,False,True,,no_match,aft,exact_iso3,,no_match
afu,,,,I,L,Awutu,False,True,,no_match,afu,exact_iso3,,no_match
afz,,,,I,L,Obokuitai,False,True,,no_match,afz,exact_iso3,,no_match
aga,,,,I,E,Aguano,False,False,,no_match,aga,exact_iso3,,no_match
agb,,,,I,L,Legbo,False,True,,no_match,agb,exact_iso3,,no_match
agc,,,,I,L,Agatu,False,True,,no_match,agc,exact_iso3,,no_match
agd,,,,I,L,Agarabi,False,True,agd_Latn,exact,agd,exact_iso3,,no_match
age,,,,I,L,Angal,False,True,,no_match,age,exact_iso3,,no_match
agf,,,,I,L,Arguni,False,True,,no_match,agf,exact_iso3,,no_match
agg,,,,I,L,Angor,False,True,agg_Latn,exact,agg,exact_iso3,,no_match
agh,,,,I,L,Ngelima,False,True,,no_match,agh,exact_iso3,,no_match
agi,,,,I,L,Agariya,False,True,,no_match,agi,exact_iso3,,no_match
agj,,,,I,L,Argobba,False,True,,no_match,agj,exact_iso3,,no_match
agk,,,,I,L,Isarog Agta,False,True,,no_match,agk,exact_iso3,,no_match
agl,,,,I,L,Fembe,False,True,,no_match,agl,exact_iso3,,no_match
agm,,,,I,L,Angaataha,False,True,agm_Latn,exact,agm,exact_iso3,,no_match
agn,,,,I,L,Agutaynen,False,True,agn_Latn,exact,agn,exact_iso3,,no_match
ago,,,,I,L,Tainae,False,True,,no_match,ago,exact_iso3,,no_match
agq,,,,I,L,Aghem,False,True,,no_match,agq,exact_iso3,,no_match
agr,,,,I,L,Aguaruna,False,True,agr_Latn,exact,agr,exact_iso3,,no_match
ags,,,,I,L,Esimbi,False,True,,no_match,ags,exact_iso3,,no_match
agt,,,,I,L,Central Cagayan Agta,False,True,agt_Latn,exact,agt,exact_iso3,,no_match
agu,,,,I,L,Aguacateco,False,True,agu_Latn,exact,agu,exact_iso3,,no_match
agv,,,,I,L,Remontado Dumagat,False,True,,no_match,agv,exact_iso3,,no_match
agw,,,,I,L,Kahua,False,True,agw_Latn,exact,agw,exact_iso3,,no_match
agx,,,,I,L,Aghul,False,True,agx_Cyrl,exact,agx,exact_iso3,,no_match
agy,,,,I,L,Southern Alta,False,True,,no_match,agy,exact_iso3,,no_match
agz,,,,I,L,Mt. Iriga Agta,False,True,,no_match,agz,exact_iso3,,no_match
aha,,,,I,L,Ahanta,False,True,aha_Latn,exact,aha,exact_iso3,,no_match
ahb,,,,I,L,Axamb,False,True,,no_match,ahb,exact_iso3,,no_match
ahg,,,,I,L,Qimant,False,True,,no_match,ahg,exact_iso3,,no_match
ahh,,,,I,L,Aghu,False,True,,no_match,ahh,exact_iso3,,no_match
ahi,,,,I,L,Tiagbamrin Aizi,False,True,,no_match,ahi,exact_iso3,,no_match
ahk,,,,I,L,Akha,False,True,ahk_Latn,exact,ahk,exact_iso3,,no_match
ahl,,,,I,L,Igo,False,True,,no_match,ahl,exact_iso3,,no_match
ahm,,,,I,L,Mobumrin Aizi,False,True,,no_match,ahm,exact_iso3,,no_match
ahn,,,,I,L,Àhàn,False,True,,no_match,ahn,exact_iso3,,no_match
aho,,,,I,E,Ahom,False,False,,no_match,aho,exact_iso3,,no_match
ahp,,,,I,L,Aproumu Aizi,False,True,,no_match,ahp,exact_iso3,,no_match
ahr,,,,I,L,Ahirani,False,True,,no_match,ahr,exact_iso3,,no_match
ahs,,,,I,L,Ashe,False,True,,no_match,ahs,exact_iso3,,no_match
aht,,,,I,L,Ahtena,False,True,,no_match,aht,exact_iso3,,no_match
aia,,,,I,L,Arosi,False,True,aia_Latn,exact,aia,exact_iso3,,no_match
aib,,,,I,L,Ainu (China),False,True,,no_match,aib,exact_iso3,,no_match
aic,,,,I,L,Ainbai,False,True,,no_match,aic,exact_iso3,,no_match
aid,,,,I,E,Alngith,False,False,,no_match,aid,exact_iso3,,no_match
aie,,,,I,L,Amara,False,True,,no_match,aie,exact_iso3,,no_match
aif,,,,I,L,Agi,False,True,,no_match,aif,exact_iso3,,no_match
aig,,,,I,L,Antigua and Barbuda Creole English,False,True,,no_match,aig,exact_iso3,,no_match
aih,,,,I,L,Ai-Cham,False,True,,no_match,aih,exact_iso3,,no_match
aii,,,,I,L,Assyrian Neo-Aramaic,False,True,aii_Syrc,exact,aii,exact_iso3,aii,exact_iso3
aij,,,,I,L,Lishanid Noshan,False,True,,no_match,aij,exact_iso3,,no_match
aik,,,,I,L,Ake,False,True,,no_match,aik,exact_iso3,,no_match
ail,,,,I,L,Aimele,False,True,,no_match,ail,exact_iso3,,no_match
aim,,,,I,L,Aimol,False,True,aim_Latn,exact,aim,exact_iso3,,no_match
ain,ain,ain,,I,L,Ainu (Japan),False,True,ain_Latn,exact,ain,exact_iso3,,no_match
aio,,,,I,L,Aiton,False,True,,no_match,aio,exact_iso3,,no_match
aip,,,,I,L,Burumakok,False,True,,no_match,aip,exact_iso3,,no_match
aiq,,,,I,L,Aimaq,False,True,,no_match,aiq,exact_iso3,,no_match
air,,,,I,L,Airoran,False,True,,no_match,air,exact_iso3,,no_match
ait,,,,I,E,Arikem,False,False,,no_match,ait,exact_iso3,,no_match
aiw,,,,I,L,Aari,False,True,,no_match,aiw,exact_iso3,,no_match
aix,,,,I,L,Aighon,False,True,,no_match,aix,exact_iso3,,no_match
aiy,,,,I,L,Ali,False,True,,no_match,aiy,exact_iso3,,no_match
aja,,,,I,L,Aja (South Sudan),False,True,,no_match,aja,exact_iso3,,no_match
ajg,,,,I,L,Aja (Benin),False,True,ajg_Latn,exact,ajg,exact_iso3,ajg,exact_iso3
aji,,,,I,L,Ajië,False,True,aji_Latn,exact,aji,exact_iso3,,no_match
ajn,,,,I,L,Andajin,False,True,,no_match,ajn,exact_iso3,,no_match
ajs,,,,I,L,Algerian Jewish Sign Language,False,True,,no_match,ajs,exact_iso3,,no_match
aju,,,,I,L,Judeo-Moroccan Arabic,False,True,,no_match,aju,exact_iso3,,no_match
ajw,,,,I,E,Ajawa,False,False,,no_match,ajw,exact_iso3,,no_match
ajz,,,,I,L,Amri Karbi,False,True,ajz_Latn,exact,ajz,exact_iso3,,no_match
aka,aka,aka,ak,M,L,Akan,True,True,,no_match,aka;ak,matched_multiple:iso3+iso1,,no_match
akb,,,,I,L,Batak Angkola,False,True,akb_Latn,exact,akb,exact_iso3,,no_match
akc,,,,I,L,Mpur,False,True,,no_match,akc,exact_iso3,,no_match
akd,,,,I,L,Ukpet-Ehom,False,True,,no_match,akd,exact_iso3,,no_match
ake,,,,I,L,Akawaio,False,True,ake_Latn,exact,ake,exact_iso3,,no_match
akf,,,,I,L,Akpa,False,True,,no_match,akf,exact_iso3,,no_match
akg,,,,I,L,Anakalangu,False,True,,no_match,akg,exact_iso3,,no_match
akh,,,,I,L,Angal Heneng,False,True,akh_Latn,exact,akh,exact_iso3,,no_match
aki,,,,I,L,Aiome,False,True,,no_match,aki,exact_iso3,,no_match
akj,,,,I,E,Aka-Jeru,False,False,,no_match,akj,exact_iso3,,no_match
akk,akk,akk,,I,H,Akkadian,False,False,,no_match,akk,exact_iso3,,no_match
akl,,,,I,L,Aklanon,False,True,,no_match,akl,exact_iso3,,no_match
akm,,,,I,E,Aka-Bo,False,False,,no_match,akm,exact_iso3,,no_match
ako,,,,I,L,Akurio,False,True,,no_match,ako,exact_iso3,,no_match
akp,,,,I,L,Siwu,False,True,akp_Latn,exact,akp,exact_iso3,,no_match
akq,,,,I,L,Ak,False,True,,no_match,akq,exact_iso3,,no_match
akr,,,,I,L,Araki,False,True,,no_match,akr,exact_iso3,,no_match
aks,,,,I,L,Akaselem,False,True,,no_match,aks,exact_iso3,,no_match
akt,,,,I,L,Akolet,False,True,,no_match,akt,exact_iso3,,no_match
aku,,,,I,L,Akum,False,True,,no_match,aku,exact_iso3,,no_match
akv,,,,I,L,Akhvakh,False,True,,no_match,akv,exact_iso3,,no_match
akw,,,,I,L,Akwa,False,True,,no_match,akw,exact_iso3,,no_match
akx,,,,I,E,Aka-Kede,False,False,,no_match,akx,exact_iso3,,no_match
aky,,,,I,E,Aka-Kol,False,False,,no_match,aky,exact_iso3,,no_match
akz,,,,I,L,Alabama,False,True,,no_match,akz,exact_iso3,,no_match
ala,,,,I,L,Alago,False,True,,no_match,ala,exact_iso3,,no_match
alc,,,,I,L,Qawasqar,False,True,,no_match,alc,exact_iso3,,no_match
ald,,,,I,L,Alladian,False,True,,no_match,ald,exact_iso3,,no_match
ale,ale,ale,,I,L,Aleut,False,True,,no_match,ale,exact_iso3,,no_match
alf,,,,I,L,Alege,False,True,,no_match,alf,exact_iso3,,no_match
alh,,,,I,L,Alawa,False,True,,no_match,alh,exact_iso3,,no_match
ali,,,,I,L,Amaimon,False,True,,no_match,ali,exact_iso3,,no_match
alj,,,,I,L,Alangan,False,True,alj_Latn,exact,alj,exact_iso3,,no_match
alk,,,,I,L,Alak,False,True,,no_match,alk,exact_iso3,,no_match
all,,,,I,L,Allar,False,True,,no_match,all,exact_iso3,,no_match
alm,,,,I,L,Amblong,False,True,,no_match,alm,exact_iso3,,no_match
aln,,,,I,L,Gheg Albanian,False,True,aln_Latn,exact,aln,exact_iso3,aln,exact_iso3
alo,,,,I,L,Larike-Wakasihu,False,True,,no_match,alo,exact_iso3,,no_match
alp,,,,I,L,Alune,False,True,alp_Latn,exact,alp,exact_iso3,,no_match
alq,,,,I,L,Algonquin,False,True,alq_Latn,exact,alq,exact_iso3,,no_match
alr,,,,I,L,Alutor,False,True,,no_match,alr,exact_iso3,,no_match
als,,,,I,L,Tosk Albanian,False,True,als_Latn,exact,als,exact_iso3,,no_match
alt,alt,alt,,I,L,Southern Altai,False,True,alt_Cyrl,exact,alt,exact_iso3,,no_match
alu,,,,I,L,'Are'are,False,True,,no_match,alu,exact_iso3,,no_match
alw,,,,I,L,Alaba-K’abeena,False,True,,no_match,alw,exact_iso3,,no_match
alx,,,,I,L,Amol,False,True,,no_match,alx,exact_iso3,,no_match
aly,,,,I,L,Alyawarr,False,True,aly_Latn,exact,aly,exact_iso3,,no_match
alz,,,,I,L,Alur,False,True,alz_Latn,exact,alz,exact_iso3,,no_match
ama,,,,I,E,Amanayé,False,False,,no_match,ama,exact_iso3,,no_match
amb,,,,I,L,Ambo,False,True,,no_match,amb,exact_iso3,,no_match
amc,,,,I,L,Amahuaca,False,True,,no_match,amc,exact_iso3,,no_match
ame,,,,I,L,Yanesha',False,True,ame_Latn,exact,ame,exact_iso3,,no_match
amf,,,,I,L,Hamer-Banna,False,True,amf_Latn,exact,amf,exact_iso3,,no_match
amg,,,,I,L,Amurdak,False,True,,no_match,amg,exact_iso3,,no_match
amh,amh,amh,am,I,L,Amharic,False,True,amh_Ethi,exact,amh;am,matched_multiple:iso3+iso1,am,matched_via_bcp47
ami,,,,I,L,Amis,False,True,ami_Latn,exact,ami,exact_iso3,,no_match
amj,,,,I,L,Amdang,False,True,,no_match,amj,exact_iso3,,no_match
amk,,,,I,L,Ambai,False,True,amk_Latn,exact,amk,exact_iso3,,no_match
aml,,,,I,L,War-Jaintia,False,True,,no_match,aml,exact_iso3,,no_match
amm,,,,I,L,Ama (Papua New Guinea),False,True,amm_Latn,exact,amm,exact_iso3,,no_match
amn,,,,I,L,Amanab,False,True,amn_Latn,exact,amn,exact_iso3,,no_match
amo,,,,I,L,Amo,False,True,,no_match,amo,exact_iso3,,no_match
amp,,,,I,L,Alamblak,False,True,amp_Latn,exact,amp,exact_iso3,,no_match
amq,,,,I,L,Amahai,False,True,,no_match,amq,exact_iso3,,no_match
amr,,,,I,L,Amarakaeri,False,True,amr_Latn,exact,amr,exact_iso3,,no_match
ams,,,,I,L,Southern Amami-Oshima,False,True,,no_match,ams,exact_iso3,,no_match
amt,,,,I,L,Amto,False,True,,no_match,amt,exact_iso3,,no_match
amu,,,,I,L,Guerrero Amuzgo,False,True,amu_Latn,exact,amu,exact_iso3,,no_match
amv,,,,I,L,Ambelau,False,True,,no_match,amv,exact_iso3,,no_match
amw,,,,I,L,Western Neo-Aramaic,False,True,,no_match,amw,exact_iso3,,no_match
amx,,,,I,L,Anmatyerre,False,True,amx_Latn,exact,amx,exact_iso3,,no_match
amy,,,,I,L,Ami,False,True,,no_match,amy,exact_iso3,,no_match
amz,,,,I,E,Atampaya,False,False,,no_match,amz,exact_iso3,,no_match
ana,,,,I,E,Andaqui,False,False,,no_match,ana,exact_iso3,,no_match
anb,,,,I,E,Andoa,False,False,,no_match,anb,exact_iso3,,no_match
anc,,,,I,L,Ngas,False,True,,no_match,anc,exact_iso3,,no_match
and,,,,I,L,Ansus,False,True,,no_match,and,exact_iso3,,no_match
ane,,,,I,L,Xârâcùù,False,True,,no_match,ane,exact_iso3,,no_match
anf,,,,I,L,Animere,False,True,,no_match,anf,exact_iso3,,no_match
ang,ang,ang,,I,H,Old English (ca. 450-1100),False,False,ang_Latn,exact,ang,exact_iso3,,no_match
anh,,,,I,L,Nend,False,True,,no_match,anh,exact_iso3,,no_match
ani,,,,I,L,Andi,False,True,,no_match,ani,exact_iso3,,no_match
anj,,,,I,L,Anor,False,True,,no_match,anj,exact_iso3,,no_match
ank,,,,I,L,Goemai,False,True,,no_match,ank,exact_iso3,,no_match
anl,,,,I,L,Anu-Hkongso Chin,False,True,,no_match,anl,exact_iso3,,no_match
anm,,,,I,L,Anal,False,True,anm_Latn,exact,anm,exact_iso3,,no_match
ann,,,,I,L,Obolo,False,True,ann_Latn,exact,ann,exact_iso3,,no_match
ano,,,,I,L,Andoque,False,True,,no_match,ano,exact_iso3,,no_match
anp,anp,anp,,I,L,Angika,False,True,anp_Deva,exact,anp,exact_iso3,,no_match
anq,,,,I,L,Jarawa (India),False,True,,no_match,anq,exact_iso3,,no_match
anr,,,,I,L,Andh,False,True,,no_match,anr,exact_iso3,,no_match
ans,,,,I,E,Anserma,False,False,,no_match,ans,exact_iso3,,no_match
ant,,,,I,L,Antakarinya,False,True,,no_match,ant,exact_iso3,,no_match
anu,,,,I,L,Anuak,False,True,,no_match,anu,exact_iso3,,no_match
anv,,,,I,L,Denya,False,True,anv_Latn,exact,anv,exact_iso3,,no_match
anw,,,,I,L,Anaang,False,True,,no_match,anw,exact_iso3,,no_match
anx,,,,I,L,Andra-Hus,False,True,,no_match,anx,exact_iso3,,no_match
any,,,,I,L,Anyin,False,True,any_Latn,exact,any,exact_iso3,,no_match
anz,,,,I,L,Anem,False,True,,no_match,anz,exact_iso3,,no_match
aoa,,,,I,L,Angolar,False,True,,no_match,aoa,exact_iso3,,no_match
aob,,,,I,L,Abom,False,True,,no_match,aob,exact_iso3,,no_match
aoc,,,,I,L,Pemon,False,True,,no_match,aoc,exact_iso3,,no_match
aod,,,,I,L,Andarum,False,True,,no_match,aod,exact_iso3,,no_match
aoe,,,,I,L,Angal Enen,False,True,,no_match,aoe,exact_iso3,,no_match
aof,,,,I,L,Bragat,False,True,,no_match,aof,exact_iso3,,no_match
aog,,,,I,L,Angoram,False,True,,no_match,aog,exact_iso3,,no_match
aoi,,,,I,L,Anindilyakwa,False,True,aoi_Latn,exact,aoi,exact_iso3,,no_match
aoj,,,,I,L,Mufian,False,True,aoj_Latn,exact,aoj,exact_iso3,,no_match
aok,,,,I,L,Arhö,False,True,,no_match,aok,exact_iso3,,no_match
aol,,,,I,L,Alor,False,True,,no_match,aol,exact_iso3,,no_match
aom,,,,I,L,Ömie,False,True,aom_Latn,exact,aom,exact_iso3,,no_match
aon,,,,I,L,Bumbita Arapesh,False,True,,no_match,aon,exact_iso3,,no_match
aor,,,,I,E,Aore,False,False,,no_match,aor,exact_iso3,,no_match
aos,,,,I,L,Taikat,False,True,,no_match,aos,exact_iso3,,no_match
aot,,,,I,L,Atong (India),False,True,,no_match,aot,exact_iso3,,no_match
aou,,,,I,L,A'ou,False,True,,no_match,aou,exact_iso3,,no_match
aox,,,,I,L,Atorada,False,True,,no_match,aox,exact_iso3,,no_match
aoz,,,,I,L,Uab Meto,False,True,aoz_Latn,exact,aoz,exact_iso3,,no_match
apb,,,,I,L,Sa'a,False,True,apb_Latn,exact,apb,exact_iso3,,no_match
apc,,,,I,L,Levantine Arabic,False,True,apc_Arab,exact,apc,exact_iso3,,no_match
apd,,,,I,L,Sudanese Arabic,False,True,,no_match,apd,exact_iso3,,no_match
ape,,,,I,L,Bukiyip,False,True,ape_Latn,exact,ape,exact_iso3,,no_match
apf,,,,I,L,Pahanan Agta,False,True,,no_match,apf,exact_iso3,,no_match
apg,,,,I,L,Ampanang,False,True,,no_match,apg,exact_iso3,,no_match
aph,,,,I,L,Athpariya,False,True,,no_match,aph,exact_iso3,,no_match
api,,,,I,L,Apiaká,False,True,,no_match,api,exact_iso3,,no_match
apj,,,,I,L,Jicarilla Apache,False,True,,no_match,apj,exact_iso3,,no_match
apk,,,,I,L,Kiowa Apache,False,True,,no_match,apk,exact_iso3,,no_match
apl,,,,I,L,Lipan Apache,False,True,,no_match,apl,exact_iso3,,no_match
apm,,,,I,L,Mescalero-Chiricahua Apache,False,True,,no_match,apm,exact_iso3,,no_match
apn,,,,I,L,Apinayé,False,True,apn_Latn,exact,apn,exact_iso3,,no_match
apo,,,,I,L,Ambul,False,True,,no_match,apo,exact_iso3,,no_match
app,,,,I,L,Apma,False,True,,no_match,app,exact_iso3,,no_match
apq,,,,I,L,A-Pucikwar,False,True,,no_match,apq,exact_iso3,,no_match
apr,,,,I,L,Arop-Lokep,False,True,apr_Latn,exact,apr,exact_iso3,,no_match
aps,,,,I,L,Arop-Sissano,False,True,,no_match,aps,exact_iso3,,no_match
apt,,,,I,L,Apatani,False,True,apt_Latn,exact,apt,exact_iso3,,no_match
apu,,,,I,L,Apurinã,False,True,apu_Latn,exact,apu,exact_iso3,,no_match
apv,,,,I,E,Alapmunte,False,False,,no_match,apv,exact_iso3,,no_match
apw,,,,I,L,Western Apache,False,True,apw_Latn,exact,apw,exact_iso3,,no_match
apx,,,,I,L,Aputai,False,True,,no_match,apx,exact_iso3,,no_match
apy,,,,I,L,Apalaí,False,True,apy_Latn,exact,apy,exact_iso3,,no_match
apz,,,,I,L,Safeyoka,False,True,apz_Latn,exact,apz,exact_iso3,,no_match
aqc,,,,I,L,Archi,False,True,,no_match,aqc,exact_iso3,,no_match
aqd,,,,I,L,Ampari Dogon,False,True,,no_match,aqd,exact_iso3,,no_match
aqg,,,,I,L,Arigidi,False,True,,no_match,aqg,exact_iso3,,no_match
aqk,,,,I,L,Aninka,False,True,,no_match,aqk,exact_iso3,,no_match
aqm,,,,I,L,Atohwaim,False,True,,no_match,aqm,exact_iso3,,no_match
aqn,,,,I,L,Northern Alta,False,True,,no_match,aqn,exact_iso3,,no_match
aqp,,,,I,E,Atakapa,False,False,,no_match,aqp,exact_iso3,,no_match
aqr,,,,I,L,Arhâ,False,True,,no_match,aqr,exact_iso3,,no_match
aqt,,,,I,L,Angaité,False,True,,no_match,aqt,exact_iso3,,no_match
aqz,,,,I,L,Akuntsu,False,True,,no_match,aqz,exact_iso3,,no_match
ara,ara,ara,ar,M,L,Arabic,True,True,,no_match,ara;ar,matched_multiple:iso3+iso1,ar,matched_via_bcp47
arb,,,,I,L,Standard Arabic,False,True,arb_Arab;arb_Latn,multi_script,arb,exact_iso3,,no_match
arc,arc,arc,,I,H,Official Aramaic (700-300 BCE),False,False,,no_match,arc,exact_iso3,,no_match
ard,,,,I,E,Arabana,False,False,,no_match,ard,exact_iso3,,no_match
are,,,,I,L,Western Arrarnta,False,True,are_Latn,exact,are,exact_iso3,,no_match
arg,arg,arg,an,I,L,Aragonese,False,True,arg_Latn,exact,arg;an,matched_multiple:iso3+iso1,an,matched_via_bcp47
arh,,,,I,L,Arhuaco,False,True,,no_match,arh,exact_iso3,,no_match
ari,,,,I,L,Arikara,False,True,,no_match,ari,exact_iso3,,no_match
arj,,,,I,E,Arapaso,False,False,,no_match,arj,exact_iso3,,no_match
ark,,,,I,L,Arikapú,False,True,,no_match,ark,exact_iso3,,no_match
arl,,,,I,L,Arabela,False,True,arl_Latn,exact,arl,exact_iso3,,no_match
arn,arn,arn,,I,L,Mapudungun,False,True,arn_Latn,exact,arn,exact_iso3,arn,exact_iso3
aro,,,,I,L,Araona,False,True,,no_match,aro,exact_iso3,,no_match
arp,arp,arp,,I,L,Arapaho,False,True,arp_Latn,exact,arp,exact_iso3,,no_match
arq,,,,I,L,Algerian Arabic,False,True,arq_Arab,exact,arq,exact_iso3,,no_match
arr,,,,I,L,Karo (Brazil),False,True,,no_match,arr,exact_iso3,,no_match
ars,,,,I,L,Najdi Arabic,False,True,ars_Arab,exact,ars,exact_iso3,,no_match
aru,,,,I,E,Aruá (Amazonas State),False,False,,no_match,aru,exact_iso3,,no_match
arv,,,,I,L,Arbore,False,True,,no_match,arv,exact_iso3,,no_match
arw,arw,arw,,I,L,Arawak,False,True,,no_match,arw,exact_iso3,,no_match
arx,,,,I,L,Aruá (Rodonia State),False,True,,no_match,arx,exact_iso3,,no_match
ary,,,,I,L,Moroccan Arabic,False,True,ary_Arab,exact,ary,exact_iso3,,no_match
arz,,,,I,L,Egyptian Arabic,False,True,arz_Arab,exact,arz,exact_iso3,,no_match
asa,,,,I,L,Asu (Tanzania),False,True,,no_match,asa,exact_iso3,,no_match
asb,,,,I,L,Assiniboine,False,True,,no_match,asb,exact_iso3,,no_match
asc,,,,I,L,Casuarina Coast Asmat,False,True,,no_match,asc,exact_iso3,,no_match
ase,,,,I,L,American Sign Language,False,True,,no_match,ase,exact_iso3,,no_match
asf,,,,I,L,Auslan,False,True,,no_match,asf,exact_iso3,,no_match
asg,,,,I,L,Cishingini,False,True,asg_Latn,exact,asg,exact_iso3,,no_match
ash,,,,I,E,Abishira,False,False,,no_match,ash,exact_iso3,,no_match
asi,,,,I,L,Buruwai,False,True,,no_match,asi,exact_iso3,,no_match
asj,,,,I,L,Sari,False,True,,no_match,asj,exact_iso3,,no_match
ask,,,,I,L,Ashkun,False,True,,no_match,ask,exact_iso3,,no_match
asl,,,,I,L,Asilulu,False,True,,no_match,asl,exact_iso3,,no_match
asm,asm,asm,as,I,L,Assamese,False,True,asm_Beng;asm_Latn,multi_script,asm;as,matched_multiple:iso3+iso1,as,matched_via_bcp47
asn,,,,I,L,Xingú Asuriní,False,True,,no_match,asn,exact_iso3,,no_match
aso,,,,I,L,Dano,False,True,aso_Latn,exact,aso,exact_iso3,,no_match
asp,,,,I,L,Algerian Sign Language,False,True,,no_match,asp,exact_iso3,,no_match
asq,,,,I,L,Austrian Sign Language,False,True,,no_match,asq,exact_iso3,,no_match
asr,,,,I,L,Asuri,False,True,,no_match,asr,exact_iso3,,no_match
ass,,,,I,L,Ipulo,False,True,,no_match,ass,exact_iso3,,no_match
ast,ast,ast,,I,L,Asturian,False,True,ast_Latn,exact,ast,exact_iso3,ast,exact_iso3
asu,,,,I,L,Tocantins Asurini,False,True,,no_match,asu,exact_iso3,,no_match
asv,,,,I,L,Asoa,False,True,,no_match,asv,exact_iso3,,no_match
asw,,,,I,L,Australian Aborigines Sign Language,False,True,,no_match,asw,exact_iso3,,no_match
asx,,,,I,L,Muratayak,False,True,,no_match,asx,exact_iso3,,no_match
asy,,,,I,L,Yaosakor Asmat,False,True,,no_match,asy,exact_iso3,,no_match
asz,,,,I,L,As,False,True,,no_match,asz,exact_iso3,,no_match
ata,,,,I,L,Pele-Ata,False,True,ata_Latn,exact,ata,exact_iso3,,no_match
atb,,,,I,L,Zaiwa,False,True,atb_Latn,exact,atb,exact_iso3,,no_match
atc,,,,I,E,Atsahuaca,False,False,,no_match,atc,exact_iso3,,no_match
atd,,,,I,L,Ata Manobo,False,True,atd_Latn,exact,atd,exact_iso3,,no_match
ate,,,,I,L,Atemble,False,True,,no_match,ate,exact_iso3,,no_match
atg,,,,I,L,Ivbie North-Okpela-Arhe,False,True,atg_Latn,exact,atg,exact_iso3,,no_match
ati,,,,I,L,Attié,False,True,ati_Latn,exact,ati,exact_iso3,,no_match
atj,,,,I,L,Atikamekw,False,True,atj_Latn,exact,atj,exact_iso3,,no_match
atk,,,,I,L,Ati,False,True,,no_match,atk,exact_iso3,,no_match
atl,,,,I,L,Mt. Iraya Agta,False,True,,no_match,atl,exact_iso3,,no_match
atm,,,,I,L,Ata,False,True,,no_match,atm,exact_iso3,,no_match
atn,,,,I,L,Ashtiani,False,True,,no_match,atn,exact_iso3,,no_match
ato,,,,I,L,Atong (Cameroon),False,True,,no_match,ato,exact_iso3,,no_match
atp,,,,I,L,Pudtol Atta,False,True,,no_match,atp,exact_iso3,,no_match
atq,,,,I,L,Aralle-Tabulahan,False,True,atq_Latn,exact,atq,exact_iso3,,no_match
atr,,,,I,L,Waimiri-Atroari,False,True,,no_match,atr,exact_iso3,,no_match
ats,,,,I,L,Gros Ventre,False,True,,no_match,ats,exact_iso3,,no_match
att,,,,I,L,Pamplona Atta,False,True,att_Latn,exact,att,exact_iso3,,no_match
atu,,,,I,L,Reel,False,True,,no_match,atu,exact_iso3,,no_match
atv,,,,I,L,Northern Altai,False,True,,no_match,atv,exact_iso3,,no_match
atw,,,,I,L,Atsugewi,False,True,,no_match,atw,exact_iso3,,no_match
atx,,,,I,L,Arutani,False,True,,no_match,atx,exact_iso3,,no_match
aty,,,,I,L,Aneityum,False,True,,no_match,aty,exact_iso3,,no_match
atz,,,,I,L,Arta,False,True,,no_match,atz,exact_iso3,,no_match
aua,,,,I,L,Asumboa,False,True,,no_match,aua,exact_iso3,,no_match
aub,,,,I,L,Alugu,False,True,,no_match,aub,exact_iso3,,no_match
auc,,,,I,L,Waorani,False,True,auc_Latn,exact,auc,exact_iso3,,no_match
aud,,,,I,L,Anuta,False,True,,no_match,aud,exact_iso3,,no_match
aug,,,,I,L,Aguna,False,True,,no_match,aug,exact_iso3,,no_match
auh,,,,I,L,Aushi,False,True,,no_match,auh,exact_iso3,,no_match
aui,,,,I,L,Anuki,False,True,aui_Latn,exact,aui,exact_iso3,,no_match
auj,,,,I,L,Awjilah,False,True,,no_match,auj,exact_iso3,,no_match
auk,,,,I,L,Heyo,False,True,,no_match,auk,exact_iso3,,no_match
aul,,,,I,L,Aulua,False,True,,no_match,aul,exact_iso3,,no_match
aum,,,,I,L,Asu (Nigeria),False,True,,no_match,aum,exact_iso3,,no_match
aun,,,,I,L,Molmo One,False,True,,no_match,aun,exact_iso3,,no_match
auo,,,,I,E,Auyokawa,False,False,,no_match,auo,exact_iso3,,no_match
aup,,,,I,L,Makayam,False,True,,no_match,aup,exact_iso3,,no_match
auq,,,,I,L,Anus,False,True,,no_match,auq,exact_iso3,,no_match
aur,,,,I,L,Aruek,False,True,,no_match,aur,exact_iso3,,no_match
aut,,,,I,L,Austral,False,True,,no_match,aut,exact_iso3,,no_match
auu,,,,I,L,Auye,False,True,,no_match,auu,exact_iso3,,no_match
auw,,,,I,L,Awyi,False,True,,no_match,auw,exact_iso3,,no_match
aux,,,,I,E,Aurá,False,False,,no_match,aux,exact_iso3,,no_match
auy,,,,I,L,Awiyaana,False,True,auy_Latn,exact,auy,exact_iso3,,no_match
auz,,,,I,L,Uzbeki Arabic,False,True,,no_match,auz,exact_iso3,,no_match
ava,ava,ava,av,I,L,Avaric,False,True,ava_Cyrl,exact,ava;av,matched_multiple:iso3+iso1,,no_match
avb,,,,I,L,Avau,False,True,,no_match,avb,exact_iso3,,no_match
avd,,,,I,L,Alviri-Vidari,False,True,,no_match,avd,exact_iso3,,no_match
ave,ave,ave,ae,I,H,Avestan,False,False,,no_match,ave;ae,matched_multiple:iso3+iso1,,no_match
avi,,,,I,L,Avikam,False,True,,no_match,avi,exact_iso3,,no_match
avk,,,,I,C,Kotava,False,False,avk_Latn,exact,avk,exact_iso3,,no_match
avl,,,,I,L,Eastern Egyptian Bedawi Arabic,False,True,,no_match,avl,exact_iso3,,no_match
avm,,,,I,E,Angkamuthi,False,False,,no_match,avm,exact_iso3,,no_match
avn,,,,I,L,Avatime,False,True,avn_Latn,exact,avn,exact_iso3,,no_match
avo,,,,I,E,Agavotaguerra,False,False,,no_match,avo,exact_iso3,,no_match
avs,,,,I,E,Aushiri,False,False,,no_match,avs,exact_iso3,,no_match
avt,,,,I,L,Au,False,True,avt_Latn,exact,avt,exact_iso3,,no_match
avu,,,,I,L,Avokaya,False,True,avu_Latn,exact,avu,exact_iso3,,no_match
avv,,,,I,L,Avá-Canoeiro,False,True,,no_match,avv,exact_iso3,,no_match
awa,awa,awa,,I,L,Awadhi,False,True,awa_Deva,exact,awa,exact_iso3,,no_match
awb,,,,I,L,Awa (Papua New Guinea),False,True,awb_Latn,exact,awb,exact_iso3,,no_match
awc,,,,I,L,Cicipu,False,True,,no_match,awc,exact_iso3,,no_match
awe,,,,I,L,Awetí,False,True,,no_match,awe,exact_iso3,,no_match
awg,,,,I,E,Anguthimri,False,False,,no_match,awg,exact_iso3,,no_match
awh,,,,I,L,Awbono,False,True,,no_match,awh,exact_iso3,,no_match
awi,,,,I,L,Aekyom,False,True,,no_match,awi,exact_iso3,,no_match
awk,,,,I,E,Awabakal,False,False,,no_match,awk,exact_iso3,,no_match
awm,,,,I,L,Arawum,False,True,,no_match,awm,exact_iso3,,no_match
awn,,,,I,L,Awngi,False,True,,no_match,awn,exact_iso3,,no_match
awo,,,,I,L,Awak,False,True,,no_match,awo,exact_iso3,,no_match
awr,,,,I,L,Awera,False,True,,no_match,awr,exact_iso3,,no_match
aws,,,,I,L,South Awyu,False,True,,no_match,aws,exact_iso3,,no_match
awt,,,,I,L,Araweté,False,True,,no_match,awt,exact_iso3,,no_match
awu,,,,I,L,Central Awyu,False,True,,no_match,awu,exact_iso3,,no_match
awv,,,,I,L,Jair Awyu,False,True,,no_match,awv,exact_iso3,,no_match
aww,,,,I,L,Awun,False,True,,no_match,aww,exact_iso3,,no_match
awx,,,,I,L,Awara,False,True,awx_Latn,exact,awx,exact_iso3,,no_match
awy,,,,I,L,Edera Awyu,False,True,,no_match,awy,exact_iso3,,no_match
axb,,,,I,E,Abipon,False,False,,no_match,axb,exact_iso3,,no_match
axe,,,,I,E,Ayerrerenge,False,False,,no_match,axe,exact_iso3,,no_match
axg,,,,I,E,Mato Grosso Arára,False,False,,no_match,axg,exact_iso3,,no_match
axk,,,,I,L,Yaka (Central African Republic),False,True,,no_match,axk,exact_iso3,,no_match
axl,,,,I,E,Lower Southern Aranda,False,False,,no_match,axl,exact_iso3,,no_match
axm,,,,I,H,Middle Armenian,False,False,,no_match,axm,exact_iso3,,no_match
axx,,,,I,L,Xârâgurè,False,True,,no_match,axx,exact_iso3,,no_match
aya,,,,I,L,Awar,False,True,,no_match,aya,exact_iso3,,no_match
ayb,,,,I,L,Ayizo Gbe,False,True,,no_match,ayb,exact_iso3,,no_match
ayc,,,,I,L,Southern Aymara,False,True,,no_match,ayc,exact_iso3,,no_match
ayd,,,,I,E,Ayabadhu,False,False,,no_match,ayd,exact_iso3,,no_match
aye,,,,I,L,Ayere,False,True,,no_match,aye,exact_iso3,,no_match
ayg,,,,I,L,Ginyanga,False,True,,no_match,ayg,exact_iso3,,no_match
ayh,,,,I,L,Hadrami Arabic,False,True,,no_match,ayh,exact_iso3,,no_match
ayi,,,,I,L,Leyigha,False,True,,no_match,ayi,exact_iso3,,no_match
ayk,,,,I,L,Akuku,False,True,,no_match,ayk,exact_iso3,,no_match
ayl,,,,I,L,Libyan Arabic,False,True,,no_match,ayl,exact_iso3,,no_match
aym,aym,aym,ay,M,L,Aymara,True,True,,no_match,aym;ay,matched_multiple:iso3+iso1,,no_match
ayn,,,,I,L,Sanaani Arabic,False,True,,no_match,ayn,exact_iso3,,no_match
ayo,,,,I,L,Ayoreo,False,True,ayo_Latn,exact,ayo,exact_iso3,,no_match
ayp,,,,I,L,North Mesopotamian Arabic,False,True,ayp_Arab,exact,ayp,exact_iso3,,no_match
ayq,,,,I,L,Ayi (Papua New Guinea),False,True,,no_match,ayq,exact_iso3,,no_match
ayr,,,,I,L,Central Aymara,False,True,ayr_Latn,exact,ayr,exact_iso3,,no_match
ays,,,,I,L,Sorsogon Ayta,False,True,,no_match,ays,exact_iso3,,no_match
ayt,,,,I,L,Magbukun Ayta,False,True,,no_match,ayt,exact_iso3,,no_match
ayu,,,,I,L,Ayu,False,True,,no_match,ayu,exact_iso3,,no_match
ayz,,,,I,L,Mai Brat,False,True,,no_match,ayz,exact_iso3,,no_match
aza,,,,I,L,Azha,False,True,,no_match,aza,exact_iso3,,no_match
azb,,,,I,L,South Azerbaijani,False,True,azb_Arab,exact,azb,exact_iso3,,no_match
azd,,,,I,L,Eastern Durango Nahuatl,False,True,,no_match,azd,exact_iso3,,no_match
aze,aze,aze,az,M,L,Azerbaijani,True,True,,no_match,aze;az,matched_multiple:iso3+iso1,az,matched_via_bcp47
azg,,,,I,L,San Pedro Amuzgos Amuzgo,False,True,azg_Latn,exact,azg,exact_iso3,,no_match
azj,,,,I,L,North Azerbaijani,False,True,azj_Cyrl;azj_Latn,multi_script,azj,exact_iso3,,no_match
azm,,,,I,L,Ipalapa Amuzgo,False,True,,no_match,azm,exact_iso3,,no_match
azn,,,,I,L,Western Durango Nahuatl,False,True,,no_match,azn,exact_iso3,,no_match
azo,,,,I,L,Awing,False,True,,no_match,azo,exact_iso3,,no_match
azt,,,,I,L,Faire Atta,False,True,,no_match,azt,exact_iso3,,no_match
azz,,,,I,L,Highland Puebla Nahuatl,False,True,azz_Latn,exact,azz,exact_iso3,azz,exact_iso3
baa,,,,I,L,Babatana,False,True,,no_match,baa,exact_iso3,,no_match
bab,,,,I,L,Bainouk-Gunyuño,False,True,,no_match,bab,exact_iso3,,no_match
bac,,,,I,L,Badui,False,True,,no_match,bac,exact_iso3,,no_match
bae,,,,I,E,Baré,False,False,,no_match,bae,exact_iso3,,no_match
baf,,,,I,L,Nubaca,False,True,,no_match,baf,exact_iso3,,no_match
bag,,,,I,L,Tuki,False,True,,no_match,bag,exact_iso3,bag,exact_iso3
bah,,,,I,L,Bahamas Creole English,False,True,,no_match,bah,exact_iso3,,no_match
baj,,,,I,L,Barakai,False,True,,no_match,baj,exact_iso3,,no_match
bak,bak,bak,ba,I,L,Bashkir,False,True,bak_Cyrl,exact,bak;ba,matched_multiple:iso3+iso1,ba,matched_via_bcp47
bal,bal,bal,,M,L,Baluchi,True,True,,no_match,bal,exact_iso3,bal,exact_iso3
bam,bam,bam,bm,I,L,Bambara,False,True,bam_Latn,exact,bam;bm,matched_multiple:iso3+iso1,bm,matched_via_bcp47
ban,ban,ban,,I,L,Balinese,False,True,ban_Latn,exact,ban,exact_iso3,,no_match
bao,,,,I,L,Waimaha,False,True,bao_Latn,exact,bao,exact_iso3,,no_match
bap,,,,I,L,Bantawa,False,True,,no_match,bap,exact_iso3,,no_match
bar,,,,I,L,Bavarian,False,True,bar_Latn,exact,bar,exact_iso3,,no_match
bas,bas,bas,,I,L,Basa (Cameroon),False,True,bas_Latn,exact,bas,exact_iso3,bas,exact_iso3
bau,,,,I,L,Bada (Nigeria),False,True,,no_match,bau,exact_iso3,,no_match
bav,,,,I,L,Vengo,False,True,bav_Latn,exact,bav,exact_iso3,,no_match
baw,,,,I,L,Bambili-Bambui,False,True,,no_match,baw,exact_iso3,,no_match
bax,,,,I,L,Bamun,False,True,,no_match,bax,exact_iso3,bax,exact_iso3
bay,,,,I,L,Batuley,False,True,,no_match,bay,exact_iso3,,no_match
bba,,,,I,L,Baatonum,False,True,bba_Latn,exact,bba,exact_iso3,bba,exact_iso3
bbb,,,,I,L,Barai,False,True,bbb_Latn,exact,bbb,exact_iso3,,no_match
bbc,,,,I,L,Batak Toba,False,True,bbc_Latn,exact,bbc,exact_iso3,,no_match
bbd,,,,I,L,Bau,False,True,,no_match,bbd,exact_iso3,,no_match
bbe,,,,I,L,Bangba,False,True,,no_match,bbe,exact_iso3,,no_match
bbf,,,,I,L,Baibai,False,True,,no_match,bbf,exact_iso3,,no_match
bbg,,,,I,L,Barama,False,True,,no_match,bbg,exact_iso3,,no_match
bbh,,,,I,L,Bugan,False,True,,no_match,bbh,exact_iso3,,no_match
bbi,,,,I,L,Barombi,False,True,,no_match,bbi,exact_iso3,,no_match
bbj,,,,I,L,Ghomálá',False,True,bbj_Latn,exact,bbj,exact_iso3,bbj,exact_iso3
bbk,,,,I,L,Babanki,False,True,bbk_Latn,exact,bbk,exact_iso3,,no_match
bbl,,,,I,L,Bats,False,True,,no_match,bbl,exact_iso3,bbl,exact_iso3
bbm,,,,I,L,Babango,False,True,,no_match,bbm,exact_iso3,,no_match
bbn,,,,I,L,Uneapa,False,True,,no_match,bbn,exact_iso3,,no_match
bbo,,,,I,L,Northern Bobo Madaré,False,True,bbo_Latn,exact,bbo,exact_iso3,,no_match
bbp,,,,I,L,West Central Banda,False,True,,no_match,bbp,exact_iso3,,no_match
bbq,,,,I,L,Bamali,False,True,,no_match,bbq,exact_iso3,,no_match
bbr,,,,I,L,Girawa,False,True,bbr_Latn,exact,bbr,exact_iso3,,no_match
bbs,,,,I,L,Bakpinka,False,True,,no_match,bbs,exact_iso3,,no_match
bbt,,,,I,L,Mburku,False,True,,no_match,bbt,exact_iso3,,no_match
bbu,,,,I,L,Kulung (Nigeria),False,True,,no_match,bbu,exact_iso3,,no_match
bbv,,,,I,L,Karnai,False,True,,no_match,bbv,exact_iso3,,no_match
bbw,,,,I,L,Baba,False,True,,no_match,bbw,exact_iso3,,no_match
bbx,,,,I,L,Bubia,False,True,,no_match,bbx,exact_iso3,,no_match
bby,,,,I,L,Befang,False,True,,no_match,bby,exact_iso3,,no_match
bca,,,,I,L,Central Bai,False,True,,no_match,bca,exact_iso3,,no_match
bcb,,,,I,L,Bainouk-Samik,False,True,,no_match,bcb,exact_iso3,,no_match
bcc,,,,I,L,Southern Balochi,False,True,,no_match,bcc,exact_iso3,,no_match
bcd,,,,I,L,North Babar,False,True,,no_match,bcd,exact_iso3,,no_match
bce,,,,I,L,Bamenyam,False,True,,no_match,bce,exact_iso3,bce,exact_iso3
bcf,,,,I,L,Bamu,False,True,,no_match,bcf,exact_iso3,,no_match
bcg,,,,I,L,Baga Pokur,False,True,,no_match,bcg,exact_iso3,,no_match
bch,,,,I,L,Bariai,False,True,bch_Latn,exact,bch,exact_iso3,,no_match
bci,,,,I,L,Baoulé,False,True,bci_Latn,exact,bci,exact_iso3,bci,exact_iso3
bcj,,,,I,L,Bardi,False,True,,no_match,bcj,exact_iso3,,no_match
bck,,,,I,L,Bunuba,False,True,,no_match,bck,exact_iso3,,no_match
bcl,,,,I,L,Central Bikol,False,True,bcl_Latn,exact,bcl,exact_iso3,,no_match
bcm,,,,I,L,Bannoni,False,True,,no_match,bcm,exact_iso3,,no_match
bcn,,,,I,L,Bali (Nigeria),False,True,,no_match,bcn,exact_iso3,,no_match
bco,,,,I,L,Kaluli,False,True,bco_Latn,exact,bco,exact_iso3,,no_match
bcp,,,,I,L,Bali (Democratic Republic of Congo),False,True,,no_match,bcp,exact_iso3,,no_match
bcq,,,,I,L,Bench,False,True,,no_match,bcq,exact_iso3,,no_match
bcr,,,,I,L,Babine,False,True,,no_match,bcr,exact_iso3,,no_match
bcs,,,,I,L,Kohumono,False,True,,no_match,bcs,exact_iso3,,no_match
bct,,,,I,L,Bendi,False,True,,no_match,bct,exact_iso3,,no_match
bcu,,,,I,L,Awad Bing,False,True,,no_match,bcu,exact_iso3,,no_match
bcv,,,,I,L,Shoo-Minda-Nye,False,True,,no_match,bcv,exact_iso3,,no_match
bcw,,,,I,L,Bana,False,True,bcw_Latn,exact,bcw,exact_iso3,,no_match
bcy,,,,I,L,Bacama,False,True,,no_match,bcy,exact_iso3,,no_match
bcz,,,,I,L,Bainouk-Gunyaamolo,False,True,,no_match,bcz,exact_iso3,,no_match
bda,,,,I,L,Bayot,False,True,,no_match,bda,exact_iso3,,no_match
bdb,,,,I,L,Basap,False,True,,no_match,bdb,exact_iso3,,no_match
bdc,,,,I,L,Emberá-Baudó,False,True,,no_match,bdc,exact_iso3,,no_match
bdd,,,,I,L,Bunama,False,True,bdd_Latn,exact,bdd,exact_iso3,,no_match
bde,,,,I,L,Bade,False,True,,no_match,bde,exact_iso3,,no_match
bdf,,,,I,L,Biage,False,True,,no_match,bdf,exact_iso3,,no_match
bdg,,,,I,L,Bonggi,False,True,,no_match,bdg,exact_iso3,,no_match
bdh,,,,I,L,Baka (South Sudan),False,True,bdh_Latn,exact,bdh,exact_iso3,,no_match
bdi,,,,I,L,Burun,False,True,,no_match,bdi,exact_iso3,,no_match
bdj,,,,I,L,Bai (South Sudan),False,True,,no_match,bdj,exact_iso3,,no_match
bdk,,,,I,L,Budukh,False,True,,no_match,bdk,exact_iso3,,no_match
bdl,,,,I,L,Indonesian Bajau,False,True,,no_match,bdl,exact_iso3,,no_match
bdm,,,,I,L,Buduma,False,True,,no_match,bdm,exact_iso3,,no_match
bdn,,,,I,L,Baldemu,False,True,,no_match,bdn,exact_iso3,,no_match
bdo,,,,I,L,Morom,False,True,,no_match,bdo,exact_iso3,,no_match
bdp,,,,I,L,Bende,False,True,,no_match,bdp,exact_iso3,,no_match
bdq,,,,I,L,Bahnar,False,True,bdq_Latn,exact,bdq,exact_iso3,,no_match
bdr,,,,I,L,West Coast Bajau,False,True,,no_match,bdr,exact_iso3,,no_match
bds,,,,I,L,Burunge,False,True,,no_match,bds,exact_iso3,,no_match
bdt,,,,I,L,Bokoto,False,True,,no_match,bdt,exact_iso3,,no_match
bdu,,,,I,L,Oroko,False,True,,no_match,bdu,exact_iso3,,no_match
bdv,,,,I,L,Bodo Parja,False,True,,no_match,bdv,exact_iso3,,no_match
bdw,,,,I,L,Baham,False,True,,no_match,bdw,exact_iso3,,no_match
bdx,,,,I,L,Budong-Budong,False,True,,no_match,bdx,exact_iso3,,no_match
bdy,,,,I,L,Bandjalang,False,True,,no_match,bdy,exact_iso3,,no_match
bdz,,,,I,L,Badeshi,False,True,,no_match,bdz,exact_iso3,,no_match
bea,,,,I,L,Beaver,False,True,bea_Latn,exact,bea,exact_iso3,,no_match
beb,,,,I,L,Bebele,False,True,,no_match,beb,exact_iso3,beb,exact_iso3
bec,,,,I,L,Iceve-Maci,False,True,,no_match,bec,exact_iso3,,no_match
bed,,,,I,L,Bedoanas,False,True,,no_match,bed,exact_iso3,,no_match
bee,,,,I,L,Byangsi,False,True,,no_match,bee,exact_iso3,,no_match
bef,,,,I,L,Benabena,False,True,bef_Latn,exact,bef,exact_iso3,,no_match
beg,,,,I,L,Belait,False,True,,no_match,beg,exact_iso3,,no_match
beh,,,,I,L,Biali,False,True,,no_match,beh,exact_iso3,,no_match
bei,,,,I,L,Bekati',False,True,,no_match,bei,exact_iso3,,no_match
bej,bej,bej,,I,L,Beja,False,True,,no_match,bej,exact_iso3,,no_match
bek,,,,I,L,Bebeli,False,True,,no_match,bek,exact_iso3,,no_match
bel,bel,bel,be,I,L,Belarusian,False,True,bel_Cyrl,exact,bel;be,matched_multiple:iso3+iso1,be,matched_via_bcp47
bem,bem,bem,,I,L,Bemba (Zambia),False,True,bem_Latn,exact,bem,exact_iso3,,no_match
ben,ben,ben,bn,I,L,Bengali,False,True,ben_Beng;ben_Latn,multi_script,ben;bn,matched_multiple:iso3+iso1,bn,matched_via_bcp47
beo,,,,I,L,Beami,False,True,,no_match,beo,exact_iso3,,no_match
bep,,,,I,L,Besoa,False,True,,no_match,bep,exact_iso3,,no_match
beq,,,,I,L,Beembe,False,True,beq_Latn,exact,beq,exact_iso3,,no_match
bes,,,,I,L,Besme,False,True,,no_match,bes,exact_iso3,,no_match
bet,,,,I,L,Guiberoua Béte,False,True,,no_match,bet,exact_iso3,,no_match
beu,,,,I,L,Blagar,False,True,,no_match,beu,exact_iso3,,no_match
bev,,,,I,L,Daloa Bété,False,True,,no_match,bev,exact_iso3,,no_match
bew,,,,I,L,Betawi,False,True,bew_Latn,exact,bew,exact_iso3,bew,exact_iso3
bex,,,,I,L,Jur Modo,False,True,bex_Latn,exact,bex,exact_iso3,,no_match
bey,,,,I,L,Beli (Papua New Guinea),False,True,,no_match,bey,exact_iso3,,no_match
bez,,,,I,L,Bena (Tanzania),False,True,,no_match,bez,exact_iso3,,no_match
bfa,,,,I,L,Bari,False,True,,no_match,bfa,exact_iso3,,no_match
bfb,,,,I,L,Pauri Bareli,False,True,,no_match,bfb,exact_iso3,,no_match
bfc,,,,I,L,Panyi Bai,False,True,,no_match,bfc,exact_iso3,,no_match
bfd,,,,I,L,Bafut,False,True,bfd_Latn,exact,bfd,exact_iso3,bfd,exact_iso3
bfe,,,,I,L,Betaf,False,True,,no_match,bfe,exact_iso3,,no_match
bff,,,,I,L,Bofi,False,True,,no_match,bff,exact_iso3,,no_match
bfg,,,,I,L,Busang Kayan,False,True,,no_match,bfg,exact_iso3,,no_match
bfh,,,,I,L,Blafe,False,True,,no_match,bfh,exact_iso3,,no_match
bfi,,,,I,L,British Sign Language,False,True,,no_match,bfi,exact_iso3,,no_match
bfj,,,,I,L,Bafanji,False,True,,no_match,bfj,exact_iso3,,no_match
bfk,,,,I,L,Ban Khor Sign Language,False,True,,no_match,bfk,exact_iso3,,no_match
bfl,,,,I,L,Banda-Ndélé,False,True,,no_match,bfl,exact_iso3,,no_match
bfm,,,,I,L,Mmen,False,True,,no_match,bfm,exact_iso3,,no_match
bfn,,,,I,L,Bunak,False,True,,no_match,bfn,exact_iso3,,no_match
bfo,,,,I,L,Malba Birifor,False,True,bfo_Latn,exact,bfo,exact_iso3,,no_match
bfp,,,,I,L,Beba,False,True,,no_match,bfp,exact_iso3,,no_match
bfq,,,,I,L,Badaga,False,True,,no_match,bfq,exact_iso3,bfq,exact_iso3
bfr,,,,I,L,Bazigar,False,True,,no_match,bfr,exact_iso3,,no_match
bfs,,,,I,L,Southern Bai,False,True,,no_match,bfs,exact_iso3,,no_match
bft,,,,I,L,Balti,False,True,,no_match,bft,exact_iso3,bft,exact_iso3
bfu,,,,I,L,Gahri,False,True,,no_match,bfu,exact_iso3,,no_match
bfw,,,,I,L,Bondo,False,True,,no_match,bfw,exact_iso3,,no_match
bfx,,,,I,L,Bantayanon,False,True,,no_match,bfx,exact_iso3,,no_match
bfy,,,,I,L,Bagheli,False,True,,no_match,bfy,exact_iso3,,no_match
bfz,,,,I,L,Mahasu Pahari,False,True,,no_match,bfz,exact_iso3,,no_match
bga,,,,I,L,Gwamhi-Wuri,False,True,,no_match,bga,exact_iso3,,no_match
bgb,,,,I,L,Bobongko,False,True,,no_match,bgb,exact_iso3,,no_match
bgc,,,,I,L,Haryanvi,False,True,,no_match,bgc,exact_iso3,,no_match
bgd,,,,I,L,Rathwi Bareli,False,True,,no_match,bgd,exact_iso3,,no_match
bge,,,,I,L,Bauria,False,True,,no_match,bge,exact_iso3,,no_match
bgf,,,,I,L,Bangandu,False,True,,no_match,bgf,exact_iso3,,no_match
bgg,,,,I,L,Bugun,False,True,,no_match,bgg,exact_iso3,,no_match
bgi,,,,I,L,Giangan,False,True,,no_match,bgi,exact_iso3,,no_match
bgj,,,,I,L,Bangolan,False,True,,no_match,bgj,exact_iso3,,no_match
bgk,,,,I,L,Bit,False,True,,no_match,bgk,exact_iso3,,no_match
bgl,,,,I,L,Bo (Laos),False,True,,no_match,bgl,exact_iso3,,no_match
bgn,,,,I,L,Western Balochi,False,True,,no_match,bgn,exact_iso3,,no_match
bgo,,,,I,L,Baga Koga,False,True,,no_match,bgo,exact_iso3,,no_match
bgp,,,,I,L,Eastern Balochi,False,True,,no_match,bgp,exact_iso3,bgp,exact_iso3
bgq,,,,I,L,Bagri,False,True,,no_match,bgq,exact_iso3,,no_match
bgr,,,,I,L,Bawm Chin,False,True,bgr_Latn,exact,bgr,exact_iso3,,no_match
bgs,,,,I,L,Tagabawa,False,True,bgs_Latn,exact,bgs,exact_iso3,,no_match
bgt,,,,I,L,Bughotu,False,True,bgt_Latn,exact,bgt,exact_iso3,,no_match
bgu,,,,I,L,Mbongno,False,True,,no_match,bgu,exact_iso3,,no_match
bgv,,,,I,L,Warkay-Bipim,False,True,,no_match,bgv,exact_iso3,,no_match
bgw,,,,I,L,Bhatri,False,True,,no_match,bgw,exact_iso3,,no_match
bgx,,,,I,L,Balkan Gagauz Turkish,False,True,,no_match,bgx,exact_iso3,,no_match
bgy,,,,I,L,Benggoi,False,True,,no_match,bgy,exact_iso3,,no_match
bgz,,,,I,L,Banggai,False,True,bgz_Latn,exact,bgz,exact_iso3,,no_match
bha,,,,I,L,Bharia,False,True,,no_match,bha,exact_iso3,,no_match
bhb,,,,I,L,Bhili,False,True,,no_match,bhb,exact_iso3,,no_match
bhc,,,,I,L,Biga,False,True,,no_match,bhc,exact_iso3,,no_match
bhd,,,,I,L,Bhadrawahi,False,True,,no_match,bhd,exact_iso3,,no_match
bhe,,,,I,L,Bhaya,False,True,,no_match,bhe,exact_iso3,,no_match
bhf,,,,I,L,Odiai,False,True,,no_match,bhf,exact_iso3,,no_match
bhg,,,,I,L,Binandere,False,True,bhg_Latn,exact,bhg,exact_iso3,,no_match
bhh,,,,I,L,Bukharic,False,True,,no_match,bhh,exact_iso3,,no_match
bhi,,,,I,L,Bhilali,False,True,,no_match,bhi,exact_iso3,,no_match
bhj,,,,I,L,Bahing,False,True,,no_match,bhj,exact_iso3,,no_match
bhl,,,,I,L,Bimin,False,True,bhl_Latn,exact,bhl,exact_iso3,,no_match
bhm,,,,I,L,Bathari,False,True,,no_match,bhm,exact_iso3,,no_match
bhn,,,,I,L,Bohtan Neo-Aramaic,False,True,,no_match,bhn,exact_iso3,,no_match
bho,bho,bho,,I,L,Bhojpuri,False,True,bho_Deva,exact,bho,exact_iso3,,no_match
bhp,,,,I,L,Bima,False,True,bhp_Latn,exact,bhp,exact_iso3,,no_match
bhq,,,,I,L,Tukang Besi South,False,True,,no_match,bhq,exact_iso3,,no_match
bhr,,,,I,L,Bara Malagasy,False,True,,no_match,bhr,exact_iso3,,no_match
bhs,,,,I,L,Buwal,False,True,,no_match,bhs,exact_iso3,,no_match
bht,,,,I,L,Bhattiyali,False,True,,no_match,bht,exact_iso3,,no_match
bhu,,,,I,L,Bhunjia,False,True,,no_match,bhu,exact_iso3,,no_match
bhv,,,,I,L,Bahau,False,True,,no_match,bhv,exact_iso3,,no_match
bhw,,,,I,L,Biak,False,True,bhw_Latn,exact,bhw,exact_iso3,,no_match
bhx,,,,I,L,Bhalay,False,True,,no_match,bhx,exact_iso3,,no_match
bhy,,,,I,L,Bhele,False,True,,no_match,bhy,exact_iso3,,no_match
bhz,,,,I,L,Bada (Indonesia),False,True,bhz_Latn,exact,bhz,exact_iso3,,no_match
bia,,,,I,L,Badimaya,False,True,,no_match,bia,exact_iso3,,no_match
bib,,,,I,L,Bissa,False,True,bib_Latn,exact,bib,exact_iso3,,no_match
bid,,,,I,L,Bidiyo,False,True,,no_match,bid,exact_iso3,,no_match
bie,,,,I,L,Bepour,False,True,,no_match,bie,exact_iso3,,no_match
bif,,,,I,L,Biafada,False,True,,no_match,bif,exact_iso3,,no_match
big,,,,I,L,Biangai,False,True,big_Latn,exact,big,exact_iso3,,no_match
bik,bik,bik,,M,L,Bikol,True,True,,no_match,bik,exact_iso3,,no_match
bil,,,,I,L,Bile,False,True,,no_match,bil,exact_iso3,,no_match
bim,,,,I,L,Bimoba,False,True,bim_Latn,exact,bim,exact_iso3,,no_match
bin,bin,bin,,I,L,Bini,False,True,bin_Latn,exact,bin,exact_iso3,bin,exact_iso3
bio,,,,I,L,Nai,False,True,,no_match,bio,exact_iso3,,no_match
bip,,,,I,L,Bila,False,True,,no_match,bip,exact_iso3,,no_match
biq,,,,I,L,Bipi,False,True,,no_match,biq,exact_iso3,,no_match
bir,,,,I,L,Bisorio,False,True,,no_match,bir,exact_iso3,,no_match
bis,bis,bis,bi,I,L,Bislama,False,True,bis_Latn,exact,bis;bi,matched_multiple:iso3+iso1,,no_match
bit,,,,I,L,Berinomo,False,True,,no_match,bit,exact_iso3,,no_match
biu,,,,I,L,Biete,False,True,biu_Latn,exact,biu,exact_iso3,,no_match
biv,,,,I,L,Southern Birifor,False,True,biv_Latn,exact,biv,exact_iso3,,no_match
biw,,,,I,L,Kol (Cameroon),False,True,,no_match,biw,exact_iso3,,no_match
bix,,,,I,L,Bijori,False,True,,no_match,bix,exact_iso3,,no_match
biy,,,,I,L,Birhor,False,True,,no_match,biy,exact_iso3,,no_match
biz,,,,I,L,Baloi,False,True,,no_match,biz,exact_iso3,,no_match
bja,,,,I,L,Budza,False,True,,no_match,bja,exact_iso3,,no_match
bjb,,,,I,E,Banggarla,False,False,,no_match,bjb,exact_iso3,,no_match
bjc,,,,I,L,Bariji,False,True,,no_match,bjc,exact_iso3,,no_match
bje,,,,I,L,Biao-Jiao Mien,False,True,,no_match,bje,exact_iso3,,no_match
bjf,,,,I,L,Barzani Jewish Neo-Aramaic,False,True,,no_match,bjf,exact_iso3,,no_match
bjg,,,,I,L,Bidyogo,False,True,,no_match,bjg,exact_iso3,,no_match
bjh,,,,I,L,Bahinemo,False,True,,no_match,bjh,exact_iso3,,no_match
bji,,,,I,L,Burji,False,True,,no_match,bji,exact_iso3,,no_match
bjj,,,,I,L,Kanauji,False,True,,no_match,bjj,exact_iso3,,no_match
bjk,,,,I,L,Barok,False,True,,no_match,bjk,exact_iso3,,no_match
bjl,,,,I,L,Bulu (Papua New Guinea),False,True,,no_match,bjl,exact_iso3,,no_match
bjm,,,,I,L,Bajelani,False,True,,no_match,bjm,exact_iso3,,no_match
bjn,,,,I,L,Banjar,False,True,bjn_Arab;bjn_Latn,multi_script,bjn,exact_iso3,,no_match
bjo,,,,I,L,Mid-Southern Banda,False,True,,no_match,bjo,exact_iso3,,no_match
bjp,,,,I,L,Fanamaket,False,True,bjp_Latn,exact,bjp,exact_iso3,,no_match
bjr,,,,I,L,Binumarien,False,True,bjr_Latn,exact,bjr,exact_iso3,,no_match
bjs,,,,I,L,Bajan,False,True,,no_match,bjs,exact_iso3,,no_match
bjt,,,,I,L,Balanta-Ganja,False,True,,no_match,bjt,exact_iso3,,no_match
bju,,,,I,L,Busuu,False,True,,no_match,bju,exact_iso3,,no_match
bjv,,,,I,L,Bedjond,False,True,bjv_Latn,exact,bjv,exact_iso3,,no_match
bjw,,,,I,L,Bakwé,False,True,,no_match,bjw,exact_iso3,,no_match
bjx,,,,I,L,Banao Itneg,False,True,,no_match,bjx,exact_iso3,,no_match
bjy,,,,I,E,Bayali,False,False,,no_match,bjy,exact_iso3,,no_match
bjz,,,,I,L,Baruga,False,True,,no_match,bjz,exact_iso3,,no_match
bka,,,,I,L,Kyak,False,True,,no_match,bka,exact_iso3,,no_match
bkc,,,,I,L,Baka (Cameroon),False,True,,no_match,bkc,exact_iso3,,no_match
bkd,,,,I,L,Binukid,False,True,bkd_Latn,exact,bkd,exact_iso3,,no_match
bkf,,,,I,L,Beeke,False,True,,no_match,bkf,exact_iso3,,no_match
bkg,,,,I,L,Buraka,False,True,,no_match,bkg,exact_iso3,,no_match
bkh,,,,I,L,Bakoko,False,True,,no_match,bkh,exact_iso3,bkh,exact_iso3
bki,,,,I,L,Baki,False,True,,no_match,bki,exact_iso3,,no_match
bkj,,,,I,L,Pande,False,True,,no_match,bkj,exact_iso3,,no_match
bkk,,,,I,L,Brokskat,False,True,,no_match,bkk,exact_iso3,,no_match
bkl,,,,I,L,Berik,False,True,bkl_Latn,exact,bkl,exact_iso3,,no_match
bkm,,,,I,L,Kom (Cameroon),False,True,,no_match,bkm,exact_iso3,bkm,exact_iso3
bkn,,,,I,L,Bukitan,False,True,,no_match,bkn,exact_iso3,,no_match
bko,,,,I,L,Kwa',False,True,,no_match,bko,exact_iso3,,no_match
bkp,,,,I,L,Boko (Democratic Republic of Congo),False,True,,no_match,bkp,exact_iso3,,no_match
bkq,,,,I,L,Bakairí,False,True,bkq_Latn,exact,bkq,exact_iso3,,no_match
bkr,,,,I,L,Bakumpai,False,True,,no_match,bkr,exact_iso3,,no_match
bks,,,,I,L,Northern Sorsoganon,False,True,,no_match,bks,exact_iso3,,no_match
bkt,,,,I,L,Boloki,False,True,,no_match,bkt,exact_iso3,,no_match
bku,,,,I,L,Buhid,False,True,bku_Latn,exact,bku,exact_iso3,,no_match
bkv,,,,I,L,Bekwarra,False,True,bkv_Latn,exact,bkv,exact_iso3,,no_match
bkw,,,,I,L,Bekwel,False,True,,no_match,bkw,exact_iso3,,no_match
bkx,,,,I,L,Baikeno,False,True,,no_match,bkx,exact_iso3,,no_match
bky,,,,I,L,Bokyi,False,True,,no_match,bky,exact_iso3,,no_match
bkz,,,,I,L,Bungku,False,True,,no_match,bkz,exact_iso3,,no_match
bla,bla,bla,,I,L,Siksika,False,True,bla_Latn,exact,bla,exact_iso3,,no_match
blb,,,,I,L,Bilua,False,True,,no_match,blb,exact_iso3,,no_match
blc,,,,I,L,Bella Coola,False,True,,no_match,blc,exact_iso3,,no_match
bld,,,,I,L,Bolango,False,True,,no_match,bld,exact_iso3,,no_match
ble,,,,I,L,Balanta-Kentohe,False,True,,no_match,ble,exact_iso3,,no_match
blf,,,,I,L,Buol,False,True,,no_match,blf,exact_iso3,,no_match
blh,,,,I,L,Kuwaa,False,True,blh_Latn,exact,blh,exact_iso3,,no_match
bli,,,,I,L,Bolia,False,True,,no_match,bli,exact_iso3,,no_match
blj,,,,I,L,Bolongan,False,True,,no_match,blj,exact_iso3,,no_match
blk,,,,I,L,Pa'o Karen,False,True,blk_Mymr,exact,blk,exact_iso3,,no_match
bll,,,,I,E,Biloxi,False,False,,no_match,bll,exact_iso3,,no_match
blm,,,,I,L,Beli (South Sudan),False,True,,no_match,blm,exact_iso3,,no_match
bln,,,,I,L,Southern Catanduanes Bikol,False,True,,no_match,bln,exact_iso3,,no_match
blo,,,,I,L,Anii,False,True,,no_match,blo,exact_iso3,,no_match
blp,,,,I,L,Blablanga,False,True,,no_match,blp,exact_iso3,,no_match
blq,,,,I,L,Baluan-Pam,False,True,,no_match,blq,exact_iso3,,no_match
blr,,,,I,L,Blang,False,True,,no_match,blr,exact_iso3,,no_match
bls,,,,I,L,Balaesang,False,True,,no_match,bls,exact_iso3,,no_match
blt,,,,I,L,Tai Dam,False,True,,no_match,blt,exact_iso3,,no_match
blv,,,,I,L,Kibala,False,True,,no_match,blv,exact_iso3,,no_match
blw,,,,I,L,Balangao,False,True,blw_Latn,exact,blw,exact_iso3,,no_match
blx,,,,I,L,Mag-Indi Ayta,False,True,,no_match,blx,exact_iso3,,no_match
bly,,,,I,L,Notre,False,True,,no_match,bly,exact_iso3,,no_match
blz,,,,I,L,Balantak,False,True,blz_Latn,exact,blz,exact_iso3,,no_match
bma,,,,I,L,Lame,False,True,,no_match,bma,exact_iso3,,no_match
bmb,,,,I,L,Bembe,False,True,,no_match,bmb,exact_iso3,,no_match
bmc,,,,I,L,Biem,False,True,,no_match,bmc,exact_iso3,,no_match
bmd,,,,I,L,Baga Manduri,False,True,,no_match,bmd,exact_iso3,,no_match
bme,,,,I,L,Limassa,False,True,,no_match,bme,exact_iso3,,no_match
bmf,,,,I,L,Bom-Kim,False,True,,no_match,bmf,exact_iso3,,no_match
bmg,,,,I,L,Bamwe,False,True,,no_match,bmg,exact_iso3,,no_match
bmh,,,,I,L,Kein,False,True,bmh_Latn,exact,bmh,exact_iso3,,no_match
bmi,,,,I,L,Bagirmi,False,True,,no_match,bmi,exact_iso3,,no_match
bmj,,,,I,L,Bote-Majhi,False,True,,no_match,bmj,exact_iso3,,no_match
bmk,,,,I,L,Ghayavi,False,True,bmk_Latn,exact,bmk,exact_iso3,,no_match
bml,,,,I,L,Bomboli,False,True,,no_match,bml,exact_iso3,,no_match
bmm,,,,I,L,Northern Betsimisaraka Malagasy,False,True,,no_match,bmm,exact_iso3,,no_match
bmn,,,,I,E,Bina (Papua New Guinea),False,False,,no_match,bmn,exact_iso3,,no_match
bmo,,,,I,L,Bambalang,False,True,,no_match,bmo,exact_iso3,,no_match
bmp,,,,I,L,Bulgebi,False,True,,no_match,bmp,exact_iso3,,no_match
bmq,,,,I,L,Bomu,False,True,bmq_Latn,exact,bmq,exact_iso3,,no_match
bmr,,,,I,L,Muinane,False,True,bmr_Latn,exact,bmr,exact_iso3,,no_match
bms,,,,I,L,Bilma Kanuri,False,True,,no_match,bms,exact_iso3,,no_match
bmt,,,,I,L,Biao Mon,False,True,,no_match,bmt,exact_iso3,,no_match
bmu,,,,I,L,Somba-Siawari,False,True,bmu_Latn,exact,bmu,exact_iso3,,no_match
bmv,,,,I,L,Bum,False,True,bmv_Latn,exact,bmv,exact_iso3,,no_match
bmw,,,,I,L,Bomwali,False,True,,no_match,bmw,exact_iso3,,no_match
bmx,,,,I,L,Baimak,False,True,,no_match,bmx,exact_iso3,,no_match
bmz,,,,I,L,Baramu,False,True,,no_match,bmz,exact_iso3,,no_match
bna,,,,I,L,Bonerate,False,True,,no_match,bna,exact_iso3,,no_match
bnb,,,,I,L,Bookan,False,True,,no_match,bnb,exact_iso3,,no_match
bnc,,,,M,L,Bontok,True,True,,no_match,bnc,exact_iso3,,no_match
bnd,,,,I,L,Banda (Indonesia),False,True,,no_match,bnd,exact_iso3,,no_match
bne,,,,I,L,Bintauna,False,True,,no_match,bne,exact_iso3,,no_match
bnf,,,,I,L,Masiwang,False,True,,no_match,bnf,exact_iso3,,no_match
bng,,,,I,L,Benga,False,True,,no_match,bng,exact_iso3,,no_match
bni,,,,I,L,Bangi,False,True,,no_match,bni,exact_iso3,,no_match
bnj,,,,I,L,Eastern Tawbuid,False,True,,no_match,bnj,exact_iso3,,no_match
bnk,,,,I,L,Bierebo,False,True,,no_match,bnk,exact_iso3,,no_match
bnl,,,,I,L,Boon,False,True,,no_match,bnl,exact_iso3,,no_match
bnm,,,,I,L,Batanga,False,True,,no_match,bnm,exact_iso3,bnm,exact_iso3
bnn,,,,I,L,Bunun,False,True,,no_match,bnn,exact_iso3,bnn,exact_iso3
bno,,,,I,L,Bantoanon,False,True,bno_Latn,exact,bno,exact_iso3,,no_match
bnp,,,,I,L,Bola,False,True,bnp_Latn,exact,bnp,exact_iso3,,no_match
bnq,,,,I,L,Bantik,False,True,,no_match,bnq,exact_iso3,,no_match
bnr,,,,I,L,Butmas-Tur,False,True,,no_match,bnr,exact_iso3,,no_match
bns,,,,I,L,Bundeli,False,True,,no_match,bns,exact_iso3,,no_match
bnu,,,,I,L,Bentong,False,True,,no_match,bnu,exact_iso3,,no_match
bnv,,,,I,L,Bonerif,False,True,,no_match,bnv,exact_iso3,,no_match
bnw,,,,I,L,Bisis,False,True,,no_match,bnw,exact_iso3,,no_match
bnx,,,,I,L,Bangubangu,False,True,,no_match,bnx,exact_iso3,,no_match
bny,,,,I,L,Bintulu,False,True,,no_match,bny,exact_iso3,,no_match
bnz,,,,I,L,Beezen,False,True,,no_match,bnz,exact_iso3,,no_match
boa,,,,I,L,Bora,False,True,boa_Latn,exact,boa,exact_iso3,,no_match
bob,,,,I,L,Aweer,False,True,,no_match,bob,exact_iso3,,no_match
bod,tib,bod,bo,I,L,Tibetan,False,True,bod_Tibt,exact,bod;bo;tib,matched_multiple:iso3+iso1+iso2b,bo,matched_via_bcp47
boe,,,,I,L,Mundabli-Mufu,False,True,,no_match,boe,exact_iso3,,no_match
bof,,,,I,L,Bolon,False,True,,no_match,bof,exact_iso3,,no_match
bog,,,,I,L,Bamako Sign Language,False,True,,no_match,bog,exact_iso3,,no_match
boh,,,,I,L,Boma,False,True,,no_match,boh,exact_iso3,,no_match
boi,,,,I,E,Barbareño,False,False,,no_match,boi,exact_iso3,,no_match
boj,,,,I,L,Anjam,False,True,boj_Latn,exact,boj,exact_iso3,,no_match
bok,,,,I,L,Bonjo,False,True,,no_match,bok,exact_iso3,,no_match
bol,,,,I,L,Bole,False,True,,no_match,bol,exact_iso3,,no_match
bom,,,,I,L,Berom,False,True,bom_Latn,exact,bom,exact_iso3,,no_match
bon,,,,I,L,Bine,False,True,bon_Latn,exact,bon,exact_iso3,,no_match
boo,,,,I,L,Tiemacèwè Bozo,False,True,,no_match,boo,exact_iso3,,no_match
bop,,,,I,L,Bonkiman,False,True,,no_match,bop,exact_iso3,,no_match
boq,,,,I,L,Bogaya,False,True,,no_match,boq,exact_iso3,,no_match
bor,,,,I,L,Borôro,False,True,,no_match,bor,exact_iso3,,no_match
bos,bos,bos,bs,I,L,Bosnian,False,True,bos_Latn,exact,bos;bs,matched_multiple:iso3+iso1,bs,matched_via_bcp47
bot,,,,I,L,Bongo,False,True,,no_match,bot,exact_iso3,,no_match
bou,,,,I,L,Bondei,False,True,,no_match,bou,exact_iso3,,no_match
bov,,,,I,L,Tuwuli,False,True,bov_Latn,exact,bov,exact_iso3,,no_match
bow,,,,I,E,Rema,False,False,,no_match,bow,exact_iso3,,no_match
box,,,,I,L,Buamu,False,True,box_Latn,exact,box,exact_iso3,,no_match
boy,,,,I,L,Bodo (Central African Republic),False,True,,no_match,boy,exact_iso3,,no_match
boz,,,,I,L,Tiéyaxo Bozo,False,True,,no_match,boz,exact_iso3,,no_match
bpa,,,,I,L,Daakaka,False,True,,no_match,bpa,exact_iso3,,no_match
bpc,,,,I,L,Mbuk,False,True,,no_match,bpc,exact_iso3,,no_match
bpd,,,,I,L,Banda-Banda,False,True,,no_match,bpd,exact_iso3,,no_match
bpe,,,,I,L,Bauni,False,True,,no_match,bpe,exact_iso3,,no_match
bpg,,,,I,L,Bonggo,False,True,,no_match,bpg,exact_iso3,,no_match
bph,,,,I,L,Botlikh,False,True,,no_match,bph,exact_iso3,,no_match
bpi,,,,I,L,Bagupi,False,True,,no_match,bpi,exact_iso3,,no_match
bpj,,,,I,L,Binji,False,True,,no_match,bpj,exact_iso3,,no_match
bpk,,,,I,L,Orowe,False,True,,no_match,bpk,exact_iso3,,no_match
bpl,,,,I,L,Broome Pearling Lugger Pidgin,False,True,,no_match,bpl,exact_iso3,,no_match
bpm,,,,I,L,Biyom,False,True,,no_match,bpm,exact_iso3,,no_match
bpn,,,,I,L,Dzao Min,False,True,,no_match,bpn,exact_iso3,,no_match
bpo,,,,I,L,Anasi,False,True,,no_match,bpo,exact_iso3,,no_match
bpp,,,,I,L,Kaure,False,True,,no_match,bpp,exact_iso3,,no_match
bpq,,,,I,L,Banda Malay,False,True,,no_match,bpq,exact_iso3,,no_match
bpr,,,,I,L,Koronadal Blaan,False,True,bpr_Latn,exact,bpr,exact_iso3,,no_match
bps,,,,I,L,Sarangani Blaan,False,True,bps_Latn,exact,bps,exact_iso3,,no_match
bpt,,,,I,E,Barrow Point,False,False,,no_match,bpt,exact_iso3,,no_match
bpu,,,,I,L,Bongu,False,True,,no_match,bpu,exact_iso3,,no_match
bpv,,,,I,L,Bian Marind,False,True,,no_match,bpv,exact_iso3,,no_match
bpw,,,,I,L,Bo (Papua New Guinea),False,True,,no_match,bpw,exact_iso3,,no_match
bpx,,,,I,L,Palya Bareli,False,True,,no_match,bpx,exact_iso3,,no_match
bpy,,,,I,L,Bishnupriya,False,True,bpy_Beng,exact,bpy,exact_iso3,,no_match
bpz,,,,I,L,Bilba,False,True,,no_match,bpz,exact_iso3,,no_match
bqa,,,,I,L,Tchumbuli,False,True,,no_match,bqa,exact_iso3,,no_match
bqb,,,,I,L,Bagusa,False,True,,no_match,bqb,exact_iso3,,no_match
bqc,,,,I,L,Boko (Benin),False,True,bqc_Latn,exact,bqc,exact_iso3,,no_match
bqd,,,,I,L,Bung,False,True,,no_match,bqd,exact_iso3,,no_match
bqf,,,,I,E,Baga Kaloum,False,False,,no_match,bqf,exact_iso3,,no_match
bqg,,,,I,L,Bago-Kusuntu,False,True,,no_match,bqg,exact_iso3,,no_match
bqh,,,,I,L,Baima,False,True,,no_match,bqh,exact_iso3,,no_match
bqi,,,,I,L,Bakhtiari,False,True,,no_match,bqi,exact_iso3,,no_match
bqj,,,,I,L,Bandial,False,True,bqj_Latn,exact,bqj,exact_iso3,,no_match
bqk,,,,I,L,Banda-Mbrès,False,True,,no_match,bqk,exact_iso3,,no_match
bql,,,,I,L,Karian,False,True,,no_match,bql,exact_iso3,,no_match
bqm,,,,I,L,Wumboko,False,True,,no_match,bqm,exact_iso3,,no_match
bqn,,,,I,L,Bulgarian Sign Language,False,True,,no_match,bqn,exact_iso3,,no_match
bqo,,,,I,L,Balo,False,True,,no_match,bqo,exact_iso3,,no_match
bqp,,,,I,L,Busa,False,True,bqp_Latn,exact,bqp,exact_iso3,,no_match
bqq,,,,I,L,Biritai,False,True,,no_match,bqq,exact_iso3,,no_match
bqr,,,,I,L,Burusu,False,True,,no_match,bqr,exact_iso3,,no_match
bqs,,,,I,L,Bosngun,False,True,,no_match,bqs,exact_iso3,,no_match
bqt,,,,I,L,Bamukumbit,False,True,,no_match,bqt,exact_iso3,,no_match
bqu,,,,I,L,Boguru,False,True,,no_match,bqu,exact_iso3,,no_match
bqv,,,,I,L,Koro Wachi,False,True,,no_match,bqv,exact_iso3,,no_match
bqw,,,,I,L,Buru (Nigeria),False,True,,no_match,bqw,exact_iso3,,no_match
bqx,,,,I,L,Baangi,False,True,,no_match,bqx,exact_iso3,,no_match
bqy,,,,I,L,Bengkala Sign Language,False,True,,no_match,bqy,exact_iso3,,no_match
bqz,,,,I,L,Bakaka,False,True,,no_match,bqz,exact_iso3,,no_match
bra,bra,bra,,I,L,Braj,False,True,,no_match,bra,exact_iso3,,no_match
brb,,,,I,L,Brao,False,True,,no_match,brb,exact_iso3,,no_match
brc,,,,I,E,Berbice Creole Dutch,False,False,,no_match,brc,exact_iso3,,no_match
brd,,,,I,L,Baraamu,False,True,,no_match,brd,exact_iso3,,no_match
bre,bre,bre,br,I,L,Breton,False,True,bre_Latn,exact,bre;br,matched_multiple:iso3+iso1,br,matched_via_bcp47
brf,,,,I,L,Bira,False,True,,no_match,brf,exact_iso3,,no_match
brg,,,,I,L,Baure,False,True,,no_match,brg,exact_iso3,,no_match
brh,,,,I,L,Brahui,False,True,brh_Arab,exact,brh,exact_iso3,brh,exact_iso3
bri,,,,I,L,Mokpwe,False,True,,no_match,bri,exact_iso3,bri,exact_iso3
brj,,,,I,L,Bieria,False,True,,no_match,brj,exact_iso3,,no_match
brk,,,,I,E,Birked,False,False,,no_match,brk,exact_iso3,,no_match
brl,,,,I,L,Birwa,False,True,,no_match,brl,exact_iso3,,no_match
brm,,,,I,L,Barambu,False,True,,no_match,brm,exact_iso3,,no_match
brn,,,,I,L,Boruca,False,True,,no_match,brn,exact_iso3,,no_match
bro,,,,I,L,Brokkat,False,True,,no_match,bro,exact_iso3,,no_match
brp,,,,I,L,Barapasi,False,True,,no_match,brp,exact_iso3,,no_match
brq,,,,I,L,Breri,False,True,,no_match,brq,exact_iso3,,no_match
brr,,,,I,L,Birao,False,True,,no_match,brr,exact_iso3,,no_match
brs,,,,I,L,Baras,False,True,,no_match,brs,exact_iso3,,no_match
brt,,,,I,L,Bitare,False,True,,no_match,brt,exact_iso3,,no_match
bru,,,,I,L,Eastern Bru,False,True,bru_Latn,exact,bru,exact_iso3,,no_match
brv,,,,I,L,Western Bru,False,True,,no_match,brv,exact_iso3,,no_match
brw,,,,I,L,Bellari,False,True,,no_match,brw,exact_iso3,,no_match
brx,,,,I,L,Bodo (India),False,True,brx_Deva,exact,brx,exact_iso3,brx,exact_iso3
bry,,,,I,L,Burui,False,True,,no_match,bry,exact_iso3,,no_match
brz,,,,I,L,Bilbil,False,True,,no_match,brz,exact_iso3,,no_match
bsa,,,,I,L,Abinomn,False,True,,no_match,bsa,exact_iso3,,no_match
bsb,,,,I,L,Brunei Bisaya,False,True,,no_match,bsb,exact_iso3,,no_match
bsc,,,,I,L,Bassari,False,True,bsc_Latn,exact,bsc,exact_iso3,,no_match
bse,,,,I,L,Wushi,False,True,,no_match,bse,exact_iso3,,no_match
bsf,,,,I,L,Bauchi,False,True,,no_match,bsf,exact_iso3,,no_match
bsg,,,,I,L,Bashkardi,False,True,,no_match,bsg,exact_iso3,,no_match
bsh,,,,I,L,Kati,False,True,,no_match,bsh,exact_iso3,bsh,exact_iso3
bsi,,,,I,L,Bassossi,False,True,,no_match,bsi,exact_iso3,,no_match
bsj,,,,I,L,Bangwinji,False,True,,no_match,bsj,exact_iso3,,no_match
bsk,,,,I,L,Burushaski,False,True,,no_match,bsk,exact_iso3,bsk,exact_iso3
bsl,,,,I,E,Basa-Gumna,False,False,,no_match,bsl,exact_iso3,,no_match
bsm,,,,I,L,Busami,False,True,,no_match,bsm,exact_iso3,,no_match
bsn,,,,I,L,Barasana-Eduria,False,True,bsn_Latn,exact,bsn,exact_iso3,,no_match
bso,,,,I,L,Buso,False,True,,no_match,bso,exact_iso3,,no_match
bsp,,,,I,L,Baga Sitemu,False,True,bsp_Latn,exact,bsp,exact_iso3,,no_match
bsq,,,,I,L,Bassa,False,True,bsq_Latn,exact,bsq,exact_iso3,,no_match
bsr,,,,I,L,Bassa-Kontagora,False,True,,no_match,bsr,exact_iso3,,no_match
bss,,,,I,L,Akoose,False,True,bss_Latn,exact,bss,exact_iso3,,no_match
bst,,,,I,L,Basketo,False,True,,no_match,bst,exact_iso3,,no_match
bsu,,,,I,L,Bahonsuai,False,True,,no_match,bsu,exact_iso3,,no_match
bsv,,,,I,E,Baga Sobané,False,False,,no_match,bsv,exact_iso3,,no_match
bsw,,,,I,L,Baiso,False,True,,no_match,bsw,exact_iso3,,no_match
bsx,,,,I,L,Yangkam,False,True,,no_match,bsx,exact_iso3,,no_match
bsy,,,,I,L,Sabah Bisaya,False,True,,no_match,bsy,exact_iso3,bsy,exact_iso3
bta,,,,I,L,Bata,False,True,,no_match,bta,exact_iso3,,no_match
btc,,,,I,L,Bati (Cameroon),False,True,,no_match,btc,exact_iso3,,no_match
btd,,,,I,L,Batak Dairi,False,True,btd_Latn,exact,btd,exact_iso3,,no_match
bte,,,,I,E,Gamo-Ningi,False,False,,no_match,bte,exact_iso3,,no_match
btf,,,,I,L,Birgit,False,True,,no_match,btf,exact_iso3,,no_match
btg,,,,I,L,Gagnoa Bété,False,True,,no_match,btg,exact_iso3,,no_match
bth,,,,I,L,Biatah Bidayuh,False,True,bth_Latn,exact,bth,exact_iso3,,no_match
bti,,,,I,L,Burate,False,True,,no_match,bti,exact_iso3,,no_match
btj,,,,I,L,Bacanese Malay,False,True,,no_match,btj,exact_iso3,,no_match
btm,,,,I,L,Batak Mandailing,False,True,,no_match,btm,exact_iso3,,no_match
btn,,,,I,L,Ratagnon,False,True,,no_match,btn,exact_iso3,,no_match
bto,,,,I,L,Rinconada Bikol,False,True,,no_match,bto,exact_iso3,,no_match
btp,,,,I,L,Budibud,False,True,,no_match,btp,exact_iso3,,no_match
btq,,,,I,L,Batek,False,True,,no_match,btq,exact_iso3,,no_match
btr,,,,I,L,Baetora,False,True,,no_match,btr,exact_iso3,,no_match
bts,,,,I,L,Batak Simalungun,False,True,bts_Latn,exact,bts,exact_iso3,,no_match
btt,,,,I,L,Bete-Bendi,False,True,btt_Latn,exact,btt,exact_iso3,,no_match
btu,,,,I,L,Batu,False,True,,no_match,btu,exact_iso3,,no_match
btv,,,,I,L,Bateri,False,True,,no_match,btv,exact_iso3,btv,exact_iso3
btw,,,,I,L,Butuanon,False,True,,no_match,btw,exact_iso3,,no_match
btx,,,,I,L,Batak Karo,False,True,btx_Latn,exact,btx,exact_iso3,,no_match
bty,,,,I,L,Bobot,False,True,,no_match,bty,exact_iso3,,no_match
btz,,,,I,L,Batak Alas-Kluet,False,True,,no_match,btz,exact_iso3,,no_match
bua,bua,bua,,M,L,Buriat,True,True,,no_match,bua,exact_iso3,,no_match
bub,,,,I,L,Bua,False,True,,no_match,bub,exact_iso3,,no_match
buc,,,,I,L,Bushi,False,True,,no_match,buc,exact_iso3,,no_match
bud,,,,I,L,Ntcham,False,True,bud_Latn,exact,bud,exact_iso3,,no_match
bue,,,,I,E,Beothuk,False,False,,no_match,bue,exact_iso3,,no_match
buf,,,,I,L,Bushoong,False,True,,no_match,buf,exact_iso3,,no_match
bug,bug,bug,,I,L,Buginese,False,True,bug_Latn,exact,bug,exact_iso3,,no_match
buh,,,,I,L,Younuo Bunu,False,True,,no_match,buh,exact_iso3,,no_match
bui,,,,I,L,Bongili,False,True,,no_match,bui,exact_iso3,,no_match
buj,,,,I,L,Basa-Gurmana,False,True,,no_match,buj,exact_iso3,,no_match
buk,,,,I,L,Bugawac,False,True,buk_Latn,exact,buk,exact_iso3,,no_match
bul,bul,bul,bg,I,L,Bulgarian,False,True,bul_Cyrl,exact,bul;bg,matched_multiple:iso3+iso1,bg,matched_via_bcp47
bum,,,,I,L,Bulu (Cameroon),False,True,bum_Latn,exact,bum,exact_iso3,bum,exact_iso3
bun,,,,I,L,Sherbro,False,True,,no_match,bun,exact_iso3,,no_match
buo,,,,I,L,Terei,False,True,,no_match,buo,exact_iso3,,no_match
bup,,,,I,L,Busoa,False,True,,no_match,bup,exact_iso3,,no_match
buq,,,,I,L,Brem,False,True,,no_match,buq,exact_iso3,,no_match
bus,,,,I,L,Bokobaru,False,True,bus_Latn,exact,bus,exact_iso3,,no_match
but,,,,I,L,Bungain,False,True,,no_match,but,exact_iso3,,no_match
buu,,,,I,L,Budu,False,True,,no_match,buu,exact_iso3,,no_match
buv,,,,I,L,Bun,False,True,,no_match,buv,exact_iso3,,no_match
buw,,,,I,L,Bubi,False,True,,no_match,buw,exact_iso3,,no_match
bux,,,,I,L,Boghom,False,True,,no_match,bux,exact_iso3,,no_match
buy,,,,I,L,Bullom So,False,True,,no_match,buy,exact_iso3,,no_match
buz,,,,I,L,Bukwen,False,True,,no_match,buz,exact_iso3,,no_match
bva,,,,I,L,Barein,False,True,,no_match,bva,exact_iso3,,no_match
bvb,,,,I,L,Bube,False,True,,no_match,bvb,exact_iso3,,no_match
bvc,,,,I,L,Baelelea,False,True,bvc_Latn,exact,bvc,exact_iso3,,no_match
bvd,,,,I,L,Baeggu,False,True,bvd_Latn,exact,bvd,exact_iso3,,no_match
bve,,,,I,L,Berau Malay,False,True,,no_match,bve,exact_iso3,,no_match
bvf,,,,I,L,Boor,False,True,,no_match,bvf,exact_iso3,,no_match
bvg,,,,I,L,Bonkeng,False,True,,no_match,bvg,exact_iso3,,no_match
bvh,,,,I,L,Bure,False,True,,no_match,bvh,exact_iso3,,no_match
bvi,,,,I,L,Belanda Viri,False,True,,no_match,bvi,exact_iso3,,no_match
bvj,,,,I,L,Baan,False,True,,no_match,bvj,exact_iso3,,no_match
bvk,,,,I,L,Bukat,False,True,,no_match,bvk,exact_iso3,,no_match
bvl,,,,I,L,Bolivian Sign Language,False,True,,no_match,bvl,exact_iso3,,no_match
bvm,,,,I,L,Bamunka,False,True,,no_match,bvm,exact_iso3,,no_match
bvn,,,,I,L,Buna,False,True,,no_match,bvn,exact_iso3,,no_match
bvo,,,,I,L,Bolgo,False,True,,no_match,bvo,exact_iso3,,no_match
bvp,,,,I,L,Bumang,False,True,,no_match,bvp,exact_iso3,,no_match
bvq,,,,I,L,Birri,False,True,,no_match,bvq,exact_iso3,,no_match
bvr,,,,I,L,Burarra,False,True,bvr_Latn,exact,bvr,exact_iso3,,no_match
bvt,,,,I,L,Bati (Indonesia),False,True,,no_match,bvt,exact_iso3,,no_match
bvu,,,,I,L,Bukit Malay,False,True,,no_match,bvu,exact_iso3,,no_match
bvv,,,,I,E,Baniva,False,False,,no_match,bvv,exact_iso3,,no_match
bvw,,,,I,L,Boga,False,True,,no_match,bvw,exact_iso3,,no_match
bvx,,,,I,L,Dibole,False,True,,no_match,bvx,exact_iso3,,no_match
bvy,,,,I,L,Baybayanon,False,True,,no_match,bvy,exact_iso3,,no_match
bvz,,,,I,L,Bauzi,False,True,bvz_Latn,exact,bvz,exact_iso3,,no_match
bwa,,,,I,L,Bwatoo,False,True,,no_match,bwa,exact_iso3,,no_match
bwb,,,,I,L,Namosi-Naitasiri-Serua,False,True,,no_match,bwb,exact_iso3,,no_match
bwc,,,,I,L,Bwile,False,True,,no_match,bwc,exact_iso3,,no_match
bwd,,,,I,L,Bwaidoka,False,True,bwd_Latn,exact,bwd,exact_iso3,,no_match
bwe,,,,I,L,Bwe Karen,False,True,,no_match,bwe,exact_iso3,,no_match
bwf,,,,I,L,Boselewa,False,True,,no_match,bwf,exact_iso3,,no_match
bwg,,,,I,L,Barwe,False,True,,no_match,bwg,exact_iso3,,no_match
bwh,,,,I,L,Bishuo,False,True,,no_match,bwh,exact_iso3,,no_match
bwi,,,,I,L,Baniwa,False,True,bwi_Latn,exact,bwi,exact_iso3,,no_match
bwj,,,,I,L,Láá Láá Bwamu,False,True,,no_match,bwj,exact_iso3,,no_match
bwk,,,,I,L,Bauwaki,False,True,,no_match,bwk,exact_iso3,,no_match
bwl,,,,I,L,Bwela,False,True,,no_match,bwl,exact_iso3,,no_match
bwm,,,,I,L,Biwat,False,True,,no_match,bwm,exact_iso3,,no_match
bwn,,,,I,L,Wunai Bunu,False,True,,no_match,bwn,exact_iso3,,no_match
bwo,,,,I,L,Boro (Ethiopia),False,True,,no_match,bwo,exact_iso3,,no_match
bwp,,,,I,L,Mandobo Bawah,False,True,,no_match,bwp,exact_iso3,,no_match
bwq,,,,I,L,Southern Bobo Madaré,False,True,bwq_Latn,exact,bwq,exact_iso3,,no_match
bwr,,,,I,L,Bura-Pabir,False,True,,no_match,bwr,exact_iso3,,no_match
bws,,,,I,L,Bomboma,False,True,,no_match,bws,exact_iso3,,no_match
bwt,,,,I,L,Bafaw-Balong,False,True,,no_match,bwt,exact_iso3,,no_match
bwu,,,,I,L,Buli (Ghana),False,True,bwu_Latn,exact,bwu,exact_iso3,,no_match
bww,,,,I,L,Bwa,False,True,,no_match,bww,exact_iso3,,no_match
bwx,,,,I,L,Bu-Nao Bunu,False,True,,no_match,bwx,exact_iso3,,no_match
bwy,,,,I,L,Cwi Bwamu,False,True,,no_match,bwy,exact_iso3,,no_match
bwz,,,,I,L,Bwisi,False,True,,no_match,bwz,exact_iso3,,no_match
bxa,,,,I,L,Tairaha,False,True,,no_match,bxa,exact_iso3,,no_match
bxb,,,,I,L,Belanda Bor,False,True,,no_match,bxb,exact_iso3,,no_match
bxc,,,,I,L,Molengue,False,True,,no_match,bxc,exact_iso3,,no_match
bxd,,,,I,L,Pela,False,True,,no_match,bxd,exact_iso3,,no_match
bxe,,,,I,L,Birale,False,True,,no_match,bxe,exact_iso3,,no_match
bxf,,,,I,L,Bilur,False,True,,no_match,bxf,exact_iso3,,no_match
bxg,,,,I,L,Bangala,False,True,,no_match,bxg,exact_iso3,,no_match
bxh,,,,I,L,Buhutu,False,True,bxh_Latn,exact,bxh,exact_iso3,,no_match
bxi,,,,I,E,Pirlatapa,False,False,,no_match,bxi,exact_iso3,,no_match
bxj,,,,I,L,Bayungu,False,True,,no_match,bxj,exact_iso3,,no_match
bxk,,,,I,L,Bukusu,False,True,,no_match,bxk,exact_iso3,bxk,exact_iso3
bxl,,,,I,L,Jalkunan,False,True,,no_match,bxl,exact_iso3,,no_match
bxm,,,,I,L,Mongolia Buriat,False,True,,no_match,bxm,exact_iso3,,no_match
bxn,,,,I,L,Burduna,False,True,,no_match,bxn,exact_iso3,,no_match
bxo,,,,I,L,Barikanchi,False,True,,no_match,bxo,exact_iso3,,no_match
bxp,,,,I,L,Bebil,False,True,,no_match,bxp,exact_iso3,,no_match
bxq,,,,I,L,Beele,False,True,,no_match,bxq,exact_iso3,,no_match
bxr,,,,I,L,Russia Buriat,False,True,bxr_Cyrl,exact,bxr,exact_iso3,bxr,exact_iso3
bxs,,,,I,L,Busam,False,True,,no_match,bxs,exact_iso3,,no_match
bxu,,,,I,L,China Buriat,False,True,,no_match,bxu,exact_iso3,,no_match
bxv,,,,I,L,Berakou,False,True,,no_match,bxv,exact_iso3,,no_match
bxw,,,,I,L,Bankagooma,False,True,,no_match,bxw,exact_iso3,,no_match
bxz,,,,I,L,Binahari,False,True,,no_match,bxz,exact_iso3,,no_match
bya,,,,I,L,Batak,False,True,,no_match,bya,exact_iso3,,no_match
byb,,,,I,L,Bikya,False,True,,no_match,byb,exact_iso3,,no_match
byc,,,,I,L,Ubaghara,False,True,,no_match,byc,exact_iso3,,no_match
byd,,,,I,L,Benyadu',False,True,,no_match,byd,exact_iso3,,no_match
bye,,,,I,L,Pouye,False,True,,no_match,bye,exact_iso3,,no_match
byf,,,,I,L,Bete,False,True,,no_match,byf,exact_iso3,,no_match
byg,,,,I,E,Baygo,False,False,,no_match,byg,exact_iso3,,no_match
byh,,,,I,L,Bhujel,False,True,,no_match,byh,exact_iso3,,no_match
byi,,,,I,L,Buyu,False,True,,no_match,byi,exact_iso3,,no_match
byj,,,,I,L,Bina (Nigeria),False,True,,no_match,byj,exact_iso3,,no_match
byk,,,,I,L,Biao,False,True,,no_match,byk,exact_iso3,,no_match
byl,,,,I,L,Bayono,False,True,,no_match,byl,exact_iso3,,no_match
bym,,,,I,L,Bidjara,False,True,,no_match,bym,exact_iso3,,no_match
byn,byn,byn,,I,L,Bilin,False,True,,no_match,byn,exact_iso3,,no_match
byo,,,,I,L,Biyo,False,True,,no_match,byo,exact_iso3,,no_match
byp,,,,I,L,Bumaji,False,True,,no_match,byp,exact_iso3,,no_match
byq,,,,I,E,Basay,False,False,,no_match,byq,exact_iso3,,no_match
byr,,,,I,L,Baruya,False,True,byr_Latn,exact,byr,exact_iso3,,no_match
bys,,,,I,L,Burak,False,True,,no_match,bys,exact_iso3,,no_match
byt,,,,I,E,Berti,False,False,,no_match,byt,exact_iso3,,no_match
byv,,,,I,L,Medumba,False,True,byv_Latn,exact,byv,exact_iso3,byv,exact_iso3
byw,,,,I,L,Belhariya,False,True,,no_match,byw,exact_iso3,,no_match
byx,,,,I,L,Qaqet,False,True,byx_Latn,exact,byx,exact_iso3,,no_match
byz,,,,I,L,Banaro,False,True,,no_match,byz,exact_iso3,,no_match
bza,,,,I,L,Bandi,False,True,,no_match,bza,exact_iso3,,no_match
bzb,,,,I,L,Andio,False,True,,no_match,bzb,exact_iso3,,no_match
bzc,,,,I,L,Southern Betsimisaraka Malagasy,False,True,,no_match,bzc,exact_iso3,,no_match
bzd,,,,I,L,Bribri,False,True,bzd_Latn,exact,bzd,exact_iso3,,no_match
bze,,,,I,L,Jenaama Bozo,False,True,,no_match,bze,exact_iso3,,no_match
bzf,,,,I,L,Boikin,False,True,,no_match,bzf,exact_iso3,,no_match
bzg,,,,I,L,Babuza,False,True,,no_match,bzg,exact_iso3,,no_match
bzh,,,,I,L,Mapos Buang,False,True,bzh_Latn,exact,bzh,exact_iso3,,no_match
bzi,,,,I,L,Bisu,False,True,bzi_Thai,exact,bzi,exact_iso3,,no_match
bzj,,,,I,L,Belize Kriol English,False,True,bzj_Latn,exact,bzj,exact_iso3,,no_match
bzk,,,,I,L,Nicaragua Creole English,False,True,,no_match,bzk,exact_iso3,,no_match
bzl,,,,I,L,Boano (Sulawesi),False,True,,no_match,bzl,exact_iso3,,no_match
bzm,,,,I,L,Bolondo,False,True,,no_match,bzm,exact_iso3,,no_match
bzn,,,,I,L,Boano (Maluku),False,True,,no_match,bzn,exact_iso3,,no_match
bzo,,,,I,L,Bozaba,False,True,,no_match,bzo,exact_iso3,,no_match
bzp,,,,I,L,Kemberano,False,True,,no_match,bzp,exact_iso3,,no_match
bzq,,,,I,L,Buli (Indonesia),False,True,,no_match,bzq,exact_iso3,,no_match
bzr,,,,I,E,Biri,False,False,,no_match,bzr,exact_iso3,,no_match
bzs,,,,I,L,Brazilian Sign Language,False,True,,no_match,bzs,exact_iso3,,no_match
bzt,,,,I,C,Brithenig,False,False,,no_match,bzt,exact_iso3,,no_match
bzu,,,,I,L,Burmeso,False,True,,no_match,bzu,exact_iso3,,no_match
bzv,,,,I,L,Naami,False,True,,no_match,bzv,exact_iso3,,no_match
bzw,,,,I,L,Basa (Nigeria),False,True,,no_match,bzw,exact_iso3,,no_match
bzx,,,,I,L,Kɛlɛngaxo Bozo,False,True,,no_match,bzx,exact_iso3,,no_match
bzy,,,,I,L,Obanliku,False,True,,no_match,bzy,exact_iso3,,no_match
bzz,,,,I,L,Evant,False,True,,no_match,bzz,exact_iso3,,no_match
caa,,,,I,L,Chortí,False,True,caa_Latn,exact,caa,exact_iso3,,no_match
cab,,,,I,L,Garifuna,False,True,cab_Latn,exact,cab,exact_iso3,,no_match
cac,,,,I,L,Chuj,False,True,cac_Latn,exact,cac,exact_iso3,,no_match
cad,cad,cad,,I,L,Caddo,False,True,,no_match,cad,exact_iso3,,no_match
cae,,,,I,L,Lehar,False,True,,no_match,cae,exact_iso3,,no_match
caf,,,,I,L,Southern Carrier,False,True,caf_Latn,exact,caf,exact_iso3,,no_match
cag,,,,I,L,Nivaclé,False,True,cag_Latn,exact,cag,exact_iso3,,no_match
cah,,,,I,L,Cahuarano,False,True,,no_match,cah,exact_iso3,,no_match
caj,,,,I,E,Chané,False,False,,no_match,caj,exact_iso3,,no_match
cak,,,,I,L,Kaqchikel,False,True,cak_Latn,exact,cak,exact_iso3,cak,exact_iso3
cal,,,,I,L,Carolinian,False,True,,no_match,cal,exact_iso3,,no_match
cam,,,,I,L,Cemuhî,False,True,,no_match,cam,exact_iso3,,no_match
can,,,,I,L,Chambri,False,True,,no_match,can,exact_iso3,,no_match
cao,,,,I,L,Chácobo,False,True,cao_Latn,exact,cao,exact_iso3,,no_match
cap,,,,I,L,Chipaya,False,True,cap_Latn,exact,cap,exact_iso3,,no_match
caq,,,,I,L,Car Nicobarese,False,True,caq_Latn,exact,caq,exact_iso3,,no_match
car,car,car,,I,L,Galibi Carib,False,True,car_Latn,exact,car,exact_iso3,,no_match
cas,,,,I,L,Tsimané,False,True,cas_Latn,exact,cas,exact_iso3,,no_match
cat,cat,cat,ca,I,L,Catalan,False,True,cat_Latn,exact,cat;ca,matched_multiple:iso3+iso1,ca,matched_via_bcp47
cav,,,,I,L,Cavineña,False,True,cav_Latn,exact,cav,exact_iso3,,no_match
caw,,,,I,L,Callawalla,False,True,,no_match,caw,exact_iso3,,no_match
cax,,,,I,L,Chiquitano,False,True,cax_Latn,exact,cax,exact_iso3,,no_match
cay,,,,I,L,Cayuga,False,True,,no_match,cay,exact_iso3,,no_match
caz,,,,I,E,Canichana,False,False,,no_match,caz,exact_iso3,,no_match
cbb,,,,I,L,Cabiyarí,False,True,,no_match,cbb,exact_iso3,,no_match
cbc,,,,I,L,Carapana,False,True,cbc_Latn,exact,cbc,exact_iso3,,no_match
cbd,,,,I,L,Carijona,False,True,,no_match,cbd,exact_iso3,,no_match
cbg,,,,I,L,Chimila,False,True,,no_match,cbg,exact_iso3,,no_match
cbi,,,,I,L,Chachi,False,True,cbi_Latn,exact,cbi,exact_iso3,,no_match
cbj,,,,I,L,Ede Cabe,False,True,,no_match,cbj,exact_iso3,,no_match
cbk,,,,I,L,Chavacano,False,True,cbk_Latn,exact,cbk,exact_iso3,,no_match
cbl,,,,I,L,Bualkhaw Chin,False,True,,no_match,cbl,exact_iso3,,no_match
cbn,,,,I,L,Nyahkur,False,True,,no_match,cbn,exact_iso3,,no_match
cbo,,,,I,L,Izora,False,True,,no_match,cbo,exact_iso3,,no_match
cbq,,,,I,L,Tsucuba,False,True,,no_match,cbq,exact_iso3,,no_match
cbr,,,,I,L,Cashibo-Cacataibo,False,True,cbr_Latn,exact,cbr,exact_iso3,,no_match
cbs,,,,I,L,Cashinahua,False,True,cbs_Latn,exact,cbs,exact_iso3,,no_match
cbt,,,,I,L,Chayahuita,False,True,cbt_Latn,exact,cbt,exact_iso3,,no_match
cbu,,,,I,L,Candoshi-Shapra,False,True,cbu_Latn,exact,cbu,exact_iso3,,no_match
cbv,,,,I,L,Cacua,False,True,cbv_Latn,exact,cbv,exact_iso3,,no_match
cbw,,,,I,L,Kinabalian,False,True,,no_match,cbw,exact_iso3,,no_match
cby,,,,I,L,Carabayo,False,True,,no_match,cby,exact_iso3,,no_match
ccc,,,,I,L,Chamicuro,False,True,,no_match,ccc,exact_iso3,,no_match
ccd,,,,I,L,Cafundo Creole,False,True,,no_match,ccd,exact_iso3,,no_match
cce,,,,I,L,Chopi,False,True,cce_Latn,exact,cce,exact_iso3,,no_match
ccg,,,,I,L,Samba Daka,False,True,,no_match,ccg,exact_iso3,,no_match
cch,,,,I,L,Atsam,False,True,,no_match,cch,exact_iso3,,no_match
ccj,,,,I,L,Kasanga,False,True,,no_match,ccj,exact_iso3,,no_match
ccl,,,,I,L,Cutchi-Swahili,False,True,,no_match,ccl,exact_iso3,,no_match
ccm,,,,I,L,Malaccan Creole Malay,False,True,,no_match,ccm,exact_iso3,,no_match
cco,,,,I,L,Comaltepec Chinantec,False,True,cco_Latn,exact,cco,exact_iso3,,no_match
ccp,,,,I,L,Chakma,False,True,ccp_Latn,exact,ccp,exact_iso3,,no_match
ccr,,,,I,E,Cacaopera,False,False,,no_match,ccr,exact_iso3,,no_match
cda,,,,I,L,Choni,False,True,,no_match,cda,exact_iso3,,no_match
cde,,,,I,L,Chenchu,False,True,,no_match,cde,exact_iso3,,no_match
cdf,,,,I,L,Chiru,False,True,,no_match,cdf,exact_iso3,,no_match
cdh,,,,I,L,Chambeali,False,True,,no_match,cdh,exact_iso3,,no_match
cdi,,,,I,L,Chodri,False,True,,no_match,cdi,exact_iso3,,no_match
cdj,,,,I,L,Churahi,False,True,,no_match,cdj,exact_iso3,,no_match
cdm,,,,I,L,Chepang,False,True,,no_match,cdm,exact_iso3,,no_match
cdn,,,,I,L,Chaudangsi,False,True,,no_match,cdn,exact_iso3,,no_match
cdo,,,,I,L,Min Dong Chinese,False,True,,no_match,cdo,exact_iso3,cdo,exact_iso3
cdr,,,,I,L,Cinda-Regi-Tiyal,False,True,,no_match,cdr,exact_iso3,,no_match
cds,,,,I,L,Chadian Sign Language,False,True,,no_match,cds,exact_iso3,,no_match
cdy,,,,I,L,Chadong,False,True,,no_match,cdy,exact_iso3,,no_match
cdz,,,,I,L,Koda,False,True,,no_match,cdz,exact_iso3,,no_match
cea,,,,I,E,Lower Chehalis,False,False,,no_match,cea,exact_iso3,,no_match
ceb,ceb,ceb,,I,L,Cebuano,False,True,ceb_Latn,exact,ceb,exact_iso3,,no_match
ceg,,,,I,L,Chamacoco,False,True,ceg_Latn,exact,ceg,exact_iso3,,no_match
cek,,,,I,L,Eastern Khumi Chin,False,True,cek_Latn,exact,cek,exact_iso3,,no_match
cen,,,,I,L,Cen,False,True,,no_match,cen,exact_iso3,,no_match
ces,cze,ces,cs,I,L,Czech,False,True,ces_Latn,exact,ces;cs;cze,matched_multiple:iso3+iso1+iso2b,cs,matched_via_bcp47
cet,,,,I,L,Centúúm,False,True,,no_match,cet,exact_iso3,,no_match
cey,,,,I,L,Ekai Chin,False,True,,no_match,cey,exact_iso3,,no_match
cfa,,,,I,L,Dijim-Bwilim,False,True,,no_match,cfa,exact_iso3,,no_match
cfd,,,,I,L,Cara,False,True,,no_match,cfd,exact_iso3,,no_match
cfg,,,,I,L,Como Karim,False,True,,no_match,cfg,exact_iso3,,no_match
cfm,,,,I,L,Falam Chin,False,True,cfm_Latn,exact,cfm,exact_iso3,,no_match
cga,,,,I,L,Changriwa,False,True,,no_match,cga,exact_iso3,,no_match
cgc,,,,I,L,Kagayanen,False,True,cgc_Latn,exact,cgc,exact_iso3,,no_match
cgg,,,,I,L,Chiga,False,True,cgg_Latn,exact,cgg,exact_iso3,cgg,exact_iso3
cgk,,,,I,L,Chocangacakha,False,True,,no_match,cgk,exact_iso3,,no_match
cha,cha,cha,ch,I,L,Chamorro,False,True,cha_Latn,exact,cha;ch,matched_multiple:iso3+iso1,,no_match
chb,chb,chb,,I,E,Chibcha,False,False,,no_match,chb,exact_iso3,,no_match
chc,,,,I,E,Catawba,False,False,,no_match,chc,exact_iso3,,no_match
chd,,,,I,L,Highland Oaxaca Chontal,False,True,chd_Latn,exact,chd,exact_iso3,,no_match
che,che,che,ce,I,L,Chechen,False,True,che_Cyrl,exact,che;ce,matched_multiple:iso3+iso1,ce,matched_via_bcp47
chf,,,,I,L,Tabasco Chontal,False,True,chf_Latn,exact,chf,exact_iso3,,no_match
chg,chg,chg,,I,E,Chagatai,False,False,,no_match,chg,exact_iso3,,no_match
chh,,,,I,E,Chinook,False,False,,no_match,chh,exact_iso3,,no_match
chj,,,,I,L,Ojitlán Chinantec,False,True,chj_Latn,exact,chj,exact_iso3,,no_match
chk,chk,chk,,I,L,Chuukese,False,True,chk_Latn,exact,chk,exact_iso3,,no_match
chl,,,,I,L,Cahuilla,False,True,,no_match,chl,exact_iso3,,no_match
chm,chm,chm,,M,L,Mari (Russia),True,True,,no_match,chm,exact_iso3,,no_match
chn,chn,chn,,I,L,Chinook jargon,False,True,,no_match,chn,exact_iso3,,no_match
cho,cho,cho,,I,L,Choctaw,False,True,cho_Latn,exact,cho,exact_iso3,,no_match
chp,chp,chp,,I,L,Chipewyan,False,True,,no_match,chp,exact_iso3,,no_match
chq,,,,I,L,Quiotepec Chinantec,False,True,chq_Latn,exact,chq,exact_iso3,,no_match
chr,chr,chr,,I,L,Cherokee,False,True,chr_Cher;chr_Latn,multi_script,chr,exact_iso3,,no_match
cht,,,,I,E,Cholón,False,False,,no_match,cht,exact_iso3,,no_match
chu,chu,chu,cu,I,H,Church Slavic,False,False,chu_Cyrl,exact,chu;cu,matched_multiple:iso3+iso1,,no_match
chv,chv,chv,cv,I,L,Chuvash,False,True,chv_Cyrl,exact,chv;cv,matched_multiple:iso3+iso1,cv,matched_via_bcp47
chw,,,,I,L,Chuwabu,False,True,chw_Latn,exact,chw,exact_iso3,,no_match
chx,,,,I,L,Chantyal,False,True,,no_match,chx,exact_iso3,,no_match
chy,chy,chy,,I,L,Cheyenne,False,True,,no_match,chy,exact_iso3,,no_match
chz,,,,I,L,Ozumacín Chinantec,False,True,chz_Latn,exact,chz,exact_iso3,,no_match
cia,,,,I,L,Cia-Cia,False,True,,no_match,cia,exact_iso3,,no_match
cib,,,,I,L,Ci Gbe,False,True,,no_match,cib,exact_iso3,,no_match
cic,,,,I,L,Chickasaw,False,True,,no_match,cic,exact_iso3,,no_match
cid,,,,I,E,Chimariko,False,False,,no_match,cid,exact_iso3,,no_match
cie,,,,I,L,Cineni,False,True,,no_match,cie,exact_iso3,,no_match
cih,,,,I,L,Chinali,False,True,,no_match,cih,exact_iso3,,no_match
cik,,,,I,L,Chitkuli Kinnauri,False,True,,no_match,cik,exact_iso3,,no_match
cim,,,,I,L,Cimbrian,False,True,,no_match,cim,exact_iso3,,no_match
cin,,,,I,L,Cinta Larga,False,True,,no_match,cin,exact_iso3,,no_match
cip,,,,I,L,Chiapanec,False,True,,no_match,cip,exact_iso3,,no_match
cir,,,,I,L,Tiri,False,True,,no_match,cir,exact_iso3,,no_match
ciw,,,,I,L,Chippewa,False,True,,no_match,ciw,exact_iso3,,no_match
ciy,,,,I,L,Chaima,False,True,,no_match,ciy,exact_iso3,,no_match
cja,,,,I,L,Western Cham,False,True,,no_match,cja,exact_iso3,,no_match
cje,,,,I,L,Chru,False,True,,no_match,cje,exact_iso3,,no_match
cjh,,,,I,E,Upper Chehalis,False,False,,no_match,cjh,exact_iso3,,no_match
cji,,,,I,L,Chamalal,False,True,,no_match,cji,exact_iso3,,no_match
cjk,,,,I,L,Chokwe,False,True,cjk_Latn,exact,cjk,exact_iso3,cjk,exact_iso3
cjm,,,,I,L,Eastern Cham,False,True,,no_match,cjm,exact_iso3,,no_match
cjn,,,,I,L,Chenapian,False,True,,no_match,cjn,exact_iso3,,no_match
cjo,,,,I,L,Ashéninka Pajonal,False,True,cjo_Latn,exact,cjo,exact_iso3,,no_match
cjp,,,,I,L,Cabécar,False,True,cjp_Latn,exact,cjp,exact_iso3,,no_match
cjs,,,,I,L,Shor,False,True,cjs_Cyrl,exact,cjs,exact_iso3,,no_match
cjv,,,,I,L,Chuave,False,True,cjv_Latn,exact,cjv,exact_iso3,,no_match
cjy,,,,I,L,Jinyu Chinese,False,True,,no_match,cjy,exact_iso3,,no_match
ckb,,,,I,L,Central Kurdish,False,True,ckb_Arab,exact,ckb,exact_iso3,ckb,exact_iso3
ckh,,,,I,L,Chak,False,True,,no_match,ckh,exact_iso3,,no_match
ckl,,,,I,L,Cibak,False,True,,no_match,ckl,exact_iso3,,no_match
ckm,,,,I,L,Chakavian,False,True,,no_match,ckm,exact_iso3,,no_match
ckn,,,,I,L,Kaang Chin,False,True,,no_match,ckn,exact_iso3,,no_match
cko,,,,I,L,Anufo,False,True,cko_Latn,exact,cko,exact_iso3,,no_match
ckq,,,,I,L,Kajakse,False,True,,no_match,ckq,exact_iso3,,no_match
ckr,,,,I,L,Kairak,False,True,,no_match,ckr,exact_iso3,,no_match
cks,,,,I,L,Tayo,False,True,,no_match,cks,exact_iso3,,no_match
ckt,,,,I,L,Chukot,False,True,ckt_Cyrl,exact,ckt,exact_iso3,,no_match
cku,,,,I,L,Koasati,False,True,,no_match,cku,exact_iso3,,no_match
ckv,,,,I,L,Kavalan,False,True,,no_match,ckv,exact_iso3,,no_match
ckx,,,,I,L,Caka,False,True,,no_match,ckx,exact_iso3,,no_match
cky,,,,I,L,Cakfem-Mushere,False,True,,no_match,cky,exact_iso3,,no_match
ckz,,,,I,L,Cakchiquel-Quiché Mixed Language,False,True,,no_match,ckz,exact_iso3,,no_match
cla,,,,I,L,Ron,False,True,,no_match,cla,exact_iso3,,no_match
clc,,,,I,L,Chilcotin,False,True,,no_match,clc,exact_iso3,,no_match
cld,,,,I,L,Chaldean Neo-Aramaic,False,True,,no_match,cld,exact_iso3,,no_match
cle,,,,I,L,Lealao Chinantec,False,True,cle_Latn,exact,cle,exact_iso3,,no_match
clh,,,,I,L,Chilisso,False,True,,no_match,clh,exact_iso3,,no_match
cli,,,,I,L,Chakali,False,True,,no_match,cli,exact_iso3,,no_match
clj,,,,I,L,Laitu Chin,False,True,,no_match,clj,exact_iso3,,no_match
clk,,,,I,L,Idu-Mishmi,False,True,,no_match,clk,exact_iso3,,no_match
cll,,,,I,L,Chala,False,True,,no_match,cll,exact_iso3,,no_match
clm,,,,I,L,Klallam,False,True,,no_match,clm,exact_iso3,,no_match
clo,,,,I,L,Lowland Oaxaca Chontal,False,True,,no_match,clo,exact_iso3,,no_match
cls,,,,I,H,Classical Sanskrit,False,False,,no_match,cls,exact_iso3,,no_match
clt,,,,I,L,Lautu Chin,False,True,,no_match,clt,exact_iso3,,no_match
clu,,,,I,L,Caluyanun,False,True,clu_Latn,exact,clu,exact_iso3,,no_match
clw,,,,I,L,Chulym,False,True,,no_match,clw,exact_iso3,,no_match
cly,,,,I,L,Eastern Highland Chatino,False,True,cly_Latn,exact,cly,exact_iso3,,no_match
cma,,,,I,L,Maa,False,True,,no_match,cma,exact_iso3,,no_match
cme,,,,I,L,Cerma,False,True,cme_Latn,exact,cme,exact_iso3,,no_match
cmg,,,,I,H,Classical Mongolian,False,False,,no_match,cmg,exact_iso3,,no_match
cmi,,,,I,L,Emberá-Chamí,False,True,,no_match,cmi,exact_iso3,,no_match
cml,,,,I,L,Campalagian,False,True,,no_match,cml,exact_iso3,,no_match
cmm,,,,I,E,Michigamea,False,False,,no_match,cmm,exact_iso3,,no_match
cmn,,,,I,L,Mandarin Chinese,False,True,cmn_Hani,exact,cmn,exact_iso3,,no_match
cmo,,,,I,L,Central Mnong,False,True,cmo_Latn,exact,cmo,exact_iso3,,no_match
cmr,,,,I,L,Mro-Khimi Chin,False,True,cmr_Latn,exact,cmr,exact_iso3,,no_match
cms,,,,I,H,Messapic,False,False,,no_match,cms,exact_iso3,,no_match
cmt,,,,I,L,Camtho,False,True,,no_match,cmt,exact_iso3,,no_match
cna,,,,I,L,Changthang,False,True,,no_match,cna,exact_iso3,,no_match
cnb,,,,I,L,Chinbon Chin,False,True,,no_match,cnb,exact_iso3,,no_match
cnc,,,,I,L,Côông,False,True,,no_match,cnc,exact_iso3,,no_match
cng,,,,I,L,Northern Qiang,False,True,,no_match,cng,exact_iso3,,no_match
cnh,,,,I,L,Hakha Chin,False,True,cnh_Latn,exact,cnh,exact_iso3,cnh,exact_iso3
cni,,,,I,L,Asháninka,False,True,cni_Latn,exact,cni,exact_iso3,,no_match
cnk,,,,I,L,Khumi Chin,False,True,cnk_Latn,exact,cnk,exact_iso3,,no_match
cnl,,,,I,L,Lalana Chinantec,False,True,cnl_Latn,exact,cnl,exact_iso3,,no_match
cno,,,,I,L,Con,False,True,,no_match,cno,exact_iso3,,no_match
cnp,,,,I,L,Northern Ping Chinese,False,True,,no_match,cnp,exact_iso3,,no_match
cnq,,,,I,L,Chung,False,True,,no_match,cnq,exact_iso3,,no_match
cnr,cnr,cnr,,I,L,Montenegrin,False,True,,no_match,cnr,exact_iso3,,no_match
cns,,,,I,L,Central Asmat,False,True,,no_match,cns,exact_iso3,,no_match
cnt,,,,I,L,Tepetotutla Chinantec,False,True,cnt_Latn,exact,cnt,exact_iso3,,no_match
cnu,,,,I,L,Chenoua,False,True,,no_match,cnu,exact_iso3,,no_match
cnw,,,,I,L,Ngawn Chin,False,True,cnw_Latn,exact,cnw,exact_iso3,,no_match
cnx,,,,I,H,Middle Cornish,False,False,,no_match,cnx,exact_iso3,,no_match
coa,,,,I,L,Cocos Islands Malay,False,True,,no_match,coa,exact_iso3,,no_match
cob,,,,I,E,Chicomuceltec,False,False,,no_match,cob,exact_iso3,,no_match
coc,,,,I,L,Cocopa,False,True,,no_match,coc,exact_iso3,,no_match
cod,,,,I,L,Cocama-Cocamilla,False,True,,no_match,cod,exact_iso3,,no_match
coe,,,,I,L,Koreguaje,False,True,coe_Latn,exact,coe,exact_iso3,,no_match
cof,,,,I,L,Colorado,False,True,cof_Latn,exact,cof,exact_iso3,,no_match
cog,,,,I,L,Chong,False,True,,no_match,cog,exact_iso3,,no_match
coh,,,,I,L,Chonyi-Dzihana-Kauma,False,True,,no_match,coh,exact_iso3,,no_match
coj,,,,I,E,Cochimi,False,False,,no_match,coj,exact_iso3,,no_match
cok,,,,I,L,Santa Teresa Cora,False,True,cok_Latn,exact,cok,exact_iso3,,no_match
col,,,,I,L,Columbia-Wenatchi,False,True,,no_match,col,exact_iso3,,no_match
com,,,,I,L,Comanche,False,True,,no_match,com,exact_iso3,,no_match
con,,,,I,L,Cofán,False,True,con_Latn,exact,con,exact_iso3,,no_match
coo,,,,I,L,Comox,False,True,,no_match,coo,exact_iso3,,no_match
cop,cop,cop,,I,E,Coptic,False,False,cop_Copt,exact,cop,exact_iso3,,no_match
coq,,,,I,E,Coquille,False,False,,no_match,coq,exact_iso3,,no_match
cor,cor,cor,kw,I,L,Cornish,False,True,cor_Latn,exact,cor;kw,matched_multiple:iso3+iso1,kw,matched_via_bcp47
cos,cos,cos,co,I,L,Corsican,False,True,cos_Latn,exact,cos;co,matched_multiple:iso3+iso1,co,matched_via_bcp47
cot,,,,I,L,Caquinte,False,True,cot_Latn,exact,cot,exact_iso3,,no_match
cou,,,,I,L,Wamey,False,True,cou_Latn,exact,cou,exact_iso3,,no_match
cov,,,,I,L,Cao Miao,False,True,,no_match,cov,exact_iso3,,no_match
cow,,,,I,E,Cowlitz,False,False,,no_match,cow,exact_iso3,,no_match
cox,,,,I,L,Nanti,False,True,,no_match,cox,exact_iso3,,no_match
coz,,,,I,L,Chochotec,False,True,,no_match,coz,exact_iso3,,no_match
cpa,,,,I,L,Palantla Chinantec,False,True,cpa_Latn,exact,cpa,exact_iso3,,no_match
cpb,,,,I,L,Ucayali-Yurúa Ashéninka,False,True,cpb_Latn,exact,cpb,exact_iso3,,no_match
cpc,,,,I,L,Ajyíninka Apurucayali,False,True,cpc_Latn,exact,cpc,exact_iso3,,no_match
cpg,,,,I,E,Cappadocian Greek,False,False,,no_match,cpg,exact_iso3,,no_match
cpi,,,,I,L,Chinese Pidgin English,False,True,,no_match,cpi,exact_iso3,,no_match
cpn,,,,I,L,Cherepon,False,True,,no_match,cpn,exact_iso3,,no_match
cpo,,,,I,L,Kpeego,False,True,,no_match,cpo,exact_iso3,,no_match
cps,,,,I,L,Capiznon,False,True,,no_match,cps,exact_iso3,,no_match
cpu,,,,I,L,Pichis Ashéninka,False,True,cpu_Latn,exact,cpu,exact_iso3,,no_match
cpx,,,,I,L,Pu-Xian Chinese,False,True,,no_match,cpx,exact_iso3,cpx,exact_iso3
cpy,,,,I,L,South Ucayali Ashéninka,False,True,cpy_Latn,exact,cpy,exact_iso3,cpy,exact_iso3
cqd,,,,I,L,Chuanqiandian Cluster Miao,False,True,,no_match,cqd,exact_iso3,,no_match
cra,,,,I,L,Chara,False,True,,no_match,cra,exact_iso3,,no_match
crb,,,,I,E,Island Carib,False,False,,no_match,crb,exact_iso3,,no_match
crc,,,,I,L,Lonwolwol,False,True,,no_match,crc,exact_iso3,,no_match
crd,,,,I,L,Coeur d'Alene,False,True,,no_match,crd,exact_iso3,,no_match
cre,cre,cre,cr,M,L,Cree,True,True,,no_match,cre;cr,matched_multiple:iso3+iso1,,no_match
crf,,,,I,E,Caramanta,False,False,,no_match,crf,exact_iso3,,no_match
crg,,,,I,L,Michif,False,True,,no_match,crg,exact_iso3,,no_match
crh,crh,crh,,I,L,Crimean Tatar,False,True,crh_Cyrl;crh_Latn,multi_script,crh,exact_iso3,crh,exact_iso3
cri,,,,I,L,Sãotomense,False,True,,no_match,cri,exact_iso3,,no_match
crj,,,,I,L,Southern East Cree,False,True,crj_Cans,exact,crj,exact_iso3,,no_match
crk,,,,I,L,Plains Cree,False,True,crk_Cans;crk_Latn,multi_script,crk,exact_iso3,,no_match
crl,,,,I,L,Northern East Cree,False,True,crl_Cans,exact,crl,exact_iso3,,no_match
crm,,,,I,L,Moose Cree,False,True,crm_Cans,exact,crm,exact_iso3,,no_match
crn,,,,I,L,El Nayar Cora,False,True,crn_Latn,exact,crn,exact_iso3,,no_match
cro,,,,I,L,Crow,False,True,,no_match,cro,exact_iso3,,no_match
crq,,,,I,L,Iyo'wujwa Chorote,False,True,,no_match,crq,exact_iso3,,no_match
crr,,,,I,E,Carolina Algonquian,False,False,,no_match,crr,exact_iso3,,no_match
crs,,,,I,L,Seselwa Creole French,False,True,crs_Latn,exact,crs,exact_iso3,,no_match
crt,,,,I,L,Iyojwa'ja Chorote,False,True,crt_Latn,exact,crt,exact_iso3,,no_match
crv,,,,I,L,Chaura,False,True,,no_match,crv,exact_iso3,,no_match
crw,,,,I,L,Chrau,False,True,,no_match,crw,exact_iso3,,no_match
crx,,,,I,L,Carrier,False,True,crx_Latn,exact,crx,exact_iso3,,no_match
cry,,,,I,L,Cori,False,True,,no_match,cry,exact_iso3,,no_match
crz,,,,I,E,Cruzeño,False,False,,no_match,crz,exact_iso3,,no_match
csa,,,,I,L,Chiltepec Chinantec,False,True,,no_match,csa,exact_iso3,,no_match
csb,csb,csb,,I,L,Kashubian,False,True,csb_Latn,exact,csb,exact_iso3,,no_match
csc,,,,I,L,Catalan Sign Language,False,True,,no_match,csc,exact_iso3,,no_match
csd,,,,I,L,Chiangmai Sign Language,False,True,,no_match,csd,exact_iso3,,no_match
cse,,,,I,L,Czech Sign Language,False,True,,no_match,cse,exact_iso3,,no_match
csf,,,,I,L,Cuba Sign Language,False,True,,no_match,csf,exact_iso3,,no_match
csg,,,,I,L,Chilean Sign Language,False,True,,no_match,csg,exact_iso3,,no_match
csh,,,,I,L,Asho Chin,False,True,,no_match,csh,exact_iso3,,no_match
csi,,,,I,E,Coast Miwok,False,False,,no_match,csi,exact_iso3,,no_match
csj,,,,I,L,Songlai Chin,False,True,,no_match,csj,exact_iso3,,no_match
csk,,,,I,L,Jola-Kasa,False,True,csk_Latn,exact,csk,exact_iso3,,no_match
csl,,,,I,L,Chinese Sign Language,False,True,,no_match,csl,exact_iso3,,no_match
csm,,,,I,L,Central Sierra Miwok,False,True,,no_match,csm,exact_iso3,,no_match
csn,,,,I,L,Colombian Sign Language,False,True,,no_match,csn,exact_iso3,,no_match
cso,,,,I,L,Sochiapam Chinantec,False,True,cso_Latn,exact,cso,exact_iso3,,no_match
csp,,,,I,L,Southern Ping Chinese,False,True,,no_match,csp,exact_iso3,,no_match
csq,,,,I,L,Croatia Sign Language,False,True,,no_match,csq,exact_iso3,,no_match
csr,,,,I,L,Costa Rican Sign Language,False,True,,no_match,csr,exact_iso3,,no_match
css,,,,I,E,Southern Ohlone,False,False,,no_match,css,exact_iso3,,no_match
cst,,,,I,L,Northern Ohlone,False,True,,no_match,cst,exact_iso3,,no_match
csv,,,,I,L,Sumtu Chin,False,True,,no_match,csv,exact_iso3,,no_match
csw,,,,I,L,Swampy Cree,False,True,csw_Latn,exact,csw,exact_iso3,,no_match
csx,,,,I,L,Cambodian Sign Language,False,True,,no_match,csx,exact_iso3,,no_match
csy,,,,I,L,Siyin Chin,False,True,csy_Latn,exact,csy,exact_iso3,,no_match
csz,,,,I,L,Coos,False,True,,no_match,csz,exact_iso3,,no_match
cta,,,,I,L,Tataltepec Chatino,False,True,cta_Latn,exact,cta,exact_iso3,,no_match
ctc,,,,I,E,Chetco,False,False,,no_match,ctc,exact_iso3,,no_match
ctd,,,,I,L,Tedim Chin,False,True,ctd_Latn,exact,ctd,exact_iso3,,no_match
cte,,,,I,L,Tepinapa Chinantec,False,True,,no_match,cte,exact_iso3,,no_match
ctg,,,,I,L,Chittagonian,False,True,,no_match,ctg,exact_iso3,,no_match
cth,,,,I,L,Thaiphum Chin,False,True,,no_match,cth,exact_iso3,,no_match
ctl,,,,I,L,Tlacoatzintepec Chinantec,False,True,,no_match,ctl,exact_iso3,,no_match
ctm,,,,I,E,Chitimacha,False,False,,no_match,ctm,exact_iso3,,no_match
ctn,,,,I,L,Chhintange,False,True,,no_match,ctn,exact_iso3,,no_match
cto,,,,I,L,Emberá-Catío,False,True,cto_Latn,exact,cto,exact_iso3,,no_match
ctp,,,,I,L,Western Highland Chatino,False,True,ctp_Latn,exact,ctp,exact_iso3,,no_match
cts,,,,I,L,Northern Catanduanes Bikol,False,True,,no_match,cts,exact_iso3,,no_match
ctt,,,,I,L,Wayanad Chetti,False,True,,no_match,ctt,exact_iso3,,no_match
ctu,,,,I,L,Chol,False,True,ctu_Latn,exact,ctu,exact_iso3,,no_match
cty,,,,I,L,Moundadan Chetty,False,True,,no_match,cty,exact_iso3,,no_match
ctz,,,,I,L,Zacatepec Chatino,False,True,,no_match,ctz,exact_iso3,,no_match
cua,,,,I,L,Cua,False,True,,no_match,cua,exact_iso3,,no_match
cub,,,,I,L,Cubeo,False,True,cub_Latn,exact,cub,exact_iso3,,no_match
cuc,,,,I,L,Usila Chinantec,False,True,cuc_Latn,exact,cuc,exact_iso3,,no_match
cuh,,,,I,L,Chuka,False,True,,no_match,cuh,exact_iso3,,no_match
cui,,,,I,L,Cuiba,False,True,cui_Latn,exact,cui,exact_iso3,,no_match
cuj,,,,I,L,Mashco Piro,False,True,,no_match,cuj,exact_iso3,,no_match
cuk,,,,I,L,San Blas Kuna,False,True,cuk_Latn,exact,cuk,exact_iso3,,no_match
cul,,,,I,L,Culina,False,True,cul_Latn,exact,cul,exact_iso3,,no_match
cuo,,,,I,E,Cumanagoto,False,False,,no_match,cuo,exact_iso3,,no_match
cup,,,,I,E,Cupeño,False,False,,no_match,cup,exact_iso3,,no_match
cuq,,,,I,L,Cun,False,True,,no_match,cuq,exact_iso3,,no_match
cur,,,,I,L,Chhulung,False,True,,no_match,cur,exact_iso3,,no_match
cut,,,,I,L,Teutila Cuicatec,False,True,cut_Latn,exact,cut,exact_iso3,cut,exact_iso3
cuu,,,,I,L,Tai Ya,False,True,,no_match,cuu,exact_iso3,,no_match
cuv,,,,I,L,Cuvok,False,True,,no_match,cuv,exact_iso3,,no_match
cuw,,,,I,L,Chukwa,False,True,,no_match,cuw,exact_iso3,,no_match
cux,,,,I,L,Tepeuxila Cuicatec,False,True,cux_Latn,exact,cux,exact_iso3,cux,exact_iso3
cuy,,,,I,L,Cuitlatec,False,True,,no_match,cuy,exact_iso3,,no_match
cvg,,,,I,L,Chug,False,True,,no_match,cvg,exact_iso3,,no_match
cvn,,,,I,L,Valle Nacional Chinantec,False,True,,no_match,cvn,exact_iso3,,no_match
cwa,,,,I,L,Kabwa,False,True,,no_match,cwa,exact_iso3,,no_match
cwb,,,,I,L,Maindo,False,True,,no_match,cwb,exact_iso3,,no_match
cwd,,,,I,L,Woods Cree,False,True,,no_match,cwd,exact_iso3,,no_match
cwe,,,,I,L,Kwere,False,True,cwe_Latn,exact,cwe,exact_iso3,,no_match
cwg,,,,I,L,Chewong,False,True,,no_match,cwg,exact_iso3,,no_match
cwt,,,,I,L,Kuwaataay,False,True,cwt_Latn,exact,cwt,exact_iso3,,no_match
cxh,,,,I,L,Cha'ari,False,True,,no_match,,no_match,,no_match
cya,,,,I,L,Nopala Chatino,False,True,cya_Latn,exact,cya,exact_iso3,,no_match
cyb,,,,I,E,Cayubaba,False,False,,no_match,cyb,exact_iso3,,no_match
cym,wel,cym,cy,I,L,Welsh,False,True,cym_Latn,exact,cym;cy,matched_multiple:iso3+iso1,cy,matched_via_bcp47
cyo,,,,I,L,Cuyonon,False,True,,no_match,cyo,exact_iso3,,no_match
czh,,,,I,L,Huizhou Chinese,False,True,,no_match,czh,exact_iso3,,no_match
czk,,,,I,E,Knaanic,False,False,,no_match,czk,exact_iso3,,no_match
czn,,,,I,L,Zenzontepec Chatino,False,True,,no_match,czn,exact_iso3,,no_match
czo,,,,I,L,Min Zhong Chinese,False,True,,no_match,czo,exact_iso3,,no_match
czt,,,,I,L,Zotung Chin,False,True,czt_Latn,exact,czt,exact_iso3,,no_match
daa,,,,I,L,Dangaléat,False,True,daa_Latn,exact,daa,exact_iso3,,no_match
dac,,,,I,L,Dambi,False,True,,no_match,dac,exact_iso3,,no_match
dad,,,,I,L,Marik,False,True,dad_Latn,exact,dad,exact_iso3,,no_match
dae,,,,I,L,Duupa,False,True,,no_match,dae,exact_iso3,,no_match
dag,,,,I,L,Dagbani,False,True,dag_Latn,exact,dag,exact_iso3,dag,exact_iso3
dah,,,,I,L,Gwahatike,False,True,dah_Latn,exact,dah,exact_iso3,,no_match
dai,,,,I,L,Day,False,True,,no_match,dai,exact_iso3,,no_match
daj,,,,I,L,Dar Fur Daju,False,True,,no_match,daj,exact_iso3,,no_match
dak,dak,dak,,I,L,Dakota,False,True,dak_Latn,exact,dak,exact_iso3,,no_match
dal,,,,I,L,Dahalo,False,True,,no_match,dal,exact_iso3,,no_match
dam,,,,I,L,Damakawa,False,True,,no_match,dam,exact_iso3,,no_match
dan,dan,dan,da,I,L,Danish,False,True,dan_Latn,exact,dan;da,matched_multiple:iso3+iso1,da,matched_via_bcp47
dao,,,,I,L,Daai Chin,False,True,,no_match,dao,exact_iso3,,no_match
daq,,,,I,L,Dandami Maria,False,True,,no_match,daq,exact_iso3,,no_match
dar,dar,dar,,I,L,Dargwa,False,True,dar_Cyrl,exact,dar,exact_iso3,dar,exact_iso3
das,,,,I,L,Daho-Doo,False,True,,no_match,das,exact_iso3,,no_match
dau,,,,I,L,Dar Sila Daju,False,True,,no_match,dau,exact_iso3,,no_match
dav,,,,I,L,Taita,False,True,,no_match,dav,exact_iso3,dav,exact_iso3
daw,,,,I,L,Davawenyo,False,True,,no_match,daw,exact_iso3,,no_match
dax,,,,I,L,Dayi,False,True,,no_match,dax,exact_iso3,,no_match
daz,,,,I,L,Moi-Wadea,False,True,,no_match,daz,exact_iso3,,no_match
dba,,,,I,L,Bangime,False,True,,no_match,dba,exact_iso3,,no_match
dbb,,,,I,L,Deno,False,True,,no_match,dbb,exact_iso3,,no_match
dbd,,,,I,L,Dadiya,False,True,,no_match,dbd,exact_iso3,,no_match
dbe,,,,I,L,Dabe,False,True,,no_match,dbe,exact_iso3,,no_match
dbf,,,,I,L,Edopi,False,True,,no_match,dbf,exact_iso3,,no_match
dbg,,,,I,L,Dogul Dom Dogon,False,True,,no_match,dbg,exact_iso3,,no_match
dbi,,,,I,L,Doka,False,True,,no_match,dbi,exact_iso3,,no_match
dbj,,,,I,L,Ida'an,False,True,,no_match,dbj,exact_iso3,,no_match
dbl,,,,I,L,Dyirbal,False,True,,no_match,dbl,exact_iso3,,no_match
dbm,,,,I,L,Duguri,False,True,,no_match,dbm,exact_iso3,,no_match
dbn,,,,I,L,Duriankere,False,True,,no_match,dbn,exact_iso3,,no_match
dbo,,,,I,L,Dulbu,False,True,,no_match,dbo,exact_iso3,,no_match
dbp,,,,I,L,Duwai,False,True,,no_match,dbp,exact_iso3,,no_match
dbq,,,,I,L,Daba,False,True,,no_match,dbq,exact_iso3,,no_match
dbr,,,,I,L,Dabarre,False,True,,no_match,dbr,exact_iso3,,no_match
dbt,,,,I,L,Ben Tey Dogon,False,True,,no_match,dbt,exact_iso3,,no_match
dbu,,,,I,L,Bondum Dom Dogon,False,True,,no_match,dbu,exact_iso3,,no_match
dbv,,,,I,L,Dungu,False,True,,no_match,dbv,exact_iso3,,no_match
dbw,,,,I,L,Bankan Tey Dogon,False,True,,no_match,dbw,exact_iso3,,no_match
dby,,,,I,L,Dibiyaso,False,True,,no_match,dby,exact_iso3,,no_match
dcc,,,,I,L,Deccan,False,True,,no_match,dcc,exact_iso3,,no_match
dcr,,,,I,E,Negerhollands,False,False,,no_match,dcr,exact_iso3,,no_match
dda,,,,I,E,Dadi Dadi,False,False,,no_match,dda,exact_iso3,,no_match
ddd,,,,I,L,Dongotono,False,True,,no_match,ddd,exact_iso3,,no_match
dde,,,,I,L,Doondo,False,True,,no_match,dde,exact_iso3,,no_match
ddg,,,,I,L,Fataluku,False,True,ddg_Latn,exact,ddg,exact_iso3,,no_match
ddi,,,,I,L,West Goodenough,False,True,,no_match,ddi,exact_iso3,,no_match
ddj,,,,I,L,Jaru,False,True,,no_match,ddj,exact_iso3,,no_match
ddn,,,,I,L,Dendi (Benin),False,True,ddn_Latn,exact,ddn,exact_iso3,,no_match
ddo,,,,I,L,Dido,False,True,,no_match,ddo,exact_iso3,,no_match
ddr,,,,I,E,Dhudhuroa,False,False,,no_match,ddr,exact_iso3,,no_match
dds,,,,I,L,Donno So Dogon,False,True,,no_match,dds,exact_iso3,,no_match
ddw,,,,I,L,Dawera-Daweloor,False,True,,no_match,ddw,exact_iso3,,no_match
dec,,,,I,L,Dagik,False,True,,no_match,dec,exact_iso3,,no_match
ded,,,,I,L,Dedua,False,True,ded_Latn,exact,ded,exact_iso3,,no_match
dee,,,,I,L,Dewoin,False,True,,no_match,dee,exact_iso3,,no_match
def,,,,I,L,Dezfuli,False,True,,no_match,def,exact_iso3,,no_match
deg,,,,I,L,Degema,False,True,,no_match,deg,exact_iso3,,no_match
deh,,,,I,L,Dehwari,False,True,,no_match,deh,exact_iso3,,no_match
dei,,,,I,L,Demisa,False,True,,no_match,dei,exact_iso3,,no_match
del,del,del,,M,L,Delaware,True,True,,no_match,del,exact_iso3,,no_match
dem,,,,I,L,Dem,False,True,,no_match,dem,exact_iso3,,no_match
den,den,den,,M,L,Slavey,True,True,,no_match,den,exact_iso3,,no_match
dep,,,,I,E,Pidgin Delaware,False,False,,no_match,dep,exact_iso3,,no_match
deq,,,,I,L,Dendi (Central African Republic),False,True,,no_match,deq,exact_iso3,,no_match
der,,,,I,L,Deori,False,True,,no_match,der,exact_iso3,,no_match
des,,,,I,L,Desano,False,True,des_Latn,exact,des,exact_iso3,,no_match
deu,ger,deu,de,I,L,German,False,True,deu_Latn,exact,deu;de;ger,matched_multiple:iso3+iso1+iso2b,de,matched_via_bcp47
dev,,,,I,L,Domung,False,True,,no_match,dev,exact_iso3,,no_match
dez,,,,I,L,Dengese,False,True,,no_match,dez,exact_iso3,,no_match
dga,,,,I,L,Southern Dagaare,False,True,dga_Latn,exact,dga,exact_iso3,,no_match
dgb,,,,I,L,Bunoge Dogon,False,True,,no_match,dgb,exact_iso3,,no_match
dgc,,,,I,L,Casiguran Dumagat Agta,False,True,dgc_Latn,exact,dgc,exact_iso3,,no_match
dgd,,,,I,L,Dagaari Dioula,False,True,,no_match,dgd,exact_iso3,,no_match
dge,,,,I,L,Degenan,False,True,,no_match,dge,exact_iso3,,no_match
dgg,,,,I,L,Doga,False,True,,no_match,dgg,exact_iso3,,no_match
dgh,,,,I,L,Dghwede,False,True,,no_match,dgh,exact_iso3,,no_match
dgi,,,,I,L,Northern Dagara,False,True,dgi_Latn,exact,dgi,exact_iso3,,no_match
dgk,,,,I,L,Dagba,False,True,,no_match,dgk,exact_iso3,,no_match
dgl,,,,I,L,Andaandi,False,True,,no_match,dgl,exact_iso3,,no_match
dgn,,,,I,E,Dagoman,False,False,,no_match,dgn,exact_iso3,,no_match
dgo,,,,I,L,Dogri (individual language),False,True,,no_match,dgo,exact_iso3,,no_match
dgr,dgr,dgr,,I,L,Tlicho,False,True,dgr_Latn,exact,dgr,exact_iso3,,no_match
dgs,,,,I,L,Dogoso,False,True,,no_match,dgs,exact_iso3,,no_match
dgt,,,,I,E,Ndra'ngith,False,False,,no_match,dgt,exact_iso3,,no_match
dgw,,,,I,E,Daungwurrung,False,False,,no_match,dgw,exact_iso3,,no_match
dgx,,,,I,L,Doghoro,False,True,,no_match,dgx,exact_iso3,,no_match
dgz,,,,I,L,Daga,False,True,dgz_Latn,exact,dgz,exact_iso3,,no_match
dhd,,,,I,L,Dhundari,False,True,,no_match,dhd,exact_iso3,,no_match
dhg,,,,I,L,Dhangu-Djangu,False,True,dhg_Latn,exact,dhg,exact_iso3,,no_match
dhi,,,,I,L,Dhimal,False,True,,no_match,dhi,exact_iso3,,no_match
dhl,,,,I,L,Dhalandji,False,True,,no_match,dhl,exact_iso3,,no_match
dhm,,,,I,L,Zemba,False,True,dhm_Latn,exact,dhm,exact_iso3,,no_match
dhn,,,,I,L,Dhanki,False,True,,no_match,dhn,exact_iso3,,no_match
dho,,,,I,L,Dhodia,False,True,,no_match,dho,exact_iso3,,no_match
dhr,,,,I,L,Dhargari,False,True,,no_match,dhr,exact_iso3,,no_match
dhs,,,,I,L,Dhaiso,False,True,,no_match,dhs,exact_iso3,,no_match
dhu,,,,I,E,Dhurga,False,False,,no_match,dhu,exact_iso3,,no_match
dhv,,,,I,L,Dehu,False,True,dhv_Latn,exact,dhv,exact_iso3,,no_match
dhw,,,,I,L,Dhanwar (Nepal),False,True,,no_match,dhw,exact_iso3,,no_match
dhx,,,,I,L,Dhungaloo,False,True,,no_match,dhx,exact_iso3,,no_match
dia,,,,I,L,Dia,False,True,,no_match,dia,exact_iso3,,no_match
dib,,,,I,L,South Central Dinka,False,True,,no_match,dib,exact_iso3,,no_match
dic,,,,I,L,Lakota Dida,False,True,,no_match,dic,exact_iso3,,no_match
did,,,,I,L,Didinga,False,True,did_Latn,exact,did,exact_iso3,,no_match
dif,,,,I,E,Dieri,False,False,,no_match,dif,exact_iso3,,no_match
dig,,,,I,L,Digo,False,True,dig_Latn,exact,dig,exact_iso3,,no_match
dih,,,,I,L,Kumiai,False,True,,no_match,dih,exact_iso3,,no_match
dii,,,,I,L,Dimbong,False,True,,no_match,dii,exact_iso3,,no_match
dij,,,,I,L,Dai,False,True,,no_match,dij,exact_iso3,,no_match
dik,,,,I,L,Southwestern Dinka,False,True,dik_Latn,exact,dik,exact_iso3,,no_match
dil,,,,I,L,Dilling,False,True,,no_match,dil,exact_iso3,,no_match
dim,,,,I,L,Dime,False,True,,no_match,dim,exact_iso3,,no_match
din,din,din,,M,L,Dinka,True,True,,no_match,din,exact_iso3,din,exact_iso3
dio,,,,I,L,Dibo,False,True,,no_match,dio,exact_iso3,,no_match
dip,,,,I,L,Northeastern Dinka,False,True,,no_match,dip,exact_iso3,,no_match
diq,,,,I,L,Dimli (individual language),False,True,diq_Latn,exact,diq,exact_iso3,,no_match
dir,,,,I,L,Dirim,False,True,,no_match,dir,exact_iso3,,no_match
dis,,,,I,L,Dimasa,False,True,dis_Latn,exact,dis,exact_iso3,,no_match
diu,,,,I,L,Diriku,False,True,diu_Latn,exact,diu,exact_iso3,,no_match
div,div,div,dv,I,L,Dhivehi,False,True,div_Thaa,exact,div;dv,matched_multiple:iso3+iso1,dv,matched_via_bcp47
diw,,,,I,L,Northwestern Dinka,False,True,,no_match,diw,exact_iso3,,no_match
dix,,,,I,L,Dixon Reef,False,True,,no_match,dix,exact_iso3,,no_match
diy,,,,I,L,Diuwe,False,True,,no_match,diy,exact_iso3,,no_match
diz,,,,I,L,Ding,False,True,,no_match,diz,exact_iso3,,no_match
dja,,,,I,E,Djadjawurrung,False,False,,no_match,dja,exact_iso3,,no_match
djb,,,,I,L,Djinba,False,True,,no_match,djb,exact_iso3,,no_match
djc,,,,I,L,Dar Daju Daju,False,True,,no_match,djc,exact_iso3,,no_match
djd,,,,I,L,Djamindjung,False,True,,no_match,djd,exact_iso3,,no_match
dje,,,,I,L,Zarma,False,True,dje_Latn,exact,dje,exact_iso3,,no_match
djf,,,,I,E,Djangun,False,False,,no_match,djf,exact_iso3,,no_match
dji,,,,I,L,Djinang,False,True,,no_match,dji,exact_iso3,,no_match
djj,,,,I,L,Djeebbana,False,True,,no_match,djj,exact_iso3,,no_match
djk,,,,I,L,Eastern Maroon Creole,False,True,djk_Latn,exact,djk,exact_iso3,,no_match
djm,,,,I,L,Jamsay Dogon,False,True,,no_match,djm,exact_iso3,,no_match
djn,,,,I,L,Jawoyn,False,True,,no_match,djn,exact_iso3,,no_match
djo,,,,I,L,Jangkang,False,True,,no_match,djo,exact_iso3,,no_match
djr,,,,I,L,Djambarrpuyngu,False,True,djr_Latn,exact,djr,exact_iso3,,no_match
dju,,,,I,L,Kapriman,False,True,,no_match,dju,exact_iso3,,no_match
djw,,,,I,E,Djawi,False,False,,no_match,djw,exact_iso3,,no_match
dka,,,,I,L,Dakpakha,False,True,,no_match,dka,exact_iso3,,no_match
dkg,,,,I,L,Kadung,False,True,,no_match,dkg,exact_iso3,,no_match
dkk,,,,I,L,Dakka,False,True,,no_match,dkk,exact_iso3,,no_match
dkr,,,,I,L,Kuijau,False,True,,no_match,dkr,exact_iso3,,no_match
dks,,,,I,L,Southeastern Dinka,False,True,dks_Latn,exact,dks,exact_iso3,,no_match
dkx,,,,I,L,Mazagway,False,True,,no_match,dkx,exact_iso3,,no_match
dlg,,,,I,L,Dolgan,False,True,,no_match,dlg,exact_iso3,,no_match
dlk,,,,I,L,Dahalik,False,True,,no_match,dlk,exact_iso3,,no_match
dlm,,,,I,E,Dalmatian,False,False,,no_match,dlm,exact_iso3,,no_match
dln,,,,I,L,Darlong,False,True,dln_Latn,exact,dln,exact_iso3,,no_match
dma,,,,I,L,Duma,False,True,,no_match,dma,exact_iso3,,no_match
dmb,,,,I,L,Mombo Dogon,False,True,,no_match,dmb,exact_iso3,,no_match
dmc,,,,I,L,Gavak,False,True,,no_match,dmc,exact_iso3,,no_match
dmd,,,,I,E,Madhi Madhi,False,False,,no_match,dmd,exact_iso3,,no_match
dme,,,,I,L,Dugwor,False,True,,no_match,dme,exact_iso3,,no_match
dmf,,,,I,E,Medefaidrin,False,False,,no_match,dmf,exact_iso3,,no_match
dmg,,,,I,L,Upper Kinabatangan,False,True,,no_match,dmg,exact_iso3,,no_match
dmk,,,,I,L,Domaaki,False,True,,no_match,dmk,exact_iso3,dmk,exact_iso3
dml,,,,I,L,Dameli,False,True,,no_match,dml,exact_iso3,dml,exact_iso3
dmm,,,,I,L,Dama,False,True,,no_match,dmm,exact_iso3,,no_match
dmo,,,,I,L,Kemedzung,False,True,,no_match,dmo,exact_iso3,,no_match
dmr,,,,I,L,East Damar,False,True,,no_match,dmr,exact_iso3,,no_match
dms,,,,I,L,Dampelas,False,True,,no_match,dms,exact_iso3,,no_match
dmu,,,,I,L,Dubu,False,True,,no_match,dmu,exact_iso3,,no_match
dmv,,,,I,L,Dumpas,False,True,,no_match,dmv,exact_iso3,,no_match
dmw,,,,I,L,Mudburra,False,True,,no_match,dmw,exact_iso3,,no_match
dmx,,,,I,L,Dema,False,True,,no_match,dmx,exact_iso3,,no_match
dmy,,,,I,L,Demta,False,True,,no_match,dmy,exact_iso3,,no_match
dna,,,,I,L,Upper Grand Valley Dani,False,True,,no_match,dna,exact_iso3,,no_match
dnd,,,,I,L,Daonda,False,True,,no_match,dnd,exact_iso3,,no_match
dne,,,,I,L,Ndendeule,False,True,,no_match,dne,exact_iso3,,no_match
dng,,,,I,L,Dungan,False,True,dng_Cyrl,exact,dng,exact_iso3,,no_match
dni,,,,I,L,Lower Grand Valley Dani,False,True,,no_match,dni,exact_iso3,,no_match
dnj,,,,I,L,Dan,False,True,dnj_Latn,exact,dnj,exact_iso3,,no_match
dnk,,,,I,L,Dengka,False,True,,no_match,dnk,exact_iso3,,no_match
dnn,,,,I,L,Dzùùngoo,False,True,,no_match,dnn,exact_iso3,,no_match
dno,,,,I,L,Ndrulo,False,True,,no_match,dno,exact_iso3,,no_match
dnr,,,,I,L,Danaru,False,True,,no_match,dnr,exact_iso3,,no_match
dnt,,,,I,L,Mid Grand Valley Dani,False,True,,no_match,dnt,exact_iso3,,no_match
dnu,,,,I,L,Danau,False,True,,no_match,dnu,exact_iso3,,no_match
dnv,,,,I,L,Danu,False,True,,no_match,dnv,exact_iso3,,no_match
dnw,,,,I,L,Western Dani,False,True,dnw_Latn,exact,dnw,exact_iso3,,no_match
dny,,,,I,L,Dení,False,True,,no_match,dny,exact_iso3,,no_match
doa,,,,I,L,Dom,False,True,,no_match,doa,exact_iso3,,no_match
dob,,,,I,L,Dobu,False,True,dob_Latn,exact,dob,exact_iso3,,no_match
doc,,,,I,L,Northern Dong,False,True,,no_match,doc,exact_iso3,,no_match
doe,,,,I,L,Doe,False,True,,no_match,doe,exact_iso3,,no_match
dof,,,,I,L,Domu,False,True,,no_match,dof,exact_iso3,,no_match
doh,,,,I,L,Dong,False,True,,no_match,doh,exact_iso3,,no_match
doi,doi,doi,,M,L,Dogri (macrolanguage),True,True,doi_Deva,exact,doi,exact_iso3,,no_match
dok,,,,I,L,Dondo,False,True,,no_match,dok,exact_iso3,,no_match
dol,,,,I,L,Doso,False,True,,no_match,dol,exact_iso3,,no_match
don,,,,I,L,Toura (Papua New Guinea),False,True,,no_match,don,exact_iso3,,no_match
doo,,,,I,L,Dongo,False,True,,no_match,doo,exact_iso3,,no_match
dop,,,,I,L,Lukpa,False,True,dop_Latn,exact,dop,exact_iso3,,no_match
doq,,,,I,L,Dominican Sign Language,False,True,,no_match,doq,exact_iso3,,no_match
dor,,,,I,L,Dori'o,False,True,,no_match,dor,exact_iso3,,no_match
dos,,,,I,L,Dogosé,False,True,dos_Latn,exact,dos,exact_iso3,,no_match
dot,,,,I,L,Dass,False,True,,no_match,dot,exact_iso3,,no_match
dov,,,,I,L,Dombe,False,True,,no_match,dov,exact_iso3,,no_match
dow,,,,I,L,Doyayo,False,True,dow_Latn,exact,dow,exact_iso3,,no_match
dox,,,,I,L,Bussa,False,True,,no_match,dox,exact_iso3,,no_match
doy,,,,I,L,Dompo,False,True,,no_match,doy,exact_iso3,,no_match
doz,,,,I,L,Dorze,False,True,,no_match,doz,exact_iso3,,no_match
dpp,,,,I,L,Papar,False,True,,no_match,dpp,exact_iso3,,no_match
drb,,,,I,L,Dair,False,True,,no_match,drb,exact_iso3,,no_match
drc,,,,I,L,Minderico,False,True,,no_match,drc,exact_iso3,,no_match
drd,,,,I,L,Darmiya,False,True,,no_match,drd,exact_iso3,,no_match
dre,,,,I,L,Dolpo,False,True,,no_match,dre,exact_iso3,,no_match
drg,,,,I,L,Rungus,False,True,drg_Latn,exact,drg,exact_iso3,,no_match
dri,,,,I,L,C'Lela,False,True,,no_match,dri,exact_iso3,,no_match
drl,,,,I,L,Paakantyi,False,True,,no_match,drl,exact_iso3,,no_match
drn,,,,I,L,West Damar,False,True,,no_match,drn,exact_iso3,,no_match
dro,,,,I,L,Daro-Matu Melanau,False,True,,no_match,dro,exact_iso3,,no_match
drq,,,,I,E,Dura,False,False,,no_match,drq,exact_iso3,,no_match
drs,,,,I,L,Gedeo,False,True,,no_match,drs,exact_iso3,,no_match
drt,,,,I,L,Drents,False,True,,no_match,drt,exact_iso3,,no_match
dru,,,,I,L,Rukai,False,True,dru_Latn,exact,dru,exact_iso3,dru,exact_iso3
dry,,,,I,L,Darai,False,True,,no_match,dry,exact_iso3,,no_match
dsb,dsb,dsb,,I,L,Lower Sorbian,False,True,dsb_Latn,exact,dsb,exact_iso3,dsb,exact_iso3
dse,,,,I,L,Dutch Sign Language,False,True,,no_match,dse,exact_iso3,,no_match
dsh,,,,I,L,Daasanach,False,True,,no_match,dsh,exact_iso3,,no_match
dsi,,,,I,L,Disa,False,True,,no_match,dsi,exact_iso3,,no_match
dsk,,,,I,L,Dokshi,False,True,,no_match,,no_match,,no_match
dsl,,,,I,L,Danish Sign Language,False,True,,no_match,dsl,exact_iso3,,no_match
dsn,,,,I,E,Dusner,False,False,,no_match,dsn,exact_iso3,,no_match
dso,,,,I,L,Desiya,False,True,,no_match,dso,exact_iso3,,no_match
dsq,,,,I,L,Tadaksahak,False,True,,no_match,dsq,exact_iso3,,no_match
dsz,,,,I,L,Mardin Sign Language,False,True,,no_match,dsz,exact_iso3,,no_match
dta,,,,I,L,Daur,False,True,,no_match,dta,exact_iso3,,no_match
dtb,,,,I,L,Labuk-Kinabatangan Kadazan,False,True,dtb_Latn,exact,dtb,exact_iso3,,no_match
dtd,,,,I,L,Ditidaht,False,True,,no_match,dtd,exact_iso3,,no_match
dth,,,,I,E,Adithinngithigh,False,False,,no_match,dth,exact_iso3,,no_match
dti,,,,I,L,Ana Tinga Dogon,False,True,,no_match,dti,exact_iso3,,no_match
dtk,,,,I,L,Tene Kan Dogon,False,True,,no_match,dtk,exact_iso3,,no_match
dtm,,,,I,L,Tomo Kan Dogon,False,True,,no_match,dtm,exact_iso3,,no_match
dtn,,,,I,L,Daatsʼíin,False,True,,no_match,dtn,exact_iso3,,no_match
dto,,,,I,L,Tommo So Dogon,False,True,,no_match,dto,exact_iso3,,no_match
dtp,,,,I,L,Kadazan Dusun,False,True,dtp_Latn,exact,dtp,exact_iso3,,no_match
dtr,,,,I,L,Lotud,False,True,,no_match,dtr,exact_iso3,,no_match
dts,,,,I,L,Toro So Dogon,False,True,dts_Latn,exact,dts,exact_iso3,,no_match
dtt,,,,I,L,Toro Tegu Dogon,False,True,,no_match,dtt,exact_iso3,,no_match
dtu,,,,I,L,Tebul Ure Dogon,False,True,,no_match,dtu,exact_iso3,,no_match
dty,,,,I,L,Dotyali,False,True,dty_Deva,exact,dty,exact_iso3,,no_match
dua,dua,dua,,I,L,Duala,False,True,dua_Latn,exact,dua,exact_iso3,dua,exact_iso3
dub,,,,I,L,Dubli,False,True,,no_match,dub,exact_iso3,,no_match
duc,,,,I,L,Duna,False,True,,no_match,duc,exact_iso3,,no_match
due,,,,I,L,Umiray Dumaget Agta,False,True,due_Latn,exact,due,exact_iso3,,no_match
duf,,,,I,L,Dumbea,False,True,,no_match,duf,exact_iso3,,no_match
dug,,,,I,L,Duruma,False,True,dug_Latn,exact,dug,exact_iso3,,no_match
duh,,,,I,L,Dungra Bhil,False,True,,no_match,duh,exact_iso3,,no_match
dui,,,,I,L,Dumun,False,True,,no_match,dui,exact_iso3,,no_match
duk,,,,I,L,Uyajitaya,False,True,,no_match,duk,exact_iso3,,no_match
dul,,,,I,L,Alabat Island Agta,False,True,,no_match,dul,exact_iso3,,no_match
dum,dum,dum,,I,H,Middle Dutch (ca. 1050-1350),False,False,,no_match,dum,exact_iso3,,no_match
dun,,,,I,L,Dusun Deyah,False,True,,no_match,dun,exact_iso3,,no_match
duo,,,,I,L,Dupaninan Agta,False,True,duo_Latn,exact,duo,exact_iso3,,no_match
dup,,,,I,L,Duano,False,True,,no_match,dup,exact_iso3,,no_match
duq,,,,I,L,Dusun Malang,False,True,,no_match,duq,exact_iso3,,no_match
dur,,,,I,L,Dii,False,True,dur_Latn,exact,dur,exact_iso3,,no_match
dus,,,,I,L,Dumi,False,True,,no_match,dus,exact_iso3,,no_match
duu,,,,I,L,Drung,False,True,,no_match,duu,exact_iso3,,no_match
duv,,,,I,L,Duvle,False,True,,no_match,duv,exact_iso3,,no_match
duw,,,,I,L,Dusun Witu,False,True,,no_match,duw,exact_iso3,,no_match
dux,,,,I,L,Duungooma,False,True,,no_match,dux,exact_iso3,,no_match
duy,,,,I,E,Dicamay Agta,False,False,,no_match,duy,exact_iso3,,no_match
duz,,,,I,E,Duli-Gey,False,False,,no_match,duz,exact_iso3,,no_match
dva,,,,I,L,Duau,False,True,,no_match,dva,exact_iso3,,no_match
dwa,,,,I,L,Diri,False,True,,no_match,dwa,exact_iso3,,no_match
dwk,,,,I,L,Dawik Kui,False,True,,no_match,dwk,exact_iso3,,no_match
dwr,,,,I,L,Dawro,False,True,dwr_Latn,exact,dwr,exact_iso3,,no_match
dws,,,,I,C,Dutton World Speedwords,False,False,,no_match,dws,exact_iso3,,no_match
dwu,,,,I,L,Dhuwal,False,True,,no_match,dwu,exact_iso3,,no_match
dww,,,,I,L,Dawawa,False,True,dww_Latn,exact,dww,exact_iso3,,no_match
dwy,,,,I,L,Dhuwaya,False,True,,no_match,dwy,exact_iso3,,no_match
dwz,,,,I,L,Dewas Rai,False,True,,no_match,dwz,exact_iso3,,no_match
dya,,,,I,L,Dyan,False,True,,no_match,dya,exact_iso3,,no_match
dyb,,,,I,E,Dyaberdyaber,False,False,,no_match,dyb,exact_iso3,,no_match
dyd,,,,I,E,Dyugun,False,False,,no_match,dyd,exact_iso3,,no_match
dyg,,,,I,E,Villa Viciosa Agta,False,False,,no_match,dyg,exact_iso3,,no_match
dyi,,,,I,L,Djimini Senoufo,False,True,dyi_Latn,exact,dyi,exact_iso3,,no_match
dyl,,,,I,L,Bhutanese Sign Language,False,True,,no_match,,no_match,,no_match
dym,,,,I,L,Yanda Dom Dogon,False,True,,no_match,dym,exact_iso3,,no_match
dyn,,,,I,L,Dyangadi,False,True,,no_match,dyn,exact_iso3,,no_match
dyo,,,,I,L,Jola-Fonyi,False,True,dyo_Latn,exact,dyo,exact_iso3,,no_match
dyr,,,,I,L,Dyarim,False,True,,no_match,,no_match,,no_match
dyu,dyu,dyu,,I,L,Dyula,False,True,dyu_Latn,exact,dyu,exact_iso3,dyu,exact_iso3
dyy,,,,I,L,Djabugay,False,True,,no_match,dyy,exact_iso3,,no_match
dza,,,,I,L,Tunzu,False,True,,no_match,dza,exact_iso3,,no_match
dzd,,,,I,L,Daza,False,True,,no_match,,no_match,,no_match
dze,,,,I,E,Djiwarli,False,False,,no_match,dze,exact_iso3,,no_match
dzg,,,,I,L,Dazaga,False,True,,no_match,dzg,exact_iso3,,no_match
dzl,,,,I,L,Dzalakha,False,True,,no_match,dzl,exact_iso3,,no_match
dzn,,,,I,L,Dzando,False,True,,no_match,dzn,exact_iso3,,no_match
dzo,dzo,dzo,dz,I,L,Dzongkha,False,True,dzo_Tibt,exact,dzo;dz,matched_multiple:iso3+iso1,dz,matched_via_bcp47
eaa,,,,I,E,Karenggapa,False,False,,no_match,eaa,exact_iso3,,no_match
ebc,,,,I,L,Beginci,False,True,,no_match,ebc,exact_iso3,,no_match
ebg,,,,I,L,Ebughu,False,True,,no_match,ebg,exact_iso3,,no_match
ebk,,,,I,L,Eastern Bontok,False,True,ebk_Latn,exact,ebk,exact_iso3,,no_match
ebo,,,,I,L,Teke-Ebo,False,True,,no_match,ebo,exact_iso3,,no_match
ebr,,,,I,L,Ebrié,False,True,,no_match,ebr,exact_iso3,ebr,exact_iso3
ebu,,,,I,L,Embu,False,True,,no_match,ebu,exact_iso3,,no_match
ecr,,,,I,H,Eteocretan,False,False,,no_match,ecr,exact_iso3,,no_match
ecs,,,,I,L,Ecuadorian Sign Language,False,True,,no_match,ecs,exact_iso3,,no_match
ecy,,,,I,H,Eteocypriot,False,False,,no_match,ecy,exact_iso3,,no_match
eee,,,,I,L,E,False,True,,no_match,eee,exact_iso3,,no_match
efa,,,,I,L,Efai,False,True,,no_match,efa,exact_iso3,,no_match
efe,,,,I,L,Efe,False,True,,no_match,efe,exact_iso3,,no_match
efi,efi,efi,,I,L,Efik,False,True,efi_Latn,exact,efi,exact_iso3,,no_match
ega,,,,I,L,Ega,False,True,,no_match,ega,exact_iso3,,no_match
egl,,,,I,L,Emilian,False,True,,no_match,egl,exact_iso3,,no_match
egm,,,,I,L,Benamanga,False,True,,no_match,egm,exact_iso3,,no_match
ego,,,,I,L,Eggon,False,True,,no_match,ego,exact_iso3,,no_match
egy,egy,egy,,I,H,Egyptian (Ancient),False,False,,no_match,egy,exact_iso3,,no_match
ehs,,,,I,L,Miyakubo Sign Language,False,True,,no_match,ehs,exact_iso3,,no_match
ehu,,,,I,L,Ehueun,False,True,,no_match,ehu,exact_iso3,,no_match
eip,,,,I,L,Eipomek,False,True,,no_match,eip,exact_iso3,,no_match
eit,,,,I,L,Eitiep,False,True,,no_match,eit,exact_iso3,,no_match
eiv,,,,I,L,Askopan,False,True,,no_match,eiv,exact_iso3,,no_match
eja,,,,I,L,Ejamat,False,True,,no_match,eja,exact_iso3,,no_match
eka,eka,eka,,I,L,Ekajuk,False,True,eka_Latn,exact,eka,exact_iso3,,no_match
eke,,,,I,L,Ekit,False,True,,no_match,eke,exact_iso3,,no_match
ekg,,,,I,L,Ekari,False,True,,no_match,ekg,exact_iso3,,no_match
eki,,,,I,L,Eki,False,True,,no_match,eki,exact_iso3,,no_match
ekk,,,,I,L,Standard Estonian,False,True,ekk_Latn,exact,ekk,exact_iso3,,no_match
ekl,,,,I,L,Kol (Bangladesh),False,True,,no_match,ekl,exact_iso3,,no_match
ekm,,,,I,L,Elip,False,True,,no_match,ekm,exact_iso3,,no_match
eko,,,,I,L,Koti,False,True,eko_Latn,exact,eko,exact_iso3,eko,exact_iso3
ekp,,,,I,L,Ekpeye,False,True,,no_match,ekp,exact_iso3,,no_match
ekr,,,,I,L,Yace,False,True,,no_match,ekr,exact_iso3,,no_match
eky,,,,I,L,Eastern Kayah,False,True,,no_match,eky,exact_iso3,,no_match
ele,,,,I,L,Elepi,False,True,,no_match,ele,exact_iso3,,no_match
elh,,,,I,L,El Hugeirat,False,True,,no_match,elh,exact_iso3,,no_match
eli,,,,I,E,Nding,False,False,,no_match,eli,exact_iso3,,no_match
elk,,,,I,L,Elkei,False,True,,no_match,elk,exact_iso3,,no_match
ell,gre,ell,el,I,L,Modern Greek (1453-),False,True,ell_Grek,exact,ell;el,matched_multiple:iso3+iso1,el,matched_via_bcp47
elm,,,,I,L,Eleme,False,True,,no_match,elm,exact_iso3,,no_match
elo,,,,I,L,El Molo,False,True,,no_match,elo,exact_iso3,,no_match
elu,,,,I,L,Elu,False,True,,no_match,elu,exact_iso3,,no_match
elx,elx,elx,,I,H,Elamite,False,False,,no_match,elx,exact_iso3,,no_match
ema,,,,I,L,Emai-Iuleha-Ora,False,True,,no_match,ema,exact_iso3,,no_match
emb,,,,I,L,Embaloh,False,True,,no_match,emb,exact_iso3,,no_match
eme,,,,I,L,Emerillon,False,True,,no_match,eme,exact_iso3,,no_match
emg,,,,I,L,Eastern Meohang,False,True,,no_match,emg,exact_iso3,,no_match
emi,,,,I,L,Mussau-Emira,False,True,emi_Latn,exact,emi,exact_iso3,,no_match
emk,,,,I,L,Eastern Maninkakan,False,True,,no_match,emk,exact_iso3,,no_match
emm,,,,I,E,Mamulique,False,False,,no_match,emm,exact_iso3,,no_match
emn,,,,I,L,Eman,False,True,,no_match,emn,exact_iso3,,no_match
emp,,,,I,L,Northern Emberá,False,True,emp_Latn,exact,emp,exact_iso3,,no_match
emq,,,,I,L,Eastern Minyag,False,True,,no_match,emq,exact_iso3,,no_match
ems,,,,I,L,Pacific Gulf Yupik,False,True,,no_match,ems,exact_iso3,,no_match
emu,,,,I,L,Eastern Muria,False,True,,no_match,emu,exact_iso3,,no_match
emw,,,,I,L,Emplawas,False,True,,no_match,emw,exact_iso3,,no_match
emx,,,,I,L,Erromintxela,False,True,,no_match,emx,exact_iso3,,no_match
emy,,,,I,H,Epigraphic Mayan,False,False,,no_match,emy,exact_iso3,,no_match
emz,,,,I,L,Mbessa,False,True,,no_match,emz,exact_iso3,,no_match
ena,,,,I,L,Apali,False,True,,no_match,ena,exact_iso3,,no_match
enb,,,,I,L,Markweeta,False,True,enb_Latn,exact,enb,exact_iso3,,no_match
enc,,,,I,L,En,False,True,,no_match,enc,exact_iso3,,no_match
end,,,,I,L,Ende,False,True,,no_match,end,exact_iso3,,no_match
enf,,,,I,L,Forest Enets,False,True,,no_match,enf,exact_iso3,,no_match
eng,eng,eng,en,I,L,English,False,True,,no_match,eng;en,matched_multiple:iso3+iso1,en,matched_via_bcp47
enh,,,,I,L,Tundra Enets,False,True,,no_match,enh,exact_iso3,,no_match
enl,,,,I,L,Enlhet,False,True,enl_Latn,exact,enl,exact_iso3,,no_match
enm,enm,enm,,I,H,Middle English (1100-1500),False,False,enm_Latn,exact,enm,exact_iso3,,no_match
enn,,,,I,L,Engenni,False,True,,no_match,enn,exact_iso3,,no_match
eno,,,,I,L,Enggano,False,True,,no_match,eno,exact_iso3,,no_match
enq,,,,I,L,Enga,False,True,enq_Latn,exact,enq,exact_iso3,,no_match
enr,,,,I,L,Emumu,False,True,,no_match,enr,exact_iso3,,no_match
enu,,,,I,L,Enu,False,True,,no_match,enu,exact_iso3,,no_match
env,,,,I,L,Enwan (Edo State),False,True,,no_match,env,exact_iso3,,no_match
enw,,,,I,L,Enwan (Akwa Ibom State),False,True,,no_match,enw,exact_iso3,,no_match
enx,,,,I,L,Enxet,False,True,enx_Latn,exact,enx,exact_iso3,,no_match
eot,,,,I,L,Beti (Côte d'Ivoire),False,True,,no_match,eot,exact_iso3,,no_match
epi,,,,I,L,Epie,False,True,,no_match,epi,exact_iso3,,no_match
epo,epo,epo,eo,I,C,Esperanto,False,False,epo_Latn,exact,epo;eo,matched_multiple:iso3+iso1,eo,matched_via_bcp47
era,,,,I,L,Eravallan,False,True,,no_match,era,exact_iso3,,no_match
erg,,,,I,L,Sie,False,True,,no_match,erg,exact_iso3,,no_match
erh,,,,I,L,Eruwa,False,True,,no_match,erh,exact_iso3,,no_match
eri,,,,I,L,Ogea,False,True,eri_Latn,exact,eri,exact_iso3,,no_match
erk,,,,I,L,South Efate,False,True,,no_match,erk,exact_iso3,,no_match
ero,,,,I,L,Horpa,False,True,,no_match,ero,exact_iso3,,no_match
err,,,,I,E,Erre,False,False,,no_match,err,exact_iso3,,no_match
ers,,,,I,L,Ersu,False,True,,no_match,ers,exact_iso3,,no_match
ert,,,,I,L,Eritai,False,True,,no_match,ert,exact_iso3,,no_match
erw,,,,I,L,Erokwanas,False,True,,no_match,erw,exact_iso3,,no_match
ese,,,,I,L,Ese Ejja,False,True,ese_Latn,exact,ese,exact_iso3,,no_match
esg,,,,I,L,Aheri Gondi,False,True,,no_match,esg,exact_iso3,,no_match
esh,,,,I,L,Eshtehardi,False,True,,no_match,esh,exact_iso3,,no_match
esi,,,,I,L,North Alaskan Inupiatun,False,True,esi_Latn,exact,esi,exact_iso3,,no_match
esk,,,,I,L,Northwest Alaska Inupiatun,False,True,esk_Latn,exact,esk,exact_iso3,,no_match
esl,,,,I,L,Egypt Sign Language,False,True,,no_match,esl,exact_iso3,,no_match
esm,,,,I,E,Esuma,False,False,,no_match,esm,exact_iso3,,no_match
esn,,,,I,L,Salvadoran Sign Language,False,True,,no_match,esn,exact_iso3,,no_match
eso,,,,I,L,Estonian Sign Language,False,True,,no_match,eso,exact_iso3,,no_match
esq,,,,I,E,Esselen,False,False,,no_match,esq,exact_iso3,,no_match
ess,,,,I,L,Central Siberian Yupik,False,True,ess_Latn,exact,ess,exact_iso3,,no_match
est,est,est,et,M,L,Estonian,True,True,,no_match,est;et,matched_multiple:iso3+iso1,et,matched_via_bcp47
esu,,,,I,L,Central Yupik,False,True,esu_Latn,exact,esu,exact_iso3,esu,exact_iso3
esy,,,,I,L,Eskayan,False,True,,no_match,esy,exact_iso3,,no_match
etb,,,,I,L,Etebi,False,True,,no_match,etb,exact_iso3,,no_match
etc,,,,I,E,Etchemin,False,False,,no_match,etc,exact_iso3,,no_match
eth,,,,I,L,Ethiopian Sign Language,False,True,,no_match,eth,exact_iso3,,no_match
etn,,,,I,L,Eton (Vanuatu),False,True,,no_match,etn,exact_iso3,,no_match
eto,,,,I,L,Eton (Cameroon),False,True,eto_Latn,exact,eto,exact_iso3,eto,exact_iso3
etr,,,,I,L,Edolo,False,True,etr_Latn,exact,etr,exact_iso3,,no_match
ets,,,,I,L,Yekhee,False,True,,no_match,ets,exact_iso3,,no_match
ett,,,,I,H,Etruscan,False,False,,no_match,ett,exact_iso3,,no_match
etu,,,,I,L,Ejagham,False,True,etu_Latn,exact,etu,exact_iso3,,no_match
etx,,,,I,L,Eten,False,True,,no_match,etx,exact_iso3,,no_match
etz,,,,I,L,Semimi,False,True,,no_match,etz,exact_iso3,,no_match
eud,,,,I,E,Eudeve,False,False,,no_match,,no_match,,no_match
eus,baq,eus,eu,I,L,Basque,False,True,eus_Latn,exact,eus;eu,matched_multiple:iso3+iso1,eu,matched_via_bcp47
eve,,,,I,L,Even,False,True,eve_Cyrl,exact,eve,exact_iso3,,no_match
evh,,,,I,L,Uvbie,False,True,,no_match,evh,exact_iso3,,no_match
evn,,,,I,L,Evenki,False,True,,no_match,evn,exact_iso3,,no_match
ewe,ewe,ewe,ee,I,L,Ewe,False,True,ewe_Latn,exact,ewe;ee,matched_multiple:iso3+iso1,ee,matched_via_bcp47
ewo,ewo,ewo,,I,L,Ewondo,False,True,ewo_Latn,exact,ewo,exact_iso3,ewo,exact_iso3
ext,,,,I,L,Extremaduran,False,True,ext_Latn,exact,ext,exact_iso3,,no_match
eya,,,,I,E,Eyak,False,False,,no_match,eya,exact_iso3,,no_match
eyo,,,,I,L,Keiyo,False,True,,no_match,eyo,exact_iso3,,no_match
eza,,,,I,L,Ezaa,False,True,eza_Latn,exact,eza,exact_iso3,,no_match
eze,,,,I,L,Uzekwe,False,True,,no_match,eze,exact_iso3,,no_match
faa,,,,I,L,Fasu,False,True,faa_Latn,exact,faa,exact_iso3,,no_match
fab,,,,I,L,Fa d'Ambu,False,True,,no_match,fab,exact_iso3,,no_match
fad,,,,I,L,Wagi,False,True,fad_Latn,exact,fad,exact_iso3,,no_match
faf,,,,I,L,Fagani,False,True,,no_match,faf,exact_iso3,,no_match
fag,,,,I,L,Finongan,False,True,,no_match,fag,exact_iso3,,no_match
fah,,,,I,L,Baissa Fali,False,True,,no_match,fah,exact_iso3,,no_match
fai,,,,I,L,Faiwol,False,True,fai_Latn,exact,fai,exact_iso3,,no_match
faj,,,,I,L,Faita,False,True,,no_match,faj,exact_iso3,,no_match
fak,,,,I,L,Fang (Cameroon),False,True,,no_match,fak,exact_iso3,,no_match
fal,,,,I,L,South Fali,False,True,fal_Latn,exact,fal,exact_iso3,,no_match
fam,,,,I,L,Fam,False,True,,no_match,fam,exact_iso3,,no_match
fan,fan,fan,,I,L,Fang (Equatorial Guinea),False,True,fan_Latn,exact,fan,exact_iso3,fan,exact_iso3
fao,fao,fao,fo,I,L,Faroese,False,True,fao_Latn,exact,fao;fo,matched_multiple:iso3+iso1,fo,matched_via_bcp47
fap,,,,I,L,Paloor,False,True,,no_match,fap,exact_iso3,,no_match
far,,,,I,L,Fataleka,False,True,far_Latn,exact,far,exact_iso3,,no_match
fas,per,fas,fa,M,L,Persian,True,True,fas_Arab,exact,fas;fa;per,matched_multiple:iso3+iso1+iso2b,fa,matched_via_bcp47
fat,fat,fat,,I,L,Fanti,False,True,fat_Latn,exact,fat,exact_iso3,,no_match
fau,,,,I,L,Fayu,False,True,,no_match,fau,exact_iso3,,no_match
fax,,,,I,L,Fala,False,True,,no_match,fax,exact_iso3,,no_match
fay,,,,I,L,Southwestern Fars,False,True,,no_match,fay,exact_iso3,,no_match
faz,,,,I,L,Northwestern Fars,False,True,,no_match,faz,exact_iso3,,no_match
fbl,,,,I,L,West Albay Bikol,False,True,,no_match,fbl,exact_iso3,,no_match
fcs,,,,I,L,Quebec Sign Language,False,True,,no_match,fcs,exact_iso3,,no_match
fer,,,,I,L,Feroge,False,True,,no_match,fer,exact_iso3,,no_match
ffi,,,,I,L,Foia Foia,False,True,,no_match,ffi,exact_iso3,,no_match
ffm,,,,I,L,Maasina Fulfulde,False,True,ffm_Latn,exact,ffm,exact_iso3,,no_match
fgr,,,,I,L,Fongoro,False,True,,no_match,fgr,exact_iso3,,no_match
fia,,,,I,L,Nobiin,False,True,,no_match,fia,exact_iso3,,no_match
fie,,,,I,L,Fyer,False,True,,no_match,fie,exact_iso3,,no_match
fif,,,,I,L,Faifi,False,True,,no_match,fif,exact_iso3,,no_match
fij,fij,fij,fj,I,L,Fijian,False,True,fij_Latn,exact,fij;fj,matched_multiple:iso3+iso1,,no_match
fil,fil,fil,,I,L,Filipino,False,True,fil_Latn,exact,fil,exact_iso3,,no_match
fin,fin,fin,fi,I,L,Finnish,False,True,fin_Latn,exact,fin;fi,matched_multiple:iso3+iso1,fi,matched_via_bcp47
fip,,,,I,L,Fipa,False,True,,no_match,fip,exact_iso3,,no_match
fir,,,,I,L,Firan,False,True,,no_match,fir,exact_iso3,,no_match
fit,,,,I,L,Tornedalen Finnish,False,True,fit_Latn,exact,fit,exact_iso3,,no_match
fiw,,,,I,L,Fiwaga,False,True,,no_match,fiw,exact_iso3,,no_match
fkk,,,,I,L,Kirya-Konzəl,False,True,,no_match,fkk,exact_iso3,,no_match
fkv,,,,I,L,Kven Finnish,False,True,fkv_Latn,exact,fkv,exact_iso3,,no_match
fla,,,,I,L,Kalispel-Pend d'Oreille,False,True,,no_match,fla,exact_iso3,,no_match
flh,,,,I,L,Foau,False,True,,no_match,flh,exact_iso3,,no_match
fli,,,,I,L,Fali,False,True,,no_match,fli,exact_iso3,,no_match
fll,,,,I,L,North Fali,False,True,,no_match,fll,exact_iso3,,no_match
fln,,,,I,E,Flinders Island,False,False,,no_match,fln,exact_iso3,,no_match
flr,,,,I,L,Fuliiru,False,True,,no_match,flr,exact_iso3,,no_match
fly,,,,I,L,Flaaitaal,False,True,,no_match,fly,exact_iso3,,no_match
fmp,,,,I,L,Fe'fe',False,True,,no_match,fmp,exact_iso3,fmp,exact_iso3
fmu,,,,I,L,Far Western Muria,False,True,fmu_Deva,exact,fmu,exact_iso3,,no_match
fnb,,,,I,L,Fanbak,False,True,,no_match,fnb,exact_iso3,,no_match
fng,,,,I,L,Fanagalo,False,True,,no_match,fng,exact_iso3,,no_match
fni,,,,I,L,Fania,False,True,,no_match,fni,exact_iso3,,no_match
fod,,,,I,L,Foodo,False,True,,no_match,fod,exact_iso3,,no_match
foi,,,,I,L,Foi,False,True,,no_match,foi,exact_iso3,,no_match
fom,,,,I,L,Foma,False,True,,no_match,fom,exact_iso3,,no_match
fon,fon,fon,,I,L,Fon,False,True,fon_Latn,exact,fon,exact_iso3,,no_match
for,,,,I,L,Fore,False,True,for_Latn,exact,for,exact_iso3,,no_match
fos,,,,I,E,Siraya,False,False,,no_match,fos,exact_iso3,,no_match
fpe,,,,I,L,Fernando Po Creole English,False,True,,no_match,fpe,exact_iso3,,no_match
fqs,,,,I,L,Fas,False,True,,no_match,fqs,exact_iso3,,no_match
fra,fre,fra,fr,I,L,French,False,True,fra_Latn,exact,fra;fr;fre,matched_multiple:iso3+iso1+iso2b,fr,matched_via_bcp47
frc,,,,I,L,Cajun French,False,True,,no_match,frc,exact_iso3,,no_match
frd,,,,I,L,Fordata,False,True,frd_Latn,exact,frd,exact_iso3,,no_match
frk,,,,I,H,Frankish,False,False,,no_match,frk,exact_iso3,,no_match
frm,frm,frm,,I,H,Middle French (ca. 1400-1600),False,False,,no_match,frm,exact_iso3,,no_match
fro,fro,fro,,I,H,Old French (842-ca. 1400),False,False,fro_Latn,exact,fro,exact_iso3,,no_match
frp,,,,I,L,Arpitan,False,True,frp_Latn,exact,frp,exact_iso3,,no_match
frq,,,,I,L,Forak,False,True,,no_match,frq,exact_iso3,,no_match
frr,frr,frr,,I,L,Northern Frisian,False,True,frr_Latn,exact,frr,exact_iso3,,no_match
frs,frs,frs,,I,L,Eastern Frisian,False,True,,no_match,frs,exact_iso3,,no_match
frt,,,,I,L,Fortsenal,False,True,,no_match,frt,exact_iso3,,no_match
fry,fry,fry,fy,I,L,Western Frisian,False,True,fry_Latn,exact,fry;fy,matched_multiple:iso3+iso1,fy-NL,matched_via_bcp47_region_variant
fse,,,,I,L,Finnish Sign Language,False,True,,no_match,fse,exact_iso3,,no_match
fsl,,,,I,L,French Sign Language,False,True,,no_match,fsl,exact_iso3,,no_match
fss,,,,I,L,Finland-Swedish Sign Language,False,True,,no_match,fss,exact_iso3,,no_match
fub,,,,I,L,Adamawa Fulfulde,False,True,fub_Latn,exact,fub,exact_iso3,fub,exact_iso3
fuc,,,,I,L,Pulaar,False,True,,no_match,fuc,exact_iso3,,no_match
fud,,,,I,L,East Futuna,False,True,fud_Latn,exact,fud,exact_iso3,,no_match
fue,,,,I,L,Borgu Fulfulde,False,True,fue_Latn,exact,fue,exact_iso3,fue,exact_iso3
fuf,,,,I,L,Pular,False,True,fuf_Latn,exact,fuf,exact_iso3,fuf,exact_iso3
fuh,,,,I,L,Western Niger Fulfulde,False,True,fuh_Latn,exact,fuh,exact_iso3,,no_match
fui,,,,I,L,Bagirmi Fulfulde,False,True,,no_match,fui,exact_iso3,,no_match
fuj,,,,I,L,Ko,False,True,,no_match,fuj,exact_iso3,,no_match
ful,ful,ful,ff,M,L,Fulah,True,True,,no_match,ful;ff,matched_multiple:iso3+iso1,ff,matched_via_bcp47
fum,,,,I,L,Fum,False,True,,no_match,fum,exact_iso3,,no_match
fun,,,,I,L,Fulniô,False,True,,no_match,fun,exact_iso3,,no_match
fuq,,,,I,L,Central-Eastern Niger Fulfulde,False,True,fuq_Latn,exact,fuq,exact_iso3,,no_match
fur,fur,fur,,I,L,Friulian,False,True,fur_Latn,exact,fur,exact_iso3,,no_match
fut,,,,I,L,Futuna-Aniwa,False,True,,no_match,fut,exact_iso3,,no_match
fuu,,,,I,L,Furu,False,True,,no_match,fuu,exact_iso3,,no_match
fuv,,,,I,L,Nigerian Fulfulde,False,True,fuv_Arab;fuv_Latn,multi_script,fuv,exact_iso3,,no_match
fuy,,,,I,L,Fuyug,False,True,,no_match,fuy,exact_iso3,,no_match
fvr,,,,I,L,Fur,False,True,,no_match,fvr,exact_iso3,,no_match
fwa,,,,I,L,Fwâi,False,True,,no_match,fwa,exact_iso3,,no_match
fwe,,,,I,L,Fwe,False,True,,no_match,fwe,exact_iso3,,no_match
gaa,gaa,gaa,,I,L,Ga,False,True,gaa_Latn,exact,gaa,exact_iso3,gaa,exact_iso3
gab,,,,I,L,Gabri,False,True,,no_match,gab,exact_iso3,,no_match
gac,,,,I,L,Mixed Great Andamanese,False,True,,no_match,gac,exact_iso3,,no_match
gad,,,,I,L,Gaddang,False,True,,no_match,gad,exact_iso3,,no_match
gae,,,,I,L,Guarequena,False,True,,no_match,gae,exact_iso3,,no_match
gaf,,,,I,L,Gende,False,True,,no_match,gaf,exact_iso3,,no_match
gag,,,,I,L,Gagauz,False,True,gag_Cyrl;gag_Latn,multi_script,gag,exact_iso3,,no_match
gah,,,,I,L,Alekano,False,True,gah_Latn,exact,gah,exact_iso3,,no_match
gai,,,,I,L,Borei,False,True,gai_Latn,exact,gai,exact_iso3,,no_match
gaj,,,,I,L,Gadsup,False,True,,no_match,gaj,exact_iso3,,no_match
gak,,,,I,L,Gamkonora,False,True,,no_match,gak,exact_iso3,,no_match
gal,,,,I,L,Galolen,False,True,,no_match,gal,exact_iso3,,no_match
gam,,,,I,L,Kandawo,False,True,gam_Latn,exact,gam,exact_iso3,,no_match
gan,,,,I,L,Gan Chinese,False,True,,no_match,gan,exact_iso3,,no_match
gao,,,,I,L,Gants,False,True,,no_match,gao,exact_iso3,,no_match
gap,,,,I,L,Gal,False,True,,no_match,gap,exact_iso3,,no_match
gaq,,,,I,L,Gata',False,True,,no_match,gaq,exact_iso3,,no_match
gar,,,,I,L,Galeya,False,True,,no_match,gar,exact_iso3,,no_match
gas,,,,I,L,Adiwasi Garasia,False,True,,no_match,gas,exact_iso3,,no_match
gat,,,,I,L,Kenati,False,True,,no_match,gat,exact_iso3,,no_match
gau,,,,I,L,Mudhili Gadaba,False,True,,no_match,gau,exact_iso3,,no_match
gaw,,,,I,L,Nobonob,False,True,gaw_Latn,exact,gaw,exact_iso3,,no_match
gax,,,,I,L,Borana-Arsi-Guji Oromo,False,True,,no_match,gax,exact_iso3,,no_match
gay,gay,gay,,I,L,Gayo,False,True,,no_match,gay,exact_iso3,,no_match
gaz,,,,I,L,West Central Oromo,False,True,gaz_Latn,exact,gaz,exact_iso3,,no_match
gba,gba,gba,,M,L,Gbaya (Central African Republic),True,True,,no_match,gba,exact_iso3,,no_match
gbb,,,,I,L,Kaytetye,False,True,,no_match,gbb,exact_iso3,,no_match
gbd,,,,I,L,Karajarri,False,True,,no_match,gbd,exact_iso3,,no_match
gbe,,,,I,L,Niksek,False,True,,no_match,gbe,exact_iso3,,no_match
gbf,,,,I,L,Gaikundi,False,True,,no_match,gbf,exact_iso3,,no_match
gbg,,,,I,L,Gbanziri,False,True,,no_match,gbg,exact_iso3,,no_match
gbh,,,,I,L,Defi Gbe,False,True,,no_match,gbh,exact_iso3,,no_match
gbi,,,,I,L,Galela,False,True,gbi_Latn,exact,gbi,exact_iso3,,no_match
gbj,,,,I,L,Bodo Gadaba,False,True,,no_match,gbj,exact_iso3,,no_match
gbk,,,,I,L,Gaddi,False,True,,no_match,gbk,exact_iso3,,no_match
gbl,,,,I,L,Gamit,False,True,,no_match,gbl,exact_iso3,,no_match
gbm,,,,I,L,Garhwali,False,True,,no_match,gbm,exact_iso3,,no_match
gbn,,,,I,L,Mo'da,False,True,,no_match,gbn,exact_iso3,,no_match
gbo,,,,I,L,Northern Grebo,False,True,gbo_Latn,exact,gbo,exact_iso3,,no_match
gbp,,,,I,L,Gbaya-Bossangoa,False,True,,no_match,gbp,exact_iso3,,no_match
gbq,,,,I,L,Gbaya-Bozoum,False,True,,no_match,gbq,exact_iso3,,no_match
gbr,,,,I,L,Gbagyi,False,True,gbr_Latn,exact,gbr,exact_iso3,,no_match
gbs,,,,I,L,Gbesi Gbe,False,True,,no_match,gbs,exact_iso3,,no_match
gbu,,,,I,L,Gagadu,False,True,,no_match,gbu,exact_iso3,,no_match
gbv,,,,I,L,Gbanu,False,True,,no_match,gbv,exact_iso3,,no_match
gbw,,,,I,L,Gabi-Gabi,False,True,,no_match,gbw,exact_iso3,,no_match
gbx,,,,I,L,Eastern Xwla Gbe,False,True,,no_match,gbx,exact_iso3,,no_match
gby,,,,I,L,Gbari,False,True,,no_match,gby,exact_iso3,,no_match
gbz,,,,I,L,Zoroastrian Dari,False,True,,no_match,gbz,exact_iso3,,no_match
gcc,,,,I,L,Mali,False,True,,no_match,gcc,exact_iso3,,no_match
gcd,,,,I,E,Ganggalida,False,False,,no_match,gcd,exact_iso3,,no_match
gce,,,,I,E,Galice,False,False,,no_match,gce,exact_iso3,,no_match
gcf,,,,I,L,Guadeloupean Creole French,False,True,gcf_Latn,exact,gcf,exact_iso3,gcf,exact_iso3
gcl,,,,I,L,Grenadian Creole English,False,True,,no_match,gcl,exact_iso3,,no_match
gcn,,,,I,L,Gaina,False,True,,no_match,gcn,exact_iso3,,no_match
gcr,,,,I,L,Guianese Creole French,False,True,gcr_Latn,exact,gcr,exact_iso3,,no_match
gct,,,,I,L,Colonia Tovar German,False,True,,no_match,gct,exact_iso3,,no_match
gda,,,,I,L,Gade Lohar,False,True,,no_match,gda,exact_iso3,,no_match
gdb,,,,I,L,Pottangi Ollar Gadaba,False,True,,no_match,gdb,exact_iso3,,no_match
gdc,,,,I,E,Gugu Badhun,False,False,,no_match,gdc,exact_iso3,,no_match
gdd,,,,I,L,Gedaged,False,True,,no_match,gdd,exact_iso3,,no_match
gde,,,,I,L,Gude,False,True,gde_Latn,exact,gde,exact_iso3,,no_match
gdf,,,,I,L,Guduf-Gava,False,True,,no_match,gdf,exact_iso3,,no_match
gdg,,,,I,L,Ga'dang,False,True,gdg_Latn,exact,gdg,exact_iso3,,no_match
gdh,,,,I,L,Gadjerawang,False,True,,no_match,gdh,exact_iso3,,no_match
gdi,,,,I,L,Gundi,False,True,,no_match,gdi,exact_iso3,,no_match
gdj,,,,I,L,Gurdjar,False,True,,no_match,gdj,exact_iso3,,no_match
gdk,,,,I,L,Gadang,False,True,,no_match,gdk,exact_iso3,,no_match
gdl,,,,I,L,Dirasha,False,True,,no_match,gdl,exact_iso3,,no_match
gdm,,,,I,L,Laal,False,True,,no_match,gdm,exact_iso3,,no_match
gdn,,,,I,L,Umanakaina,False,True,gdn_Latn,exact,gdn,exact_iso3,,no_match
gdo,,,,I,L,Ghodoberi,False,True,,no_match,gdo,exact_iso3,,no_match
gdq,,,,I,L,Mehri,False,True,,no_match,gdq,exact_iso3,,no_match
gdr,,,,I,L,Wipi,False,True,gdr_Latn,exact,gdr,exact_iso3,,no_match
gds,,,,I,L,Ghandruk Sign Language,False,True,,no_match,gds,exact_iso3,,no_match
gdt,,,,I,E,Kungardutyi,False,False,,no_match,gdt,exact_iso3,,no_match
gdu,,,,I,L,Gudu,False,True,,no_match,gdu,exact_iso3,,no_match
gdx,,,,I,L,Godwari,False,True,,no_match,gdx,exact_iso3,,no_match
gea,,,,I,L,Geruma,False,True,,no_match,gea,exact_iso3,,no_match
geb,,,,I,L,Kire,False,True,geb_Latn,exact,geb,exact_iso3,,no_match
gec,,,,I,L,Gboloo Grebo,False,True,,no_match,gec,exact_iso3,,no_match
ged,,,,I,L,Gade,False,True,,no_match,ged,exact_iso3,,no_match
gef,,,,I,L,Gerai,False,True,,no_match,gef,exact_iso3,,no_match
geg,,,,I,L,Gengle,False,True,,no_match,geg,exact_iso3,,no_match
geh,,,,I,L,Hutterite German,False,True,,no_match,geh,exact_iso3,,no_match
gei,,,,I,L,Gebe,False,True,,no_match,gei,exact_iso3,,no_match
gej,,,,I,L,Gen,False,True,gej_Latn,exact,gej,exact_iso3,gej,exact_iso3
gek,,,,I,L,Ywom,False,True,,no_match,gek,exact_iso3,,no_match
gel,,,,I,L,ut-Ma'in,False,True,,no_match,gel,exact_iso3,,no_match
geq,,,,I,L,Geme,False,True,,no_match,geq,exact_iso3,,no_match
ges,,,,I,L,Geser-Gorom,False,True,,no_match,ges,exact_iso3,,no_match
gev,,,,I,L,Eviya,False,True,,no_match,gev,exact_iso3,,no_match
gew,,,,I,L,Gera,False,True,,no_match,gew,exact_iso3,,no_match
gex,,,,I,L,Garre,False,True,,no_match,gex,exact_iso3,,no_match
gey,,,,I,L,Enya,False,True,,no_match,gey,exact_iso3,,no_match
gez,gez,gez,,I,H,Geez,False,False,,no_match,gez,exact_iso3,,no_match
gfk,,,,I,L,Patpatar,False,True,gfk_Latn,exact,gfk,exact_iso3,,no_match
gft,,,,I,E,Gafat,False,False,,no_match,gft,exact_iso3,,no_match
gga,,,,I,L,Gao,False,True,,no_match,gga,exact_iso3,,no_match
ggb,,,,I,L,Gbii,False,True,,no_match,ggb,exact_iso3,,no_match
ggd,,,,I,E,Gugadj,False,False,,no_match,ggd,exact_iso3,,no_match
gge,,,,I,L,Gurr-goni,False,True,,no_match,gge,exact_iso3,,no_match
ggg,,,,I,L,Gurgula,False,True,,no_match,ggg,exact_iso3,ggg,exact_iso3
ggk,,,,I,E,Kungarakany,False,False,,no_match,ggk,exact_iso3,,no_match
ggl,,,,I,L,Ganglau,False,True,,no_match,ggl,exact_iso3,,no_match
ggt,,,,I,L,Gitua,False,True,,no_match,ggt,exact_iso3,,no_match
ggu,,,,I,L,Gagu,False,True,,no_match,ggu,exact_iso3,,no_match
ggw,,,,I,L,Gogodala,False,True,,no_match,ggw,exact_iso3,,no_match
gha,,,,I,L,Ghadamès,False,True,,no_match,gha,exact_iso3,,no_match
ghc,,,,I,H,Hiberno-Scottish Gaelic,False,False,,no_match,ghc,exact_iso3,,no_match
ghe,,,,I,L,Southern Ghale,False,True,,no_match,ghe,exact_iso3,,no_match
ghh,,,,I,L,Northern Ghale,False,True,,no_match,ghh,exact_iso3,,no_match
ghk,,,,I,L,Geko Karen,False,True,,no_match,ghk,exact_iso3,,no_match
ghl,,,,I,L,Ghulfan,False,True,,no_match,ghl,exact_iso3,,no_match
ghn,,,,I,L,Ghanongga,False,True,,no_match,ghn,exact_iso3,,no_match
gho,,,,I,L,Ghomara,False,True,,no_match,gho,exact_iso3,,no_match
ghr,,,,I,L,Ghera,False,True,,no_match,ghr,exact_iso3,,no_match
ghs,,,,I,L,Guhu-Samane,False,True,ghs_Latn,exact,ghs,exact_iso3,,no_match
ght,,,,I,L,Kuke,False,True,,no_match,ght,exact_iso3,,no_match
gia,,,,I,L,Kija,False,True,,no_match,gia,exact_iso3,,no_match
gib,,,,I,L,Gibanawa,False,True,,no_match,gib,exact_iso3,,no_match
gic,,,,I,L,Gail,False,True,,no_match,gic,exact_iso3,,no_match
gid,,,,I,L,Gidar,False,True,gid_Latn,exact,gid,exact_iso3,gid,exact_iso3
gie,,,,I,L,Gaɓogbo,False,True,,no_match,gie,exact_iso3,,no_match
gig,,,,I,L,Goaria,False,True,,no_match,gig,exact_iso3,gig,exact_iso3
gih,,,,I,L,Githabul,False,True,,no_match,gih,exact_iso3,,no_match
gii,,,,I,L,Girirra,False,True,,no_match,gii,exact_iso3,,no_match
gil,gil,gil,,I,L,Gilbertese,False,True,gil_Latn,exact,gil,exact_iso3,,no_match
gim,,,,I,L,Gimi (Eastern Highlands),False,True,,no_match,gim,exact_iso3,,no_match
gin,,,,I,L,Hinukh,False,True,,no_match,gin,exact_iso3,,no_match
gip,,,,I,L,Gimi (West New Britain),False,True,,no_match,gip,exact_iso3,,no_match
giq,,,,I,L,Green Gelao,False,True,,no_match,giq,exact_iso3,,no_match
gir,,,,I,L,Red Gelao,False,True,,no_match,gir,exact_iso3,,no_match
gis,,,,I,L,North Giziga,False,True,,no_match,gis,exact_iso3,,no_match
git,,,,I,L,Gitxsan,False,True,,no_match,git,exact_iso3,,no_match
giu,,,,I,L,Mulao,False,True,,no_match,giu,exact_iso3,,no_match
giw,,,,I,L,White Gelao,False,True,,no_match,giw,exact_iso3,,no_match
gix,,,,I,L,Gilima,False,True,,no_match,gix,exact_iso3,,no_match
giy,,,,I,L,Giyug,False,True,,no_match,giy,exact_iso3,,no_match
giz,,,,I,L,South Giziga,False,True,giz_Latn,exact,giz,exact_iso3,giz,exact_iso3
gjk,,,,I,L,Kachi Koli,False,True,,no_match,gjk,exact_iso3,gjk,exact_iso3
gjm,,,,I,E,Gunditjmara,False,False,,no_match,gjm,exact_iso3,,no_match
gjn,,,,I,L,Gonja,False,True,gjn_Latn,exact,gjn,exact_iso3,,no_match
gjr,,,,I,L,Gurindji Kriol,False,True,,no_match,gjr,exact_iso3,,no_match
gju,,,,I,L,Gujari,False,True,,no_match,gju,exact_iso3,gju,exact_iso3
gka,,,,I,L,Guya,False,True,,no_match,gka,exact_iso3,,no_match
gkd,,,,I,L,Magɨ (Madang Province),False,True,,no_match,gkd,exact_iso3,,no_match
gke,,,,I,L,Ndai,False,True,,no_match,gke,exact_iso3,,no_match
gkn,,,,I,L,Gokana,False,True,gkn_Latn,exact,gkn,exact_iso3,,no_match
gko,,,,I,E,Kok-Nar,False,False,,no_match,gko,exact_iso3,,no_match
gkp,,,,I,L,Guinea Kpelle,False,True,,no_match,gkp,exact_iso3,,no_match
gku,,,,I,E,ǂUngkue,False,False,,no_match,gku,exact_iso3,,no_match
gla,gla,gla,gd,I,L,Scottish Gaelic,False,True,gla_Latn,exact,gla;gd,matched_multiple:iso3+iso1,,no_match
glb,,,,I,L,Belning,False,True,,no_match,glb,exact_iso3,,no_match
glc,,,,I,L,Bon Gula,False,True,,no_match,glc,exact_iso3,,no_match
gld,,,,I,L,Nanai,False,True,,no_match,gld,exact_iso3,,no_match
gle,gle,gle,ga,I,L,Irish,False,True,gle_Latn,exact,gle;ga,matched_multiple:iso3+iso1,ga-IE,matched_via_bcp47_region_variant
glg,glg,glg,gl,I,L,Galician,False,True,glg_Latn,exact,glg;gl,matched_multiple:iso3+iso1,gl,matched_via_bcp47
glh,,,,I,L,Northwest Pashai,False,True,,no_match,glh,exact_iso3,,no_match
glj,,,,I,L,Gula Iro,False,True,,no_match,glj,exact_iso3,,no_match
glk,,,,I,L,Gilaki,False,True,glk_Arab,exact,glk,exact_iso3,glk,exact_iso3
gll,,,,I,E,Garlali,False,False,,no_match,gll,exact_iso3,,no_match
glo,,,,I,L,Galambu,False,True,,no_match,glo,exact_iso3,,no_match
glr,,,,I,L,Glaro-Twabo,False,True,,no_match,glr,exact_iso3,,no_match
glu,,,,I,L,Gula (Chad),False,True,,no_match,glu,exact_iso3,,no_match
glv,glv,glv,gv,I,L,Manx,False,True,glv_Latn,exact,glv;gv,matched_multiple:iso3+iso1,gv,matched_via_bcp47
glw,,,,I,L,Glavda,False,True,,no_match,glw,exact_iso3,,no_match
gly,,,,I,E,Gule,False,False,,no_match,gly,exact_iso3,,no_match
gma,,,,I,E,Gambera,False,False,,no_match,gma,exact_iso3,,no_match
gmb,,,,I,L,Gula'alaa,False,True,,no_match,gmb,exact_iso3,,no_match
gmd,,,,I,L,Mághdì,False,True,,no_match,gmd,exact_iso3,,no_match
gmg,,,,I,L,Magɨyi,False,True,,no_match,gmg,exact_iso3,,no_match
gmh,gmh,gmh,,I,H,Middle High German (ca. 1050-1500),False,False,gmh_Latn,exact,gmh,exact_iso3,,no_match
gml,,,,I,H,Middle Low German,False,False,,no_match,gml,exact_iso3,,no_match
gmm,,,,I,L,Gbaya-Mbodomo,False,True,,no_match,gmm,exact_iso3,,no_match
gmn,,,,I,L,Gimnime,False,True,,no_match,gmn,exact_iso3,,no_match
gmr,,,,I,L,Mirning,False,True,,no_match,gmr,exact_iso3,,no_match
gmu,,,,I,L,Gumalu,False,True,,no_match,gmu,exact_iso3,,no_match
gmv,,,,I,L,Gamo,False,True,gmv_Ethi;gmv_Latn,multi_script,gmv,exact_iso3,,no_match
gmx,,,,I,L,Magoma,False,True,,no_match,gmx,exact_iso3,,no_match
gmy,,,,I,H,Mycenaean Greek,False,False,,no_match,gmy,exact_iso3,,no_match
gmz,,,,I,L,Mgbolizhia,False,True,,no_match,gmz,exact_iso3,,no_match
gna,,,,I,L,Kaansa,False,True,gna_Latn,exact,gna,exact_iso3,,no_match
gnb,,,,I,L,Gangte,False,True,gnb_Latn,exact,gnb,exact_iso3,,no_match
gnc,,,,I,E,Guanche,False,False,,no_match,gnc,exact_iso3,,no_match
gnd,,,,I,L,Zulgo-Gemzek,False,True,gnd_Latn,exact,gnd,exact_iso3,,no_match
gne,,,,I,L,Ganang,False,True,,no_match,gne,exact_iso3,,no_match
gng,,,,I,L,Ngangam,False,True,gng_Latn,exact,gng,exact_iso3,,no_match
gnh,,,,I,L,Lere,False,True,,no_match,gnh,exact_iso3,,no_match
gni,,,,I,L,Gooniyandi,False,True,,no_match,gni,exact_iso3,,no_match
gnj,,,,I,L,Ngen,False,True,,no_match,gnj,exact_iso3,,no_match
gnk,,,,I,L,ǁGana,False,True,,no_match,gnk,exact_iso3,,no_match
gnl,,,,I,E,Gangulu,False,False,,no_match,gnl,exact_iso3,,no_match
gnm,,,,I,L,Ginuman,False,True,,no_match,gnm,exact_iso3,,no_match
gnn,,,,I,L,Gumatj,False,True,gnn_Latn,exact,gnn,exact_iso3,,no_match
gno,,,,I,L,Northern Gondi,False,True,,no_match,gno,exact_iso3,,no_match
gnq,,,,I,L,Gana,False,True,,no_match,gnq,exact_iso3,,no_match
gnr,,,,I,E,Gureng Gureng,False,False,,no_match,gnr,exact_iso3,,no_match
gnt,,,,I,L,Guntai,False,True,,no_match,gnt,exact_iso3,,no_match
gnu,,,,I,L,Gnau,False,True,,no_match,gnu,exact_iso3,,no_match
gnw,,,,I,L,Western Bolivian Guaraní,False,True,gnw_Latn,exact,gnw,exact_iso3,,no_match
gnz,,,,I,L,Ganzi,False,True,,no_match,gnz,exact_iso3,,no_match
goa,,,,I,L,Guro,False,True,goa_Latn,exact,goa,exact_iso3,,no_match
gob,,,,I,L,Playero,False,True,,no_match,gob,exact_iso3,,no_match
goc,,,,I,L,Gorakor,False,True,,no_match,goc,exact_iso3,,no_match
god,,,,I,L,Godié,False,True,,no_match,god,exact_iso3,,no_match
goe,,,,I,L,Gongduk,False,True,,no_match,goe,exact_iso3,,no_match
gof,,,,I,L,Gofa,False,True,gof_Ethi;gof_Latn,multi_script,gof,exact_iso3,,no_match
gog,,,,I,L,Gogo,False,True,gog_Latn,exact,gog,exact_iso3,,no_match
goh,goh,goh,,I,H,Old High German (ca. 750-1050),False,False,goh_Latn,exact,goh,exact_iso3,,no_match
goi,,,,I,L,Gobasi,False,True,,no_match,goi,exact_iso3,,no_match
goj,,,,I,L,Gowlan,False,True,,no_match,goj,exact_iso3,,no_match
gok,,,,I,L,Gowli,False,True,,no_match,gok,exact_iso3,,no_match
gol,,,,I,L,Gola,False,True,,no_match,gol,exact_iso3,,no_match
gom,,,,I,L,Goan Konkani,False,True,gom_Deva;gom_Latn,multi_script,gom,exact_iso3,gom,exact_iso3
gon,gon,gon,,M,L,Gondi,True,True,,no_match,gon,exact_iso3,,no_match
goo,,,,I,L,Gone Dau,False,True,,no_match,goo,exact_iso3,,no_match
gop,,,,I,L,Yeretuar,False,True,,no_match,gop,exact_iso3,,no_match
goq,,,,I,L,Gorap,False,True,,no_match,goq,exact_iso3,,no_match
gor,gor,gor,,I,L,Gorontalo,False,True,gor_Latn,exact,gor,exact_iso3,,no_match
gos,,,,I,L,Gronings,False,True,gos_Latn,exact,gos,exact_iso3,gos,exact_iso3
got,got,got,,I,H,Gothic,False,False,got_Goth,exact,got,exact_iso3,,no_match
gou,,,,I,L,Gavar,False,True,,no_match,gou,exact_iso3,,no_match
gov,,,,I,L,Goo,False,True,,no_match,gov,exact_iso3,,no_match
gow,,,,I,L,Gorowa,False,True,,no_match,gow,exact_iso3,,no_match
gox,,,,I,L,Gobu,False,True,,no_match,gox,exact_iso3,,no_match
goy,,,,I,L,Goundo,False,True,,no_match,goy,exact_iso3,,no_match
goz,,,,I,L,Gozarkhani,False,True,,no_match,goz,exact_iso3,,no_match
gpa,,,,I,L,Gupa-Abawa,False,True,,no_match,gpa,exact_iso3,,no_match
gpe,,,,I,L,Ghanaian Pidgin English,False,True,,no_match,gpe,exact_iso3,,no_match
gpn,,,,I,L,Taiap,False,True,,no_match,gpn,exact_iso3,,no_match
gqa,,,,I,L,Ga'anda,False,True,,no_match,gqa,exact_iso3,,no_match
gqi,,,,I,L,Guiqiong,False,True,,no_match,gqi,exact_iso3,,no_match
gqn,,,,I,E,Guana (Brazil),False,False,,no_match,gqn,exact_iso3,,no_match
gqr,,,,I,L,Gor,False,True,gqr_Latn,exact,gqr,exact_iso3,,no_match
gqu,,,,I,L,Qau,False,True,,no_match,gqu,exact_iso3,,no_match
gra,,,,I,L,Rajput Garasia,False,True,,no_match,gra,exact_iso3,,no_match
grb,grb,grb,,M,L,Grebo,True,True,,no_match,grb,exact_iso3,,no_match
grc,grc,grc,,I,H,Ancient Greek (to 1453),False,False,grc_Grek,exact,grc,exact_iso3,,no_match
grd,,,,I,L,Guruntum-Mbaaru,False,True,,no_match,grd,exact_iso3,,no_match
grg,,,,I,L,Madi,False,True,,no_match,grg,exact_iso3,,no_match
grh,,,,I,L,Gbiri-Niragu,False,True,,no_match,grh,exact_iso3,,no_match
gri,,,,I,L,Ghari,False,True,,no_match,gri,exact_iso3,,no_match
grj,,,,I,L,Southern Grebo,False,True,,no_match,grj,exact_iso3,,no_match
grm,,,,I,L,Kota Marudu Talantang,False,True,,no_match,grm,exact_iso3,,no_match
grn,grn,grn,gn,M,L,Guarani,True,True,,no_match,grn;gn,matched_multiple:iso3+iso1,gn,matched_via_bcp47
gro,,,,I,L,Groma,False,True,,no_match,gro,exact_iso3,,no_match
grq,,,,I,L,Gorovu,False,True,,no_match,grq,exact_iso3,,no_match
grr,,,,I,L,Taznatit,False,True,,no_match,grr,exact_iso3,,no_match
grs,,,,I,L,Gresi,False,True,,no_match,grs,exact_iso3,,no_match
grt,,,,I,L,Garo,False,True,grt_Beng,exact,grt,exact_iso3,,no_match
gru,,,,I,L,Kistane,False,True,,no_match,gru,exact_iso3,,no_match
grv,,,,I,L,Central Grebo,False,True,,no_match,grv,exact_iso3,,no_match
grw,,,,I,L,Gweda,False,True,,no_match,grw,exact_iso3,,no_match
grx,,,,I,L,Guriaso,False,True,,no_match,grx,exact_iso3,,no_match
gry,,,,I,L,Barclayville Grebo,False,True,,no_match,gry,exact_iso3,,no_match
grz,,,,I,L,Guramalum,False,True,,no_match,grz,exact_iso3,,no_match
gse,,,,I,L,Ghanaian Sign Language,False,True,,no_match,gse,exact_iso3,,no_match
gsg,,,,I,L,German Sign Language,False,True,,no_match,gsg,exact_iso3,,no_match
gsl,,,,I,L,Gusilay,False,True,,no_match,gsl,exact_iso3,,no_match
gsm,,,,I,L,Guatemalan Sign Language,False,True,,no_match,gsm,exact_iso3,,no_match
gsn,,,,I,L,Nema,False,True,,no_match,gsn,exact_iso3,,no_match
gso,,,,I,L,Southwest Gbaya,False,True,gso_Latn,exact,gso,exact_iso3,,no_match
gsp,,,,I,L,Wasembo,False,True,,no_match,gsp,exact_iso3,,no_match
gss,,,,I,L,Greek Sign Language,False,True,,no_match,gss,exact_iso3,,no_match
gsw,gsw,gsw,,I,L,Swiss German,False,True,gsw_Latn,exact,gsw,exact_iso3,gsw,exact_iso3
gta,,,,I,L,Guató,False,True,,no_match,gta,exact_iso3,,no_match
gtu,,,,I,E,Aghu-Tharnggala,False,False,,no_match,gtu,exact_iso3,,no_match
gua,,,,I,L,Shiki,False,True,,no_match,gua,exact_iso3,,no_match
gub,,,,I,L,Guajajára,False,True,gub_Latn,exact,gub,exact_iso3,,no_match
guc,,,,I,L,Wayuu,False,True,guc_Latn,exact,guc,exact_iso3,guc,exact_iso3
gud,,,,I,L,Yocoboué Dida,False,True,gud_Latn,exact,gud,exact_iso3,,no_match
gue,,,,I,L,Gurindji,False,True,,no_match,gue,exact_iso3,,no_match
guf,,,,I,L,Gupapuyngu,False,True,,no_match,guf,exact_iso3,,no_match
gug,,,,I,L,Paraguayan Guaraní,False,True,gug_Latn,exact,gug,exact_iso3,,no_match
guh,,,,I,L,Guahibo,False,True,guh_Latn,exact,guh,exact_iso3,,no_match
gui,,,,I,L,Eastern Bolivian Guaraní,False,True,gui_Latn,exact,gui,exact_iso3,,no_match
guj,guj,guj,gu,I,L,Gujarati,False,True,guj_Gujr;guj_Latn,multi_script,guj;gu,matched_multiple:iso3+iso1,gu-IN,matched_via_bcp47_region_variant
guk,,,,I,L,Gumuz,False,True,guk_Ethi,exact,guk,exact_iso3,,no_match
gul,,,,I,L,Sea Island Creole English,False,True,gul_Latn,exact,gul,exact_iso3,,no_match
gum,,,,I,L,Guambiano,False,True,gum_Latn,exact,gum,exact_iso3,,no_match
gun,,,,I,L,Mbyá Guaraní,False,True,gun_Latn,exact,gun,exact_iso3,,no_match
guo,,,,I,L,Guayabero,False,True,guo_Latn,exact,guo,exact_iso3,,no_match
gup,,,,I,L,Gunwinggu,False,True,,no_match,gup,exact_iso3,,no_match
guq,,,,I,L,Aché,False,True,guq_Latn,exact,guq,exact_iso3,,no_match
gur,,,,I,L,Farefare,False,True,gur_Latn,exact,gur,exact_iso3,,no_match
gus,,,,I,L,Guinean Sign Language,False,True,,no_match,gus,exact_iso3,,no_match
gut,,,,I,L,Maléku Jaíka,False,True,,no_match,gut,exact_iso3,,no_match
guu,,,,I,L,Yanomamö,False,True,guu_Latn,exact,guu,exact_iso3,,no_match
guw,,,,I,L,Gun,False,True,guw_Latn,exact,guw,exact_iso3,,no_match
gux,,,,I,L,Gourmanchéma,False,True,gux_Latn,exact,gux,exact_iso3,,no_match
guz,,,,I,L,Gusii,False,True,guz_Latn,exact,guz,exact_iso3,,no_match
gva,,,,I,L,Guana (Paraguay),False,True,,no_match,gva,exact_iso3,,no_match
gvc,,,,I,L,Guanano,False,True,gvc_Latn,exact,gvc,exact_iso3,,no_match
gve,,,,I,L,Duwet,False,True,,no_match,gve,exact_iso3,,no_match
gvf,,,,I,L,Golin,False,True,gvf_Latn,exact,gvf,exact_iso3,,no_match
gvj,,,,I,L,Guajá,False,True,,no_match,gvj,exact_iso3,,no_match
gvl,,,,I,L,Gulay,False,True,gvl_Latn,exact,gvl,exact_iso3,,no_match
gvm,,,,I,L,Gurmana,False,True,,no_match,gvm,exact_iso3,,no_match
gvn,,,,I,L,Kuku-Yalanji,False,True,gvn_Latn,exact,gvn,exact_iso3,,no_match
gvo,,,,I,L,Gavião Do Jiparaná,False,True,,no_match,gvo,exact_iso3,,no_match
gvp,,,,I,L,Pará Gavião,False,True,,no_match,gvp,exact_iso3,,no_match
gvr,,,,I,L,Gurung,False,True,,no_match,gvr,exact_iso3,,no_match
gvs,,,,I,L,Gumawana,False,True,,no_match,gvs,exact_iso3,,no_match
gvy,,,,I,E,Guyani,False,False,,no_match,gvy,exact_iso3,,no_match
gwa,,,,I,L,Mbato,False,True,,no_match,gwa,exact_iso3,,no_match
gwb,,,,I,L,Gwa,False,True,,no_match,gwb,exact_iso3,,no_match
gwc,,,,I,L,Gawri,False,True,,no_match,gwc,exact_iso3,gwc,exact_iso3
gwd,,,,I,L,Gawwada,False,True,,no_match,gwd,exact_iso3,,no_match
gwe,,,,I,L,Gweno,False,True,,no_match,gwe,exact_iso3,,no_match
gwf,,,,I,L,Gowro,False,True,,no_match,gwf,exact_iso3,,no_match
gwg,,,,I,L,Moo,False,True,,no_match,gwg,exact_iso3,,no_match
gwi,gwi,gwi,,I,L,Gwichʼin,False,True,gwi_Latn,exact,gwi,exact_iso3,,no_match
gwj,,,,I,L,ǀGwi,False,True,,no_match,gwj,exact_iso3,,no_match
gwm,,,,I,E,Awngthim,False,False,,no_match,gwm,exact_iso3,,no_match
gwn,,,,I,L,Gwandara,False,True,,no_match,gwn,exact_iso3,,no_match
gwr,,,,I,L,Gwere,False,True,gwr_Latn,exact,gwr,exact_iso3,,no_match
gwt,,,,I,L,Gawar-Bati,False,True,,no_match,gwt,exact_iso3,gwt,exact_iso3
gwu,,,,I,E,Guwamu,False,False,,no_match,gwu,exact_iso3,,no_match
gww,,,,I,L,Kwini,False,True,,no_match,gww,exact_iso3,,no_match
gwx,,,,I,L,Gua,False,True,,no_match,gwx,exact_iso3,,no_match
gxx,,,,I,L,Wè Southern,False,True,,no_match,gxx,exact_iso3,,no_match
gya,,,,I,L,Northwest Gbaya,False,True,gya_Latn,exact,gya,exact_iso3,gya,exact_iso3
gyb,,,,I,L,Garus,False,True,,no_match,gyb,exact_iso3,,no_match
gyd,,,,I,L,Kayardild,False,True,,no_match,gyd,exact_iso3,,no_match
gye,,,,I,L,Gyem,False,True,,no_match,gye,exact_iso3,,no_match
gyf,,,,I,E,Gungabula,False,False,,no_match,gyf,exact_iso3,,no_match
gyg,,,,I,L,Gbayi,False,True,,no_match,gyg,exact_iso3,,no_match
gyi,,,,I,L,Gyele,False,True,,no_match,gyi,exact_iso3,,no_match
gyl,,,,I,L,Gayil,False,True,,no_match,gyl,exact_iso3,,no_match
gym,,,,I,L,Ngäbere,False,True,gym_Latn,exact,gym,exact_iso3,,no_match
gyn,,,,I,L,Guyanese Creole English,False,True,,no_match,gyn,exact_iso3,,no_match
gyo,,,,I,L,Gyalsumdo,False,True,,no_match,gyo,exact_iso3,,no_match
gyr,,,,I,L,Guarayu,False,True,gyr_Latn,exact,gyr,exact_iso3,,no_match
gyy,,,,I,E,Gunya,False,False,,no_match,gyy,exact_iso3,,no_match
gyz,,,,I,L,Geji,False,True,,no_match,gyz,exact_iso3,,no_match
gza,,,,I,L,Ganza,False,True,,no_match,gza,exact_iso3,,no_match
gzi,,,,I,L,Gazi,False,True,,no_match,gzi,exact_iso3,,no_match
gzn,,,,I,L,Gane,False,True,,no_match,gzn,exact_iso3,,no_match
haa,,,,I,L,Hän,False,True,,no_match,haa,exact_iso3,,no_match
hab,,,,I,L,Hanoi Sign Language,False,True,,no_match,hab,exact_iso3,,no_match
hac,,,,I,L,Gurani,False,True,hac_Arab,exact,hac,exact_iso3,hac,exact_iso3
had,,,,I,L,Hatam,False,True,,no_match,had,exact_iso3,,no_match
hae,,,,I,L,Eastern Oromo,False,True,hae_Latn,exact,hae,exact_iso3,,no_match
haf,,,,I,L,Haiphong Sign Language,False,True,,no_match,haf,exact_iso3,,no_match
hag,,,,I,L,Hanga,False,True,hag_Latn,exact,hag,exact_iso3,,no_match
hah,,,,I,L,Hahon,False,True,,no_match,hah,exact_iso3,,no_match
hai,hai,hai,,M,L,Haida,True,True,,no_match,hai,exact_iso3,,no_match
haj,,,,I,L,Hajong,False,True,,no_match,haj,exact_iso3,,no_match
hak,,,,I,L,Hakka Chinese,False,True,hak_Hani;hak_Latn,multi_script,hak,exact_iso3,hak,exact_iso3
hal,,,,I,L,Halang,False,True,,no_match,hal,exact_iso3,,no_match
ham,,,,I,L,Hewa,False,True,,no_match,ham,exact_iso3,,no_match
han,,,,I,L,Hangaza,False,True,,no_match,han,exact_iso3,,no_match
hao,,,,I,L,Hakö,False,True,,no_match,hao,exact_iso3,,no_match
hap,,,,I,L,Hupla,False,True,,no_match,hap,exact_iso3,,no_match
haq,,,,I,L,Ha,False,True,,no_match,haq,exact_iso3,,no_match
har,,,,I,L,Harari,False,True,,no_match,har,exact_iso3,,no_match
has,,,,I,L,Haisla,False,True,,no_match,has,exact_iso3,,no_match
hat,hat,hat,ht,I,L,Haitian,False,True,hat_Latn,exact,hat;ht,matched_multiple:iso3+iso1,ht,matched_via_bcp47
hau,hau,hau,ha,I,L,Hausa,False,True,hau_Latn,exact,hau;ha,matched_multiple:iso3+iso1,ha,matched_via_bcp47
hav,,,,I,L,Havu,False,True,hav_Latn,exact,hav,exact_iso3,,no_match
haw,haw,haw,,I,L,Hawaiian,False,True,haw_Latn,exact,haw,exact_iso3,,no_match
hax,,,,I,L,Southern Haida,False,True,,no_match,hax,exact_iso3,,no_match
hay,,,,I,L,Haya,False,True,hay_Latn,exact,hay,exact_iso3,,no_match
haz,,,,I,L,Hazaragi,False,True,,no_match,haz,exact_iso3,haz,exact_iso3
hba,,,,I,L,Hamba,False,True,,no_match,hba,exact_iso3,,no_match
hbb,,,,I,L,Huba,False,True,,no_match,hbb,exact_iso3,,no_match
hbn,,,,I,L,Heiban,False,True,,no_match,hbn,exact_iso3,,no_match
hbo,,,,I,H,Ancient Hebrew,False,False,hbo_Hebr,exact,hbo,exact_iso3,,no_match
hbs,,,sh,M,L,Serbo-Croatian,True,True,,no_match,hbs;sh,matched_multiple:iso3+iso1,,no_match
hbu,,,,I,L,Habu,False,True,,no_match,hbu,exact_iso3,,no_match
hca,,,,I,L,Andaman Creole Hindi,False,True,,no_match,hca,exact_iso3,,no_match
hch,,,,I,L,Huichol,False,True,hch_Latn,exact,hch,exact_iso3,hch,exact_iso3
hdn,,,,I,L,Northern Haida,False,True,,no_match,hdn,exact_iso3,,no_match
hds,,,,I,L,Honduras Sign Language,False,True,,no_match,hds,exact_iso3,,no_match
hdy,,,,I,L,Hadiyya,False,True,,no_match,hdy,exact_iso3,,no_match
hea,,,,I,L,Northern Qiandong Miao,False,True,,no_match,hea,exact_iso3,,no_match
heb,heb,heb,he,I,L,Hebrew,False,True,heb_Hebr,exact,heb;he,matched_multiple:iso3+iso1,he,matched_via_bcp47
hed,,,,I,L,Herdé,False,True,,no_match,hed,exact_iso3,,no_match
heg,,,,I,L,Helong,False,True,heg_Latn,exact,heg,exact_iso3,,no_match
heh,,,,I,L,Hehe,False,True,heh_Latn,exact,heh,exact_iso3,,no_match
hei,,,,I,L,Heiltsuk,False,True,,no_match,hei,exact_iso3,,no_match
hem,,,,I,L,Hemba,False,True,,no_match,hem,exact_iso3,hem,exact_iso3
her,her,her,hz,I,L,Herero,False,True,her_Latn,exact,her;hz,matched_multiple:iso3+iso1,,no_match
hgm,,,,I,L,Haiǁom,False,True,,no_match,hgm,exact_iso3,,no_match
hgw,,,,I,L,Haigwai,False,True,,no_match,hgw,exact_iso3,,no_match
hhi,,,,I,L,Hoia Hoia,False,True,,no_match,hhi,exact_iso3,,no_match
hhr,,,,I,L,Kerak,False,True,,no_match,hhr,exact_iso3,,no_match
hhy,,,,I,L,Hoyahoya,False,True,,no_match,hhy,exact_iso3,,no_match
hia,,,,I,L,Lamang,False,True,,no_match,hia,exact_iso3,,no_match
hib,,,,I,E,Hibito,False,False,,no_match,hib,exact_iso3,,no_match
hid,,,,I,L,Hidatsa,False,True,,no_match,hid,exact_iso3,,no_match
hif,,,,I,L,Fiji Hindi,False,True,hif_Latn,exact,hif,exact_iso3,,no_match
hig,,,,I,L,Kamwe,False,True,hig_Latn,exact,hig,exact_iso3,,no_match
hih,,,,I,L,Pamosu,False,True,,no_match,hih,exact_iso3,,no_match
hii,,,,I,L,Hinduri,False,True,,no_match,hii,exact_iso3,,no_match
hij,,,,I,L,Hijuk,False,True,,no_match,hij,exact_iso3,,no_match
hik,,,,I,L,Seit-Kaitetu,False,True,,no_match,hik,exact_iso3,,no_match
hil,hil,hil,,I,L,Hiligaynon,False,True,hil_Latn,exact,hil,exact_iso3,hil,exact_iso3
hin,hin,hin,hi,I,L,Hindi,False,True,hin_Deva;hin_Latn,multi_script,hin;hi,matched_multiple:iso3+iso1,hi,matched_via_bcp47
hio,,,,I,L,Tsoa,False,True,,no_match,hio,exact_iso3,,no_match
hir,,,,I,L,Himarimã,False,True,,no_match,hir,exact_iso3,,no_match
hit,hit,hit,,I,H,Hittite,False,False,,no_match,hit,exact_iso3,,no_match
hiw,,,,I,L,Hiw,False,True,,no_match,hiw,exact_iso3,,no_match
hix,,,,I,L,Hixkaryána,False,True,hix_Latn,exact,hix,exact_iso3,,no_match
hji,,,,I,L,Haji,False,True,,no_match,hji,exact_iso3,,no_match
hka,,,,I,L,Kahe,False,True,,no_match,hka,exact_iso3,,no_match
hke,,,,I,L,Hunde,False,True,,no_match,hke,exact_iso3,,no_match
hkh,,,,I,L,Khah,False,True,,no_match,hkh,exact_iso3,,no_match
hkk,,,,I,L,Hunjara-Kaina Ke,False,True,,no_match,hkk,exact_iso3,,no_match
hkn,,,,I,L,Mel-Khaonh,False,True,,no_match,hkn,exact_iso3,,no_match
hks,,,,I,L,Hong Kong Sign Language,False,True,,no_match,hks,exact_iso3,,no_match
hla,,,,I,L,Halia,False,True,hla_Latn,exact,hla,exact_iso3,,no_match
hlb,,,,I,L,Halbi,False,True,,no_match,hlb,exact_iso3,,no_match
hld,,,,I,L,Halang Doan,False,True,,no_match,hld,exact_iso3,,no_match
hle,,,,I,L,Hlersu,False,True,,no_match,hle,exact_iso3,,no_match
hlt,,,,I,L,Matu Chin,False,True,,no_match,hlt,exact_iso3,,no_match
hlu,,,,I,H,Hieroglyphic Luwian,False,False,,no_match,hlu,exact_iso3,,no_match
hma,,,,I,L,Southern Mashan Hmong,False,True,,no_match,hma,exact_iso3,,no_match
hmb,,,,I,L,Humburi Senni Songhay,False,True,,no_match,hmb,exact_iso3,,no_match
hmc,,,,I,L,Central Huishui Hmong,False,True,,no_match,hmc,exact_iso3,,no_match
hmd,,,,I,L,Large Flowery Miao,False,True,,no_match,hmd,exact_iso3,,no_match
hme,,,,I,L,Eastern Huishui Hmong,False,True,,no_match,hme,exact_iso3,,no_match
hmf,,,,I,L,Hmong Don,False,True,,no_match,hmf,exact_iso3,,no_match
hmg,,,,I,L,Southwestern Guiyang Hmong,False,True,,no_match,hmg,exact_iso3,,no_match
hmh,,,,I,L,Southwestern Huishui Hmong,False,True,,no_match,hmh,exact_iso3,,no_match
hmi,,,,I,L,Northern Huishui Hmong,False,True,,no_match,hmi,exact_iso3,,no_match
hmj,,,,I,L,Ge,False,True,,no_match,hmj,exact_iso3,,no_match
hmk,,,,I,H,Maek,False,False,,no_match,hmk,exact_iso3,,no_match
hml,,,,I,L,Luopohe Hmong,False,True,,no_match,hml,exact_iso3,,no_match
hmm,,,,I,L,Central Mashan Hmong,False,True,,no_match,hmm,exact_iso3,,no_match
hmn,hmn,hmn,,M,L,Hmong,True,True,,no_match,hmn,exact_iso3,,no_match
hmo,hmo,hmo,ho,I,L,Hiri Motu,False,True,hmo_Latn,exact,hmo;ho,matched_multiple:iso3+iso1,,no_match
hmp,,,,I,L,Northern Mashan Hmong,False,True,,no_match,hmp,exact_iso3,,no_match
hmq,,,,I,L,Eastern Qiandong Miao,False,True,,no_match,hmq,exact_iso3,,no_match
hmr,,,,I,L,Hmar,False,True,hmr_Latn,exact,hmr,exact_iso3,,no_match
hms,,,,I,L,Southern Qiandong Miao,False,True,,no_match,hms,exact_iso3,,no_match
hmt,,,,I,L,Hamtai,False,True,,no_match,hmt,exact_iso3,,no_match
hmu,,,,I,L,Hamap,False,True,,no_match,hmu,exact_iso3,,no_match
hmv,,,,I,L,Hmong Dô,False,True,,no_match,hmv,exact_iso3,,no_match
hmw,,,,I,L,Western Mashan Hmong,False,True,,no_match,hmw,exact_iso3,,no_match
hmy,,,,I,L,Southern Guiyang Hmong,False,True,,no_match,hmy,exact_iso3,,no_match
hmz,,,,I,L,Hmong Shua,False,True,,no_match,hmz,exact_iso3,,no_match
hna,,,,I,L,Mina (Cameroon),False,True,,no_match,hna,exact_iso3,,no_match
hnd,,,,I,L,Southern Hindko,False,True,,no_match,hnd,exact_iso3,,no_match
hne,,,,I,L,Chhattisgarhi,False,True,hne_Deva,exact,hne,exact_iso3,,no_match
hng,,,,I,L,Hungu,False,True,,no_match,hng,exact_iso3,,no_match
hnh,,,,I,L,ǁAni,False,True,,no_match,hnh,exact_iso3,,no_match
hni,,,,I,L,Hani,False,True,,no_match,hni,exact_iso3,,no_match
hnj,,,,I,L,Hmong Njua,False,True,hnj_Latn,exact,hnj,exact_iso3,,no_match
hnm,,,,I,L,Hainanese,False,True,,no_match,,no_match,,no_match
hnn,,,,I,L,Hanunoo,False,True,hnn_Latn,exact,hnn,exact_iso3,,no_match
hno,,,,I,L,Northern Hindko,False,True,,no_match,hno,exact_iso3,hno,exact_iso3
hns,,,,I,L,Caribbean Hindustani,False,True,hns_Latn,exact,hns,exact_iso3,,no_match
hnu,,,,I,L,Hung,False,True,,no_match,hnu,exact_iso3,,no_match
hoa,,,,I,L,Hoava,False,True,,no_match,hoa,exact_iso3,,no_match
hob,,,,I,L,Mari (Madang Province),False,True,,no_match,hob,exact_iso3,,no_match
hoc,,,,I,L,Ho,False,True,,no_match,hoc,exact_iso3,,no_match
hod,,,,I,E,Holma,False,False,,no_match,hod,exact_iso3,,no_match
hoe,,,,I,L,Horom,False,True,,no_match,hoe,exact_iso3,,no_match
hoh,,,,I,L,Hobyót,False,True,,no_match,hoh,exact_iso3,,no_match
hoi,,,,I,L,Holikachuk,False,True,,no_match,hoi,exact_iso3,,no_match
hoj,,,,I,L,Hadothi,False,True,,no_match,hoj,exact_iso3,,no_match
hol,,,,I,L,Holu,False,True,,no_match,hol,exact_iso3,,no_match
hom,,,,I,E,Homa,False,False,,no_match,hom,exact_iso3,,no_match
hoo,,,,I,L,Holoholo,False,True,,no_match,hoo,exact_iso3,,no_match
hop,,,,I,L,Hopi,False,True,hop_Latn,exact,hop,exact_iso3,,no_match
hor,,,,I,E,Horo,False,False,,no_match,hor,exact_iso3,,no_match
hos,,,,I,L,Ho Chi Minh City Sign Language,False,True,,no_match,hos,exact_iso3,,no_match
hot,,,,I,L,Hote,False,True,hot_Latn,exact,hot,exact_iso3,,no_match
hov,,,,I,L,Hovongan,False,True,,no_match,hov,exact_iso3,,no_match
how,,,,I,L,Honi,False,True,,no_match,how,exact_iso3,,no_match
hoy,,,,I,L,Holiya,False,True,,no_match,hoy,exact_iso3,,no_match
hoz,,,,I,L,Hozo,False,True,,no_match,hoz,exact_iso3,,no_match
hpo,,,,I,E,Hpon,False,False,,no_match,hpo,exact_iso3,,no_match
hps,,,,I,L,Hawai'i Sign Language (HSL),False,True,,no_match,hps,exact_iso3,,no_match
hra,,,,I,L,Hrangkhol,False,True,hra_Latn,exact,hra,exact_iso3,,no_match
hrc,,,,I,L,Niwer Mil,False,True,,no_match,hrc,exact_iso3,,no_match
hre,,,,I,L,Hre,False,True,,no_match,hre,exact_iso3,,no_match
hrk,,,,I,L,Haruku,False,True,,no_match,hrk,exact_iso3,,no_match
hrm,,,,I,L,Horned Miao,False,True,,no_match,hrm,exact_iso3,,no_match
hro,,,,I,L,Haroi,False,True,,no_match,hro,exact_iso3,,no_match
hrp,,,,I,E,Nhirrpi,False,False,,no_match,hrp,exact_iso3,,no_match
hrt,,,,I,L,Hértevin,False,True,,no_match,hrt,exact_iso3,,no_match
hru,,,,I,L,Hruso,False,True,,no_match,hru,exact_iso3,,no_match
hrv,hrv,hrv,hr,I,L,Croatian,False,True,hrv_Latn,exact,hrv;hr,matched_multiple:iso3+iso1,hr,matched_via_bcp47
hrw,,,,I,L,Warwar Feni,False,True,,no_match,hrw,exact_iso3,,no_match
hrx,,,,I,L,Hunsrik,False,True,hrx_Latn,exact,hrx,exact_iso3,hrx,exact_iso3
hrz,,,,I,L,Harzani,False,True,,no_match,hrz,exact_iso3,,no_match
hsb,hsb,hsb,,I,L,Upper Sorbian,False,True,hsb_Latn,exact,hsb,exact_iso3,hsb,exact_iso3
hsh,,,,I,L,Hungarian Sign Language,False,True,,no_match,hsh,exact_iso3,,no_match
hsl,,,,I,L,Hausa Sign Language,False,True,,no_match,hsl,exact_iso3,,no_match
hsn,,,,I,L,Xiang Chinese,False,True,,no_match,hsn,exact_iso3,,no_match
hss,,,,I,L,Harsusi,False,True,,no_match,hss,exact_iso3,,no_match
hti,,,,I,E,Hoti,False,False,,no_match,hti,exact_iso3,,no_match
hto,,,,I,L,Minica Huitoto,False,True,hto_Latn,exact,hto,exact_iso3,,no_match
hts,,,,I,L,Hadza,False,True,,no_match,hts,exact_iso3,,no_match
htu,,,,I,L,Hitu,False,True,,no_match,htu,exact_iso3,,no_match
htx,,,,I,H,Middle Hittite,False,False,,no_match,htx,exact_iso3,,no_match
hub,,,,I,L,Huambisa,False,True,hub_Latn,exact,hub,exact_iso3,,no_match
huc,,,,I,L,ǂHua,False,True,,no_match,huc,exact_iso3,,no_match
hud,,,,I,L,Huaulu,False,True,,no_match,hud,exact_iso3,,no_match
hue,,,,I,L,San Francisco Del Mar Huave,False,True,,no_match,hue,exact_iso3,,no_match
huf,,,,I,L,Humene,False,True,,no_match,huf,exact_iso3,,no_match
hug,,,,I,L,Huachipaeri,False,True,,no_match,hug,exact_iso3,,no_match
huh,,,,I,L,Huilliche,False,True,,no_match,huh,exact_iso3,,no_match
hui,,,,I,L,Huli,False,True,hui_Latn,exact,hui,exact_iso3,,no_match
huj,,,,I,L,Northern Guiyang Hmong,False,True,,no_match,huj,exact_iso3,,no_match
huk,,,,I,E,Hulung,False,False,,no_match,huk,exact_iso3,,no_match
hul,,,,I,L,Hula,False,True,,no_match,hul,exact_iso3,,no_match
hum,,,,I,L,Hungana,False,True,,no_match,hum,exact_iso3,,no_match
hun,hun,hun,hu,I,L,Hungarian,False,True,hun_Latn,exact,hun;hu,matched_multiple:iso3+iso1,hu,matched_via_bcp47
huo,,,,I,L,Hu,False,True,,no_match,huo,exact_iso3,,no_match
hup,hup,hup,,I,L,Hupa,False,True,,no_match,hup,exact_iso3,,no_match
huq,,,,I,L,Tsat,False,True,,no_match,huq,exact_iso3,,no_match
hur,,,,I,L,Halkomelem,False,True,,no_match,hur,exact_iso3,,no_match
hus,,,,I,L,Huastec,False,True,hus_Latn,exact,hus,exact_iso3,,no_match
hut,,,,I,L,Humla,False,True,,no_match,hut,exact_iso3,,no_match
huu,,,,I,L,Murui Huitoto,False,True,huu_Latn,exact,huu,exact_iso3,,no_match
huv,,,,I,L,San Mateo Del Mar Huave,False,True,huv_Latn,exact,huv,exact_iso3,,no_match
huw,,,,I,E,Hukumina,False,False,,no_match,huw,exact_iso3,,no_match
hux,,,,I,L,Nüpode Huitoto,False,True,,no_match,hux,exact_iso3,hux,exact_iso3
huy,,,,I,L,Hulaulá,False,True,,no_match,huy,exact_iso3,,no_match
huz,,,,I,L,Hunzib,False,True,,no_match,huz,exact_iso3,,no_match
hvc,,,,I,L,Haitian Vodoun Culture Language,False,True,,no_match,hvc,exact_iso3,,no_match
hve,,,,I,L,San Dionisio Del Mar Huave,False,True,,no_match,hve,exact_iso3,,no_match
hvk,,,,I,L,Haveke,False,True,,no_match,hvk,exact_iso3,,no_match
hvn,,,,I,L,Sabu,False,True,hvn_Latn,exact,hvn,exact_iso3,,no_match
hvv,,,,I,L,Santa María Del Mar Huave,False,True,,no_match,hvv,exact_iso3,,no_match
hwa,,,,I,L,Wané,False,True,,no_match,hwa,exact_iso3,,no_match
hwc,,,,I,L,Hawai'i Creole English,False,True,hwc_Latn,exact,hwc,exact_iso3,,no_match
hwo,,,,I,L,Hwana,False,True,,no_match,hwo,exact_iso3,,no_match
hya,,,,I,L,Hya,False,True,,no_match,hya,exact_iso3,,no_match
hye,arm,hye,hy,I,L,Armenian,False,True,hye_Armn,exact,hye;hy,matched_multiple:iso3+iso1,hy-AM,matched_via_bcp47_region_variant
hyw,,,,I,L,Western Armenian,False,True,hyw_Armn,exact,hyw,exact_iso3,,no_match
iai,,,,I,L,Iaai,False,True,,no_match,iai,exact_iso3,,no_match
ian,,,,I,L,Iatmul,False,True,ian_Latn,exact,ian,exact_iso3,,no_match
iar,,,,I,L,Purari,False,True,,no_match,iar,exact_iso3,,no_match
iba,iba,iba,,I,L,Iban,False,True,iba_Latn,exact,iba,exact_iso3,iba,exact_iso3
ibb,,,,I,L,Ibibio,False,True,,no_match,ibb,exact_iso3,ibb,exact_iso3
ibd,,,,I,L,Iwaidja,False,True,,no_match,ibd,exact_iso3,,no_match
ibe,,,,I,L,Akpes,False,True,,no_match,ibe,exact_iso3,,no_match
ibg,,,,I,L,Ibanag,False,True,ibg_Latn,exact,ibg,exact_iso3,,no_match
ibh,,,,I,L,Bih,False,True,,no_match,ibh,exact_iso3,,no_match
ibl,,,,I,L,Ibaloi,False,True,,no_match,ibl,exact_iso3,,no_match
ibm,,,,I,L,Agoi,False,True,,no_match,ibm,exact_iso3,,no_match
ibn,,,,I,L,Ibino,False,True,,no_match,ibn,exact_iso3,,no_match
ibo,ibo,ibo,ig,I,L,Igbo,False,True,ibo_Latn,exact,ibo;ig,matched_multiple:iso3+iso1,ig,matched_via_bcp47
ibr,,,,I,L,Ibuoro,False,True,,no_match,ibr,exact_iso3,,no_match
ibu,,,,I,L,Ibu,False,True,,no_match,ibu,exact_iso3,,no_match
iby,,,,I,L,Ibani,False,True,,no_match,iby,exact_iso3,,no_match
ica,,,,I,L,Ede Ica,False,True,,no_match,ica,exact_iso3,,no_match
ich,,,,I,L,Etkywan,False,True,,no_match,ich,exact_iso3,,no_match
icl,,,,I,L,Icelandic Sign Language,False,True,,no_match,icl,exact_iso3,,no_match
icr,,,,I,L,Islander Creole English,False,True,icr_Latn,exact,icr,exact_iso3,,no_match
ida,,,,I,L,Idakho-Isukha-Tiriki,False,True,,no_match,ida,exact_iso3,,no_match
idb,,,,I,L,Indo-Portuguese,False,True,,no_match,idb,exact_iso3,,no_match
idc,,,,I,L,Idon,False,True,,no_match,idc,exact_iso3,,no_match
idd,,,,I,L,Ede Idaca,False,True,,no_match,idd,exact_iso3,,no_match
ide,,,,I,L,Idere,False,True,,no_match,ide,exact_iso3,,no_match
idi,,,,I,L,Idi,False,True,,no_match,idi,exact_iso3,,no_match
ido,ido,ido,io,I,C,Ido,False,False,ido_Latn,exact,ido;io,matched_multiple:iso3+iso1,,no_match
idr,,,,I,L,Indri,False,True,,no_match,idr,exact_iso3,,no_match
ids,,,,I,L,Idesa,False,True,,no_match,ids,exact_iso3,,no_match
idt,,,,I,L,Idaté,False,True,,no_match,idt,exact_iso3,,no_match
idu,,,,I,L,Idoma,False,True,idu_Latn,exact,idu,exact_iso3,,no_match
ifa,,,,I,L,Amganad Ifugao,False,True,ifa_Latn,exact,ifa,exact_iso3,,no_match
ifb,,,,I,L,Batad Ifugao,False,True,ifb_Latn,exact,ifb,exact_iso3,,no_match
ife,,,,I,L,Ifè,False,True,ife_Latn,exact,ife,exact_iso3,,no_match
iff,,,,I,E,Ifo,False,False,,no_match,iff,exact_iso3,,no_match
ifk,,,,I,L,Tuwali Ifugao,False,True,ifk_Latn,exact,ifk,exact_iso3,,no_match
ifm,,,,I,L,Teke-Fuumu,False,True,,no_match,ifm,exact_iso3,,no_match
ifu,,,,I,L,Mayoyao Ifugao,False,True,ifu_Latn,exact,ifu,exact_iso3,,no_match
ify,,,,I,L,Keley-I Kallahan,False,True,ify_Latn,exact,ify,exact_iso3,,no_match
igb,,,,I,L,Ebira,False,True,,no_match,igb,exact_iso3,,no_match
ige,,,,I,L,Igede,False,True,ige_Latn,exact,ige,exact_iso3,,no_match
igg,,,,I,L,Igana,False,True,,no_match,igg,exact_iso3,,no_match
igl,,,,I,L,Igala,False,True,,no_match,igl,exact_iso3,,no_match
igm,,,,I,L,Kanggape,False,True,,no_match,igm,exact_iso3,,no_match
ign,,,,I,L,Ignaciano,False,True,ign_Latn,exact,ign,exact_iso3,,no_match
igo,,,,I,L,Isebe,False,True,,no_match,igo,exact_iso3,,no_match
igs,,,,I,C,Interglossa,False,False,,no_match,igs,exact_iso3,,no_match
igw,,,,I,L,Igwe,False,True,,no_match,igw,exact_iso3,,no_match
ihb,,,,I,L,Iha Based Pidgin,False,True,,no_match,ihb,exact_iso3,,no_match
ihi,,,,I,L,Ihievbe,False,True,,no_match,ihi,exact_iso3,,no_match
ihp,,,,I,L,Iha,False,True,,no_match,ihp,exact_iso3,,no_match
ihw,,,,I,E,Bidhawal,False,False,,no_match,ihw,exact_iso3,,no_match
iii,iii,iii,ii,I,L,Sichuan Yi,False,True,,no_match,iii;ii,matched_multiple:iso3+iso1,,no_match
iin,,,,I,E,Thiin,False,False,,no_match,iin,exact_iso3,,no_match
ijc,,,,I,L,Izon,False,True,,no_match,ijc,exact_iso3,,no_match
ije,,,,I,L,Biseni,False,True,,no_match,ije,exact_iso3,,no_match
ijj,,,,I,L,Ede Ije,False,True,,no_match,ijj,exact_iso3,,no_match
ijn,,,,I,L,Kalabari,False,True,,no_match,ijn,exact_iso3,,no_match
ijs,,,,I,L,Southeast Ijo,False,True,,no_match,ijs,exact_iso3,,no_match
ike,,,,I,L,Eastern Canadian Inuktitut,False,True,ike_Cans,exact,ike,exact_iso3,,no_match
ikh,,,,I,L,Ikhin-Arokho,False,True,,no_match,,no_match,,no_match
iki,,,,I,L,Iko,False,True,,no_match,iki,exact_iso3,,no_match
ikk,,,,I,L,Ika,False,True,ikk_Latn,exact,ikk,exact_iso3,,no_match
ikl,,,,I,L,Ikulu,False,True,,no_match,ikl,exact_iso3,,no_match
iko,,,,I,L,Olulumo-Ikom,False,True,,no_match,iko,exact_iso3,,no_match
ikp,,,,I,L,Ikpeshi,False,True,,no_match,ikp,exact_iso3,,no_match
ikr,,,,I,E,Ikaranggal,False,False,,no_match,ikr,exact_iso3,,no_match
iks,,,,I,L,Inuit Sign Language,False,True,,no_match,iks,exact_iso3,,no_match
ikt,,,,I,L,Inuinnaqtun,False,True,ikt_Latn,exact,ikt,exact_iso3,,no_match
iku,iku,iku,iu,M,L,Inuktitut,True,True,,no_match,iku;iu,matched_multiple:iso3+iso1,,no_match
ikv,,,,I,L,Iku-Gora-Ankwa,False,True,,no_match,ikv,exact_iso3,,no_match
ikw,,,,I,L,Ikwere,False,True,ikw_Latn,exact,ikw,exact_iso3,,no_match
ikx,,,,I,L,Ik,False,True,,no_match,ikx,exact_iso3,,no_match
ikz,,,,I,L,Ikizu,False,True,,no_match,ikz,exact_iso3,,no_match
ila,,,,I,L,Ile Ape,False,True,,no_match,ila,exact_iso3,,no_match
ilb,,,,I,L,Ila,False,True,ilb_Latn,exact,ilb,exact_iso3,,no_match
ile,ile,ile,ie,I,C,Interlingue,False,False,ile_Latn,exact,ile;ie,matched_multiple:iso3+iso1,ie,matched_via_bcp47
ilg,,,,I,E,Garig-Ilgar,False,False,,no_match,ilg,exact_iso3,,no_match
ili,,,,I,L,Ili Turki,False,True,,no_match,ili,exact_iso3,,no_match
ilk,,,,I,L,Ilongot,False,True,,no_match,ilk,exact_iso3,,no_match
ilm,,,,I,L,Iranun (Malaysia),False,True,,no_match,ilm,exact_iso3,,no_match
ilo,ilo,ilo,,I,L,Iloko,False,True,ilo_Latn,exact,ilo,exact_iso3,,no_match
ilp,,,,I,L,Iranun (Philippines),False,True,,no_match,ilp,exact_iso3,,no_match
ils,,,,I,L,International Sign,False,True,,no_match,ils,exact_iso3,,no_match
ilu,,,,I,L,Ili'uun,False,True,,no_match,ilu,exact_iso3,,no_match
ilv,,,,I,L,Ilue,False,True,,no_match,ilv,exact_iso3,,no_match
ima,,,,I,L,Mala Malasar,False,True,,no_match,ima,exact_iso3,,no_match
imi,,,,I,L,Anamgura,False,True,,no_match,imi,exact_iso3,,no_match
iml,,,,I,E,Miluk,False,False,,no_match,iml,exact_iso3,,no_match
imn,,,,I,L,Imonda,False,True,,no_match,imn,exact_iso3,,no_match
imo,,,,I,L,Imbongu,False,True,imo_Latn,exact,imo,exact_iso3,,no_match
imr,,,,I,L,Imroing,False,True,,no_match,imr,exact_iso3,,no_match
ims,,,,I,H,Marsian,False,False,,no_match,ims,exact_iso3,,no_match
imt,,,,I,L,Imotong,False,True,,no_match,imt,exact_iso3,,no_match
imy,,,,I,H,Milyan,False,False,,no_match,imy,exact_iso3,,no_match
ina,ina,ina,ia,I,C,Interlingua (IALA),False,False,ina_Latn,exact,ina;ia,matched_multiple:iso3+iso1,ia,matched_via_bcp47
inb,,,,I,L,Inga,False,True,inb_Latn,exact,inb,exact_iso3,,no_match
ind,ind,ind,id,I,L,Indonesian,False,True,ind_Latn,exact,ind;id,matched_multiple:iso3+iso1,id,matched_via_bcp47
ing,,,,I,L,Degexit'an,False,True,,no_match,ing,exact_iso3,,no_match
inh,inh,inh,,I,L,Ingush,False,True,inh_Cyrl,exact,inh,exact_iso3,,no_match
inj,,,,I,L,Jungle Inga,False,True,,no_match,inj,exact_iso3,,no_match
inl,,,,I,L,Indonesian Sign Language,False,True,,no_match,inl,exact_iso3,,no_match
inm,,,,I,H,Minaean,False,False,,no_match,inm,exact_iso3,,no_match
inn,,,,I,L,Isinai,False,True,,no_match,inn,exact_iso3,,no_match
ino,,,,I,L,Inoke-Yate,False,True,ino_Latn,exact,ino,exact_iso3,,no_match
inp,,,,I,L,Iñapari,False,True,,no_match,inp,exact_iso3,,no_match
ins,,,,I,L,Indian Sign Language,False,True,,no_match,ins,exact_iso3,,no_match
int,,,,I,L,Intha,False,True,,no_match,int,exact_iso3,,no_match
inz,,,,I,E,Ineseño,False,False,,no_match,inz,exact_iso3,,no_match
ior,,,,I,L,Inor,False,True,,no_match,ior,exact_iso3,,no_match
iou,,,,I,L,Tuma-Irumu,False,True,iou_Latn,exact,iou,exact_iso3,,no_match
iow,,,,I,E,Iowa-Oto,False,False,,no_match,iow,exact_iso3,,no_match
ipi,,,,I,L,Ipili,False,True,ipi_Latn,exact,ipi,exact_iso3,,no_match
ipk,ipk,ipk,ik,M,L,Inupiaq,True,True,,no_match,ipk;ik,matched_multiple:iso3+iso1,ipk,exact_iso3
ipo,,,,I,L,Ipiko,False,True,,no_match,ipo,exact_iso3,,no_match
iqu,,,,I,L,Iquito,False,True,,no_match,iqu,exact_iso3,,no_match
iqw,,,,I,L,Ikwo,False,True,iqw_Latn,exact,iqw,exact_iso3,,no_match
ire,,,,I,L,Iresim,False,True,,no_match,ire,exact_iso3,,no_match
irh,,,,I,L,Irarutu,False,True,,no_match,irh,exact_iso3,,no_match
iri,,,,I,L,Rigwe,False,True,iri_Latn,exact,iri,exact_iso3,,no_match
irk,,,,I,L,Iraqw,False,True,irk_Latn,exact,irk,exact_iso3,,no_match
irn,,,,I,L,Irántxe,False,True,,no_match,irn,exact_iso3,,no_match
irr,,,,I,L,Ir,False,True,,no_match,irr,exact_iso3,,no_match
iru,,,,I,L,Irula,False,True,,no_match,iru,exact_iso3,,no_match
irx,,,,I,L,Kamberau,False,True,,no_match,irx,exact_iso3,,no_match
iry,,,,I,L,Iraya,False,True,iry_Latn,exact,iry,exact_iso3,,no_match
isa,,,,I,L,Isabi,False,True,,no_match,isa,exact_iso3,,no_match
isc,,,,I,L,Isconahua,False,True,,no_match,isc,exact_iso3,,no_match
isd,,,,I,L,Isnag,False,True,isd_Latn,exact,isd,exact_iso3,,no_match
ise,,,,I,L,Italian Sign Language,False,True,,no_match,ise,exact_iso3,,no_match
isg,,,,I,L,Irish Sign Language,False,True,,no_match,isg,exact_iso3,,no_match
ish,,,,I,L,Esan,False,True,ish_Latn,exact,ish,exact_iso3,,no_match
isi,,,,I,L,Nkem-Nkum,False,True,,no_match,isi,exact_iso3,,no_match
isk,,,,I,L,Ishkashimi,False,True,,no_match,isk,exact_iso3,,no_match
isl,ice,isl,is,I,L,Icelandic,False,True,isl_Latn,exact,isl;is,matched_multiple:iso3+iso1,is,matched_via_bcp47
ism,,,,I,L,Masimasi,False,True,,no_match,ism,exact_iso3,,no_match
isn,,,,I,L,Isanzu,False,True,,no_match,isn,exact_iso3,,no_match
iso,,,,I,L,Isoko,False,True,iso_Latn,exact,iso,exact_iso3,,no_match
isr,,,,I,L,Israeli Sign Language,False,True,,no_match,isr,exact_iso3,,no_match
ist,,,,I,L,Istriot,False,True,,no_match,ist,exact_iso3,,no_match
isu,,,,I,L,Isu,False,True,,no_match,isu,exact_iso3,,no_match
isv,,,,I,C,Interslavic,False,False,,no_match,isv,exact_iso3,,no_match
ita,ita,ita,it,I,L,Italian,False,True,ita_Latn,exact,ita;it,matched_multiple:iso3+iso1,it,matched_via_bcp47
itb,,,,I,L,Binongan Itneg,False,True,,no_match,itb,exact_iso3,,no_match
itd,,,,I,L,Southern Tidung,False,True,,no_match,itd,exact_iso3,,no_match
ite,,,,I,E,Itene,False,False,,no_match,ite,exact_iso3,,no_match
iti,,,,I,L,Inlaod Itneg,False,True,,no_match,iti,exact_iso3,,no_match
itk,,,,I,L,Judeo-Italian,False,True,,no_match,itk,exact_iso3,,no_match
itl,,,,I,L,Itelmen,False,True,,no_match,itl,exact_iso3,,no_match
itm,,,,I,L,Itu Mbon Uzo,False,True,,no_match,itm,exact_iso3,,no_match
ito,,,,I,L,Itonama,False,True,,no_match,ito,exact_iso3,,no_match
itr,,,,I,L,Iteri,False,True,,no_match,itr,exact_iso3,,no_match
its,,,,I,L,Isekiri,False,True,,no_match,its,exact_iso3,,no_match
itt,,,,I,L,Maeng Itneg,False,True,,no_match,itt,exact_iso3,,no_match
itv,,,,I,L,Itawit,False,True,itv_Latn,exact,itv,exact_iso3,,no_match
itw,,,,I,L,Ito,False,True,,no_match,itw,exact_iso3,,no_match
itx,,,,I,L,Itik,False,True,,no_match,itx,exact_iso3,,no_match
ity,,,,I,L,Moyadan Itneg,False,True,,no_match,ity,exact_iso3,,no_match
itz,,,,I,L,Itzá,False,True,,no_match,itz,exact_iso3,,no_match
ium,,,,I,L,Iu Mien,False,True,ium_Latn,exact,ium,exact_iso3,,no_match
ivb,,,,I,L,Ibatan,False,True,ivb_Latn,exact,ivb,exact_iso3,,no_match
ivv,,,,I,L,Ivatan,False,True,ivv_Latn,exact,ivv,exact_iso3,,no_match
iwk,,,,I,L,I-Wak,False,True,,no_match,iwk,exact_iso3,,no_match
iwm,,,,I,L,Iwam,False,True,,no_match,iwm,exact_iso3,,no_match
iwo,,,,I,L,Iwur,False,True,,no_match,iwo,exact_iso3,,no_match
iws,,,,I,L,Sepik Iwam,False,True,iws_Latn,exact,iws,exact_iso3,,no_match
ixc,,,,I,L,Ixcatec,False,True,,no_match,ixc,exact_iso3,,no_match
ixl,,,,I,L,Ixil,False,True,ixl_Latn,exact,ixl,exact_iso3,,no_match
iya,,,,I,L,Iyayu,False,True,,no_match,iya,exact_iso3,,no_match
iyo,,,,I,L,Mesaka,False,True,,no_match,iyo,exact_iso3,,no_match
iyx,,,,I,L,Yaka (Congo),False,True,,no_match,iyx,exact_iso3,,no_match
izh,,,,I,L,Ingrian,False,True,,no_match,izh,exact_iso3,izh,exact_iso3
izm,,,,I,L,Kizamani,False,True,,no_match,,no_match,,no_match
izr,,,,I,L,Izere,False,True,izr_Latn,exact,izr,exact_iso3,,no_match
izz,,,,I,L,Izii,False,True,izz_Latn,exact,izz,exact_iso3,,no_match
jaa,,,,I,L,Jamamadí,False,True,jaa_Latn,exact,jaa,exact_iso3,,no_match
jab,,,,I,L,Hyam,False,True,,no_match,jab,exact_iso3,,no_match
jac,,,,I,L,Popti',False,True,jac_Latn,exact,jac,exact_iso3,,no_match
jad,,,,I,L,Jahanka,False,True,,no_match,jad,exact_iso3,,no_match
jae,,,,I,L,Yabem,False,True,jae_Latn,exact,jae,exact_iso3,,no_match
jaf,,,,I,L,Jara,False,True,,no_match,jaf,exact_iso3,,no_match
jah,,,,I,L,Jah Hut,False,True,,no_match,jah,exact_iso3,,no_match
jaj,,,,I,L,Zazao,False,True,,no_match,jaj,exact_iso3,,no_match
jak,,,,I,L,Jakun,False,True,,no_match,jak,exact_iso3,,no_match
jal,,,,I,L,Yalahatan,False,True,,no_match,jal,exact_iso3,,no_match
jam,,,,I,L,Jamaican Creole English,False,True,jam_Latn,exact,jam,exact_iso3,jam,exact_iso3
jan,,,,I,E,Jandai,False,False,,no_match,jan,exact_iso3,,no_match
jao,,,,I,L,Yanyuwa,False,True,,no_match,jao,exact_iso3,,no_match
jaq,,,,I,L,Yaqay,False,True,,no_match,jaq,exact_iso3,,no_match
jas,,,,I,L,New Caledonian Javanese,False,True,,no_match,jas,exact_iso3,,no_match
jat,,,,I,L,Jakati,False,True,,no_match,jat,exact_iso3,,no_match
jau,,,,I,L,Yaur,False,True,,no_match,jau,exact_iso3,,no_match
jav,jav,jav,jv,I,L,Javanese,False,True,jav_Latn,exact,jav;jv,matched_multiple:iso3+iso1,jv,matched_via_bcp47
jax,,,,I,L,Jambi Malay,False,True,,no_match,jax,exact_iso3,,no_match
jay,,,,I,L,Yan-nhangu,False,True,,no_match,jay,exact_iso3,,no_match
jaz,,,,I,L,Jawe,False,True,,no_match,jaz,exact_iso3,,no_match
jbe,,,,I,L,Judeo-Berber,False,True,,no_match,jbe,exact_iso3,,no_match
jbi,,,,I,E,Badjiri,False,False,,no_match,jbi,exact_iso3,,no_match
jbj,,,,I,L,Arandai,False,True,,no_match,jbj,exact_iso3,,no_match
jbk,,,,I,L,Barikewa,False,True,,no_match,jbk,exact_iso3,,no_match
jbm,,,,I,L,Bijim,False,True,,no_match,jbm,exact_iso3,,no_match
jbn,,,,I,L,Nafusi,False,True,,no_match,jbn,exact_iso3,,no_match
jbo,jbo,jbo,,I,C,Lojban,False,False,jbo_Latn,exact,jbo,exact_iso3,jbo,exact_iso3
jbr,,,,I,L,Jofotek-Bromnya,False,True,,no_match,jbr,exact_iso3,,no_match
jbt,,,,I,L,Jabutí,False,True,,no_match,jbt,exact_iso3,,no_match
jbu,,,,I,L,Jukun Takum,False,True,jbu_Latn,exact,jbu,exact_iso3,,no_match
jbw,,,,I,E,Yawijibaya,False,False,,no_match,jbw,exact_iso3,,no_match
jcs,,,,I,L,Jamaican Country Sign Language,False,True,,no_match,jcs,exact_iso3,,no_match
jct,,,,I,L,Krymchak,False,True,,no_match,jct,exact_iso3,,no_match
jda,,,,I,L,Jad,False,True,,no_match,jda,exact_iso3,,no_match
jdg,,,,I,L,Jadgali,False,True,,no_match,jdg,exact_iso3,,no_match
jdt,,,,I,L,Judeo-Tat,False,True,,no_match,jdt,exact_iso3,,no_match
jeb,,,,I,L,Jebero,False,True,,no_match,jeb,exact_iso3,,no_match
jee,,,,I,L,Jerung,False,True,,no_match,jee,exact_iso3,,no_match
jeh,,,,I,L,Jeh,False,True,,no_match,jeh,exact_iso3,,no_match
jei,,,,I,L,Yei,False,True,,no_match,jei,exact_iso3,,no_match
jek,,,,I,L,Jeri Kuo,False,True,,no_match,jek,exact_iso3,,no_match
jel,,,,I,L,Yelmek,False,True,,no_match,jel,exact_iso3,,no_match
jen,,,,I,L,Dza,False,True,,no_match,jen,exact_iso3,,no_match
jer,,,,I,L,Jere,False,True,,no_match,jer,exact_iso3,,no_match
jet,,,,I,L,Manem,False,True,,no_match,jet,exact_iso3,,no_match
jeu,,,,I,L,Jonkor Bourmataguil,False,True,,no_match,jeu,exact_iso3,,no_match
jgb,,,,I,E,Ngbee,False,False,,no_match,jgb,exact_iso3,,no_match
jge,,,,I,L,Judeo-Georgian,False,True,,no_match,jge,exact_iso3,,no_match
jgk,,,,I,L,Gwak,False,True,,no_match,jgk,exact_iso3,,no_match
jgo,,,,I,L,Ngomba,False,True,,no_match,jgo,exact_iso3,jgo,exact_iso3
jhi,,,,I,L,Jehai,False,True,,no_match,jhi,exact_iso3,,no_match
jhs,,,,I,L,Jhankot Sign Language,False,True,,no_match,jhs,exact_iso3,,no_match
jia,,,,I,L,Jina,False,True,,no_match,jia,exact_iso3,,no_match
jib,,,,I,L,Jibu,False,True,,no_match,jib,exact_iso3,,no_match
jic,,,,I,L,Tol,False,True,jic_Latn,exact,jic,exact_iso3,,no_match
jid,,,,I,L,Bu (Kaduna State),False,True,,no_match,jid,exact_iso3,,no_match
jie,,,,I,L,Jilbe,False,True,,no_match,jie,exact_iso3,,no_match
jig,,,,I,L,Jingulu,False,True,,no_match,jig,exact_iso3,,no_match
jih,,,,I,L,sTodsde,False,True,,no_match,jih,exact_iso3,,no_match
jii,,,,I,L,Jiiddu,False,True,,no_match,jii,exact_iso3,,no_match
jil,,,,I,L,Jilim,False,True,,no_match,jil,exact_iso3,,no_match
jim,,,,I,L,Jimi (Cameroon),False,True,,no_match,jim,exact_iso3,,no_match
jio,,,,I,L,Jiamao,False,True,,no_match,jio,exact_iso3,,no_match
jiq,,,,I,L,Guanyinqiao,False,True,,no_match,jiq,exact_iso3,,no_match
jit,,,,I,L,Jita,False,True,,no_match,jit,exact_iso3,,no_match
jiu,,,,I,L,Youle Jinuo,False,True,,no_match,jiu,exact_iso3,,no_match
jiv,,,,I,L,Shuar,False,True,jiv_Latn,exact,jiv,exact_iso3,,no_match
jiy,,,,I,L,Buyuan Jinuo,False,True,,no_match,jiy,exact_iso3,,no_match
jje,,,,I,L,Jejueo,False,True,,no_match,jje,exact_iso3,,no_match
jjr,,,,I,L,Bankal,False,True,,no_match,jjr,exact_iso3,,no_match
jka,,,,I,L,Kaera,False,True,,no_match,jka,exact_iso3,,no_match
jkm,,,,I,L,Mobwa Karen,False,True,,no_match,jkm,exact_iso3,,no_match
jko,,,,I,L,Kubo,False,True,,no_match,jko,exact_iso3,,no_match
jkp,,,,I,L,Paku Karen,False,True,,no_match,jkp,exact_iso3,,no_match
jkr,,,,I,L,Koro (India),False,True,,no_match,jkr,exact_iso3,,no_match
jks,,,,I,L,Amami Koniya Sign Language,False,True,,no_match,jks,exact_iso3,,no_match
jku,,,,I,L,Labir,False,True,,no_match,jku,exact_iso3,,no_match
jle,,,,I,L,Ngile,False,True,,no_match,jle,exact_iso3,,no_match
jls,,,,I,L,Jamaican Sign Language,False,True,,no_match,jls,exact_iso3,,no_match
jma,,,,I,L,Dima,False,True,,no_match,jma,exact_iso3,,no_match
jmb,,,,I,L,Zumbun,False,True,,no_match,jmb,exact_iso3,,no_match
jmc,,,,I,L,Machame,False,True,jmc_Latn,exact,jmc,exact_iso3,,no_match
jmd,,,,I,L,Yamdena,False,True,,no_match,jmd,exact_iso3,,no_match
jmi,,,,I,L,Jimi (Nigeria),False,True,,no_match,jmi,exact_iso3,,no_match
jml,,,,I,L,Jumli,False,True,,no_match,jml,exact_iso3,,no_match
jmn,,,,I,L,Makuri Naga,False,True,,no_match,jmn,exact_iso3,,no_match
jmr,,,,I,L,Kamara,False,True,,no_match,jmr,exact_iso3,,no_match
jms,,,,I,L,Mashi (Nigeria),False,True,,no_match,jms,exact_iso3,,no_match
jmw,,,,I,L,Mouwase,False,True,,no_match,jmw,exact_iso3,,no_match
jmx,,,,I,L,Western Juxtlahuaca Mixtec,False,True,,no_match,jmx,exact_iso3,,no_match
jna,,,,I,L,Jangshung,False,True,,no_match,jna,exact_iso3,,no_match
jnd,,,,I,L,Jandavra,False,True,,no_match,jnd,exact_iso3,,no_match
jng,,,,I,E,Yangman,False,False,,no_match,jng,exact_iso3,,no_match
jni,,,,I,L,Janji,False,True,,no_match,jni,exact_iso3,,no_match
jnj,,,,I,L,Yemsa,False,True,,no_match,jnj,exact_iso3,,no_match
jnl,,,,I,L,Rawat,False,True,,no_match,jnl,exact_iso3,,no_match
jns,,,,I,L,Jaunsari,False,True,,no_match,jns,exact_iso3,,no_match
job,,,,I,L,Joba,False,True,,no_match,job,exact_iso3,,no_match
jod,,,,I,L,Wojenaka,False,True,,no_match,jod,exact_iso3,,no_match
jog,,,,I,L,Jogi,False,True,,no_match,jog,exact_iso3,,no_match
jor,,,,I,E,Jorá,False,False,,no_match,jor,exact_iso3,,no_match
jos,,,,I,L,Jordanian Sign Language,False,True,,no_match,jos,exact_iso3,,no_match
jow,,,,I,L,Jowulu,False,True,,no_match,jow,exact_iso3,,no_match
jpa,,,,I,H,Jewish Palestinian Aramaic,False,False,,no_match,jpa,exact_iso3,,no_match
jpn,jpn,jpn,ja,I,L,Japanese,False,True,jpn_Jpan,exact,jpn;ja,matched_multiple:iso3+iso1,ja,matched_via_bcp47
jpr,jpr,jpr,,I,L,Judeo-Persian,False,True,,no_match,jpr,exact_iso3,,no_match
jqr,,,,I,L,Jaqaru,False,True,,no_match,jqr,exact_iso3,jqr,exact_iso3
jra,,,,I,L,Jarai,False,True,jra_Latn,exact,jra,exact_iso3,,no_match
jrb,jrb,jrb,,M,L,Judeo-Arabic,True,True,,no_match,jrb,exact_iso3,,no_match
jrr,,,,I,L,Jiru,False,True,,no_match,jrr,exact_iso3,,no_match
jrt,,,,I,L,Jakattoe,False,True,,no_match,jrt,exact_iso3,,no_match
jru,,,,I,L,Japrería,False,True,,no_match,jru,exact_iso3,,no_match
jsl,,,,I,L,Japanese Sign Language,False,True,,no_match,jsl,exact_iso3,,no_match
jua,,,,I,L,Júma,False,True,,no_match,jua,exact_iso3,,no_match
jub,,,,I,L,Wannu,False,True,,no_match,jub,exact_iso3,,no_match
juc,,,,I,H,Jurchen,False,False,,no_match,juc,exact_iso3,,no_match
jud,,,,I,L,Worodougou,False,True,,no_match,jud,exact_iso3,,no_match
juh,,,,I,L,Hõne,False,True,,no_match,juh,exact_iso3,,no_match
jui,,,,I,E,Ngadjuri,False,False,,no_match,jui,exact_iso3,,no_match
juk,,,,I,L,Wapan,False,True,,no_match,juk,exact_iso3,,no_match
jul,,,,I,L,Jirel,False,True,,no_match,jul,exact_iso3,,no_match
jum,,,,I,L,Jumjum,False,True,,no_match,jum,exact_iso3,,no_match
jun,,,,I,L,Juang,False,True,jun_Orya,exact,jun,exact_iso3,,no_match
juo,,,,I,L,Jiba,False,True,,no_match,juo,exact_iso3,,no_match
jup,,,,I,L,Hupdë,False,True,,no_match,jup,exact_iso3,,no_match
jur,,,,I,L,Jurúna,False,True,,no_match,jur,exact_iso3,,no_match
jus,,,,I,L,Jumla Sign Language,False,True,,no_match,jus,exact_iso3,,no_match
jut,,,,I,H,Jutish,False,False,,no_match,jut,exact_iso3,,no_match
juu,,,,I,L,Ju,False,True,,no_match,juu,exact_iso3,,no_match
juw,,,,I,L,Wãpha,False,True,,no_match,juw,exact_iso3,,no_match
juy,,,,I,L,Juray,False,True,,no_match,juy,exact_iso3,,no_match
jvd,,,,I,L,Javindo,False,True,,no_match,jvd,exact_iso3,,no_match
jvn,,,,I,L,Caribbean Javanese,False,True,jvn_Latn,exact,jvn,exact_iso3,,no_match
jwi,,,,I,L,Jwira-Pepesa,False,True,,no_match,jwi,exact_iso3,,no_match
jya,,,,I,L,Jiarong,False,True,,no_match,jya,exact_iso3,,no_match
jye,,,,I,L,Judeo-Yemeni Arabic,False,True,,no_match,jye,exact_iso3,,no_match
jyy,,,,I,L,Jaya,False,True,,no_match,jyy,exact_iso3,,no_match
kaa,kaa,kaa,,I,L,Kara-Kalpak,False,True,kaa_Cyrl;kaa_Latn,multi_script,kaa,exact_iso3,kaa,exact_iso3
kab,kab,kab,,I,L,Kabyle,False,True,kab_Latn,exact,kab,exact_iso3,kab,exact_iso3
kac,kac,kac,,I,L,Kachin,False,True,kac_Latn,exact,kac,exact_iso3,,no_match
kad,,,,I,L,Adara,False,True,,no_match,kad,exact_iso3,,no_match
kae,,,,I,E,Ketangalan,False,False,,no_match,kae,exact_iso3,,no_match
kaf,,,,I,L,Katso,False,True,,no_match,kaf,exact_iso3,,no_match
kag,,,,I,L,Kajaman,False,True,,no_match,kag,exact_iso3,,no_match
kah,,,,I,L,Kara (Central African Republic),False,True,,no_match,kah,exact_iso3,,no_match
kai,,,,I,L,Karekare,False,True,,no_match,kai,exact_iso3,,no_match
kaj,,,,I,L,Jju,False,True,,no_match,kaj,exact_iso3,,no_match
kak,,,,I,L,Kalanguya,False,True,kak_Latn,exact,kak,exact_iso3,,no_match
kal,kal,kal,kl,I,L,Kalaallisut,False,True,kal_Latn,exact,kal;kl,matched_multiple:iso3+iso1,kl,matched_via_bcp47
kam,kam,kam,,I,L,Kamba (Kenya),False,True,kam_Latn,exact,kam,exact_iso3,kam,exact_iso3
kan,kan,kan,kn,I,L,Kannada,False,True,kan_Knda;kan_Latn,multi_script,kan;kn,matched_multiple:iso3+iso1,kn,matched_via_bcp47
kao,,,,I,L,Xaasongaxango,False,True,kao_Latn,exact,kao,exact_iso3,,no_match
kap,,,,I,L,Bezhta,False,True,,no_match,kap,exact_iso3,,no_match
kaq,,,,I,L,Capanahua,False,True,kaq_Latn,exact,kaq,exact_iso3,,no_match
kas,kas,kas,ks,I,L,Kashmiri,False,True,kas_Arab;kas_Deva;kas_Latn,multi_script,kas;ks,matched_multiple:iso3+iso1,ks,matched_via_bcp47
kat,geo,kat,ka,I,L,Georgian,False,True,kat_Geor,exact,kat;ka,matched_multiple:iso3+iso1,ka,matched_via_bcp47
kau,kau,kau,kr,M,L,Kanuri,True,True,,no_match,kau;kr,matched_multiple:iso3+iso1,,no_match
kav,,,,I,L,Katukína,False,True,,no_match,kav,exact_iso3,,no_match
kaw,kaw,kaw,,I,H,Kawi,False,False,,no_match,kaw,exact_iso3,,no_match
kax,,,,I,L,Kao,False,True,,no_match,kax,exact_iso3,,no_match
kay,,,,I,L,Kamayurá,False,True,,no_match,kay,exact_iso3,,no_match
kaz,kaz,kaz,kk,I,L,Kazakh,False,True,kaz_Cyrl,exact,kaz;kk,matched_multiple:iso3+iso1,kk,matched_via_bcp47
kba,,,,I,E,Kalarko,False,False,,no_match,kba,exact_iso3,,no_match
kbb,,,,I,E,Kaxuiâna,False,False,,no_match,kbb,exact_iso3,,no_match
kbc,,,,I,L,Kadiwéu,False,True,kbc_Latn,exact,kbc,exact_iso3,,no_match
kbd,kbd,kbd,,I,L,Kabardian,False,True,kbd_Cyrl,exact,kbd,exact_iso3,kbd,exact_iso3
kbe,,,,I,L,Kanju,False,True,,no_match,kbe,exact_iso3,,no_match
kbg,,,,I,L,Khamba,False,True,,no_match,kbg,exact_iso3,,no_match
kbh,,,,I,L,Camsá,False,True,kbh_Latn,exact,kbh,exact_iso3,,no_match
kbi,,,,I,L,Kaptiau,False,True,,no_match,kbi,exact_iso3,,no_match
kbj,,,,I,L,Kari,False,True,,no_match,kbj,exact_iso3,,no_match
kbk,,,,I,L,Grass Koiari,False,True,,no_match,kbk,exact_iso3,,no_match
kbl,,,,I,L,Kanembu,False,True,,no_match,kbl,exact_iso3,,no_match
kbm,,,,I,L,Iwal,False,True,kbm_Latn,exact,kbm,exact_iso3,,no_match
kbn,,,,I,L,Kare (Central African Republic),False,True,,no_match,kbn,exact_iso3,,no_match
kbo,,,,I,L,Keliko,False,True,kbo_Latn,exact,kbo,exact_iso3,,no_match
kbp,,,,I,L,Kabiyè,False,True,kbp_Latn,exact,kbp,exact_iso3,,no_match
kbq,,,,I,L,Kamano,False,True,kbq_Latn,exact,kbq,exact_iso3,,no_match
kbr,,,,I,L,Kafa,False,True,kbr_Latn,exact,kbr,exact_iso3,,no_match
kbs,,,,I,L,Kande,False,True,,no_match,kbs,exact_iso3,,no_match
kbt,,,,I,L,Abadi,False,True,,no_match,kbt,exact_iso3,,no_match
kbu,,,,I,L,Kabutra,False,True,,no_match,kbu,exact_iso3,,no_match
kbv,,,,I,L,Dera (Indonesia),False,True,,no_match,kbv,exact_iso3,,no_match
kbw,,,,I,L,Kaiep,False,True,,no_match,kbw,exact_iso3,,no_match
kbx,,,,I,L,Ap Ma,False,True,,no_match,kbx,exact_iso3,,no_match
kby,,,,I,L,Manga Kanuri,False,True,kby_Latn,exact,kby,exact_iso3,,no_match
kbz,,,,I,L,Duhwa,False,True,,no_match,kbz,exact_iso3,,no_match
kca,,,,I,L,Khanty,False,True,kca_Cyrl,exact,kca,exact_iso3,,no_match
kcb,,,,I,L,Kawacha,False,True,,no_match,kcb,exact_iso3,,no_match
kcc,,,,I,L,Lubila,False,True,,no_match,kcc,exact_iso3,,no_match
kcd,,,,I,L,Ngkâlmpw Kanum,False,True,,no_match,kcd,exact_iso3,,no_match
kce,,,,I,L,Kaivi,False,True,,no_match,kce,exact_iso3,,no_match
kcf,,,,I,L,Ukaan,False,True,,no_match,kcf,exact_iso3,,no_match
kcg,,,,I,L,Tyap,False,True,kcg_Latn,exact,kcg,exact_iso3,,no_match
kch,,,,I,L,Vono,False,True,,no_match,kch,exact_iso3,,no_match
kci,,,,I,L,Ngyian,False,True,,no_match,kci,exact_iso3,,no_match
kcj,,,,I,L,Kobiana,False,True,,no_match,kcj,exact_iso3,,no_match
kck,,,,I,L,Kalanga,False,True,kck_Latn,exact,kck,exact_iso3,,no_match
kcl,,,,I,L,Kela (Papua New Guinea),False,True,,no_match,kcl,exact_iso3,,no_match
kcm,,,,I,L,Gula (Central African Republic),False,True,,no_match,kcm,exact_iso3,,no_match
kcn,,,,I,L,Nubi,False,True,,no_match,kcn,exact_iso3,kcn,exact_iso3
kco,,,,I,L,Kinalakna,False,True,,no_match,kco,exact_iso3,,no_match
kcp,,,,I,L,Kanga,False,True,,no_match,kcp,exact_iso3,,no_match
kcq,,,,I,L,Kamo,False,True,,no_match,kcq,exact_iso3,,no_match
kcr,,,,I,L,Katla,False,True,,no_match,kcr,exact_iso3,,no_match
kcs,,,,I,L,Koenoem,False,True,,no_match,kcs,exact_iso3,,no_match
kct,,,,I,L,Kaian,False,True,,no_match,kct,exact_iso3,,no_match
kcu,,,,I,L,Kami (Tanzania),False,True,,no_match,kcu,exact_iso3,,no_match
kcv,,,,I,L,Kete,False,True,,no_match,kcv,exact_iso3,,no_match
kcw,,,,I,L,Kabwari,False,True,,no_match,kcw,exact_iso3,,no_match
kcx,,,,I,L,Kachama-Ganjule,False,True,,no_match,kcx,exact_iso3,,no_match
kcy,,,,I,L,Korandje,False,True,,no_match,kcy,exact_iso3,,no_match
kcz,,,,I,L,Konongo,False,True,,no_match,kcz,exact_iso3,,no_match
kda,,,,I,E,Worimi,False,False,,no_match,kda,exact_iso3,,no_match
kdc,,,,I,L,Kutu,False,True,kdc_Latn,exact,kdc,exact_iso3,,no_match
kdd,,,,I,L,Yankunytjatjara,False,True,,no_match,kdd,exact_iso3,,no_match
kde,,,,I,L,Makonde,False,True,kde_Latn,exact,kde,exact_iso3,,no_match
kdf,,,,I,L,Mamusi,False,True,,no_match,kdf,exact_iso3,,no_match
kdg,,,,I,L,Seba,False,True,,no_match,kdg,exact_iso3,,no_match
kdh,,,,I,L,Tem,False,True,kdh_Latn,exact,kdh,exact_iso3,kdh,exact_iso3
kdi,,,,I,L,Kumam,False,True,kdi_Latn,exact,kdi,exact_iso3,,no_match
kdj,,,,I,L,Karamojong,False,True,kdj_Latn,exact,kdj,exact_iso3,,no_match
kdk,,,,I,L,Numèè,False,True,,no_match,kdk,exact_iso3,,no_match
kdl,,,,I,L,Tsikimba,False,True,kdl_Latn,exact,kdl,exact_iso3,,no_match
kdm,,,,I,L,Kagoma,False,True,,no_match,kdm,exact_iso3,,no_match
kdn,,,,I,L,Kunda,False,True,,no_match,kdn,exact_iso3,,no_match
kdp,,,,I,L,Kaningdon-Nindem,False,True,,no_match,kdp,exact_iso3,,no_match
kdq,,,,I,L,Koch,False,True,,no_match,kdq,exact_iso3,,no_match
kdr,,,,I,L,Karaim,False,True,kdr_Latn,exact,kdr,exact_iso3,,no_match
kdt,,,,I,L,Kuy,False,True,,no_match,kdt,exact_iso3,,no_match
kdu,,,,I,L,Kadaru,False,True,,no_match,kdu,exact_iso3,,no_match
kdw,,,,I,L,Koneraw,False,True,,no_match,kdw,exact_iso3,,no_match
kdx,,,,I,L,Kam,False,True,,no_match,kdx,exact_iso3,,no_match
kdy,,,,I,L,Keder,False,True,,no_match,kdy,exact_iso3,,no_match
kdz,,,,I,L,Kwaja,False,True,,no_match,kdz,exact_iso3,,no_match
kea,,,,I,L,Kabuverdianu,False,True,kea_Latn,exact,kea,exact_iso3,,no_match
keb,,,,I,L,Kélé,False,True,,no_match,keb,exact_iso3,,no_match
kec,,,,I,L,Keiga,False,True,,no_match,kec,exact_iso3,,no_match
ked,,,,I,L,Kerewe,False,True,,no_match,ked,exact_iso3,,no_match
kee,,,,I,L,Eastern Keres,False,True,,no_match,kee,exact_iso3,,no_match
kef,,,,I,L,Kpessi,False,True,,no_match,kef,exact_iso3,,no_match
keg,,,,I,L,Tese,False,True,,no_match,keg,exact_iso3,,no_match
keh,,,,I,L,Keak,False,True,,no_match,keh,exact_iso3,,no_match
kei,,,,I,L,Kei,False,True,kei_Latn,exact,kei,exact_iso3,,no_match
kej,,,,I,L,Kadar,False,True,,no_match,kej,exact_iso3,,no_match
kek,,,,I,L,Kekchí,False,True,kek_Latn,exact,kek,exact_iso3,,no_match
kel,,,,I,L,Kela (Democratic Republic of Congo),False,True,,no_match,kel,exact_iso3,,no_match
kem,,,,I,L,Kemak,False,True,,no_match,kem,exact_iso3,,no_match
ken,,,,I,L,Kenyang,False,True,ken_Latn,exact,ken,exact_iso3,,no_match
keo,,,,I,L,Kakwa,False,True,keo_Latn,exact,keo,exact_iso3,,no_match
kep,,,,I,L,Kaikadi,False,True,,no_match,kep,exact_iso3,,no_match
keq,,,,I,L,Kamar,False,True,,no_match,keq,exact_iso3,,no_match
ker,,,,I,L,Kera,False,True,ker_Latn,exact,ker,exact_iso3,,no_match
kes,,,,I,L,Kugbo,False,True,,no_match,kes,exact_iso3,,no_match
ket,,,,I,L,Ket,False,True,,no_match,ket,exact_iso3,,no_match
keu,,,,I,L,Akebu,False,True,,no_match,keu,exact_iso3,,no_match
kev,,,,I,L,Kanikkaran,False,True,,no_match,kev,exact_iso3,,no_match
kew,,,,I,L,West Kewa,False,True,kew_Latn,exact,kew,exact_iso3,,no_match
kex,,,,I,L,Kukna,False,True,,no_match,kex,exact_iso3,,no_match
key,,,,I,L,Kupia,False,True,,no_match,key,exact_iso3,,no_match
kez,,,,I,L,Kukele,False,True,kez_Latn,exact,kez,exact_iso3,,no_match
kfa,,,,I,L,Kodava,False,True,,no_match,kfa,exact_iso3,,no_match
kfb,,,,I,L,Northwestern Kolami,False,True,,no_match,kfb,exact_iso3,,no_match
kfc,,,,I,L,Konda-Dora,False,True,,no_match,kfc,exact_iso3,,no_match
kfd,,,,I,L,Korra Koraga,False,True,,no_match,kfd,exact_iso3,,no_match
kfe,,,,I,L,Kota (India),False,True,,no_match,kfe,exact_iso3,,no_match
kff,,,,I,L,Koya,False,True,kff_Telu,exact,kff,exact_iso3,,no_match
kfg,,,,I,L,Kudiya,False,True,,no_match,kfg,exact_iso3,,no_match
kfh,,,,I,L,Kurichiya,False,True,,no_match,kfh,exact_iso3,,no_match
kfi,,,,I,L,Kannada Kurumba,False,True,,no_match,kfi,exact_iso3,,no_match
kfj,,,,I,L,Kemiehua,False,True,,no_match,kfj,exact_iso3,,no_match
kfk,,,,I,L,Kinnauri,False,True,,no_match,kfk,exact_iso3,,no_match
kfl,,,,I,L,Kung,False,True,,no_match,kfl,exact_iso3,,no_match
kfm,,,,I,L,Khunsari,False,True,,no_match,kfm,exact_iso3,,no_match
kfn,,,,I,L,Kuk,False,True,,no_match,kfn,exact_iso3,,no_match
kfo,,,,I,L,Koro (Côte d'Ivoire),False,True,,no_match,kfo,exact_iso3,,no_match
kfp,,,,I,L,Korwa,False,True,,no_match,kfp,exact_iso3,,no_match
kfq,,,,I,L,Korku,False,True,,no_match,kfq,exact_iso3,,no_match
kfr,,,,I,L,Kachhi,False,True,,no_match,kfr,exact_iso3,,no_match
kfs,,,,I,L,Bilaspuri,False,True,,no_match,kfs,exact_iso3,,no_match
kft,,,,I,L,Kanjari,False,True,,no_match,kft,exact_iso3,,no_match
kfu,,,,I,L,Katkari,False,True,,no_match,kfu,exact_iso3,,no_match
kfv,,,,I,L,Kurmukar,False,True,,no_match,kfv,exact_iso3,,no_match
kfw,,,,I,L,Kharam Naga,False,True,,no_match,kfw,exact_iso3,,no_match
kfx,,,,I,L,Kullu Pahari,False,True,,no_match,kfx,exact_iso3,,no_match
kfy,,,,I,L,Kumaoni,False,True,,no_match,kfy,exact_iso3,,no_match
kfz,,,,I,L,Koromfé,False,True,,no_match,kfz,exact_iso3,,no_match
kga,,,,I,L,Koyaga,False,True,,no_match,kga,exact_iso3,,no_match
kgb,,,,I,L,Kawe,False,True,,no_match,kgb,exact_iso3,,no_match
kge,,,,I,L,Komering,False,True,,no_match,kge,exact_iso3,,no_match
kgf,,,,I,L,Kube,False,True,kgf_Latn,exact,kgf,exact_iso3,,no_match
kgg,,,,I,L,Kusunda,False,True,,no_match,kgg,exact_iso3,,no_match
kgi,,,,I,L,Selangor Sign Language,False,True,,no_match,kgi,exact_iso3,,no_match
kgj,,,,I,L,Gamale Kham,False,True,,no_match,kgj,exact_iso3,,no_match
kgk,,,,I,L,Kaiwá,False,True,kgk_Latn,exact,kgk,exact_iso3,,no_match
kgl,,,,I,E,Kunggari,False,False,,no_match,kgl,exact_iso3,,no_match
kgn,,,,I,L,Karingani,False,True,,no_match,kgn,exact_iso3,,no_match
kgo,,,,I,L,Krongo,False,True,,no_match,kgo,exact_iso3,,no_match
kgp,,,,I,L,Kaingang,False,True,kgp_Latn,exact,kgp,exact_iso3,,no_match
kgq,,,,I,L,Kamoro,False,True,,no_match,kgq,exact_iso3,,no_match
kgr,,,,I,L,Abun,False,True,kgr_Latn,exact,kgr,exact_iso3,,no_match
kgs,,,,I,L,Kumbainggar,False,True,,no_match,kgs,exact_iso3,,no_match
kgt,,,,I,L,Somyev,False,True,,no_match,kgt,exact_iso3,,no_match
kgu,,,,I,L,Kobol,False,True,,no_match,kgu,exact_iso3,,no_match
kgv,,,,I,L,Karas,False,True,,no_match,kgv,exact_iso3,,no_match
kgw,,,,I,L,Karon Dori,False,True,,no_match,kgw,exact_iso3,,no_match
kgx,,,,I,L,Kamaru,False,True,,no_match,kgx,exact_iso3,,no_match
kgy,,,,I,L,Kyerung,False,True,,no_match,kgy,exact_iso3,,no_match
kha,kha,kha,,I,L,Khasi,False,True,kha_Latn,exact,kha,exact_iso3,,no_match
khb,,,,I,L,Lü,False,True,,no_match,khb,exact_iso3,,no_match
khc,,,,I,L,Tukang Besi North,False,True,,no_match,khc,exact_iso3,,no_match
khd,,,,I,L,Bädi Kanum,False,True,,no_match,khd,exact_iso3,,no_match
khe,,,,I,L,Korowai,False,True,,no_match,khe,exact_iso3,,no_match
khf,,,,I,L,Khuen,False,True,,no_match,khf,exact_iso3,,no_match
khg,,,,I,L,Khams Tibetan,False,True,,no_match,khg,exact_iso3,,no_match
khh,,,,I,L,Kehu,False,True,,no_match,khh,exact_iso3,,no_match
khj,,,,I,L,Kuturmi,False,True,,no_match,khj,exact_iso3,,no_match
khk,,,,I,L,Halh Mongolian,False,True,khk_Cyrl,exact,khk,exact_iso3,,no_match
khl,,,,I,L,Lusi,False,True,,no_match,khl,exact_iso3,,no_match
khm,khm,khm,km,I,L,Khmer,False,True,khm_Khmr,exact,khm;km,matched_multiple:iso3+iso1,km,matched_via_bcp47
khn,,,,I,L,Khandesi,False,True,,no_match,khn,exact_iso3,,no_match
kho,kho,kho,,I,H,Khotanese,False,False,,no_match,kho,exact_iso3,,no_match
khp,,,,I,L,Kapori,False,True,,no_match,khp,exact_iso3,,no_match
khq,,,,I,L,Koyra Chiini Songhay,False,True,,no_match,khq,exact_iso3,,no_match
khr,,,,I,L,Kharia,False,True,,no_match,khr,exact_iso3,,no_match
khs,,,,I,L,Kasua,False,True,khs_Latn,exact,khs,exact_iso3,,no_match
kht,,,,I,L,Khamti,False,True,,no_match,kht,exact_iso3,,no_match
khu,,,,I,L,Nkhumbi,False,True,,no_match,khu,exact_iso3,,no_match
khv,,,,I,L,Khvarshi,False,True,,no_match,khv,exact_iso3,,no_match
khw,,,,I,L,Khowar,False,True,,no_match,khw,exact_iso3,khw,exact_iso3
khx,,,,I,L,Kanu,False,True,,no_match,khx,exact_iso3,,no_match
khy,,,,I,L,Kele (Democratic Republic of Congo),False,True,,no_match,khy,exact_iso3,,no_match
khz,,,,I,L,Keapara,False,True,khz_Latn,exact,khz,exact_iso3,,no_match
kia,,,,I,L,Kim,False,True,kia_Latn,exact,kia,exact_iso3,,no_match
kib,,,,I,L,Koalib,False,True,,no_match,kib,exact_iso3,,no_match
kic,,,,I,L,Kickapoo,False,True,,no_match,kic,exact_iso3,,no_match
kid,,,,I,L,Koshin,False,True,,no_match,kid,exact_iso3,,no_match
kie,,,,I,L,Kibet,False,True,,no_match,kie,exact_iso3,,no_match
kif,,,,I,L,Eastern Parbate Kham,False,True,,no_match,kif,exact_iso3,,no_match
kig,,,,I,L,Kimaama,False,True,,no_match,kig,exact_iso3,,no_match
kih,,,,I,L,Kilmeri,False,True,,no_match,kih,exact_iso3,,no_match
kii,,,,I,E,Kitsai,False,False,,no_match,kii,exact_iso3,,no_match
kij,,,,I,L,Kilivila,False,True,kij_Latn,exact,kij,exact_iso3,,no_match
kik,kik,kik,ki,I,L,Kikuyu,False,True,kik_Latn,exact,kik;ki,matched_multiple:iso3+iso1,ki,matched_via_bcp47
kil,,,,I,L,Kariya,False,True,,no_match,kil,exact_iso3,,no_match
kim,,,,I,L,Karagas,False,True,,no_match,kim,exact_iso3,,no_match
kin,kin,kin,rw,I,L,Kinyarwanda,False,True,kin_Latn,exact,kin;rw,matched_multiple:iso3+iso1,rw,matched_via_bcp47
kio,,,,I,L,Kiowa,False,True,,no_match,kio,exact_iso3,,no_match
kip,,,,I,L,Sheshi Kham,False,True,,no_match,kip,exact_iso3,,no_match
kiq,,,,I,L,Kosadle,False,True,,no_match,kiq,exact_iso3,,no_match
kir,kir,kir,ky,I,L,Kirghiz,False,True,kir_Cyrl,exact,kir;ky,matched_multiple:iso3+iso1,ky,matched_via_bcp47
kis,,,,I,L,Kis,False,True,,no_match,kis,exact_iso3,,no_match
kit,,,,I,L,Agob,False,True,,no_match,kit,exact_iso3,,no_match
kiu,,,,I,L,Kirmanjki (individual language),False,True,kiu_Latn,exact,kiu,exact_iso3,,no_match
kiv,,,,I,L,Kimbu,False,True,,no_match,kiv,exact_iso3,,no_match
kiw,,,,I,L,Northeast Kiwai,False,True,,no_match,kiw,exact_iso3,,no_match
kix,,,,I,L,Khiamniungan Naga,False,True,kix_Latn,exact,kix,exact_iso3,,no_match
kiy,,,,I,L,Kirikiri,False,True,,no_match,kiy,exact_iso3,,no_match
kiz,,,,I,L,Kisi,False,True,,no_match,kiz,exact_iso3,,no_match
kja,,,,I,L,Mlap,False,True,,no_match,kja,exact_iso3,,no_match
kjb,,,,I,L,Q'anjob'al,False,True,kjb_Latn,exact,kjb,exact_iso3,,no_match
kjc,,,,I,L,Coastal Konjo,False,True,,no_match,kjc,exact_iso3,,no_match
kjd,,,,I,L,Southern Kiwai,False,True,,no_match,kjd,exact_iso3,,no_match
kje,,,,I,L,Kisar,False,True,kje_Latn,exact,kje,exact_iso3,,no_match
kjg,,,,I,L,Khmu,False,True,,no_match,kjg,exact_iso3,,no_match
kjh,,,,I,L,Khakas,False,True,kjh_Cyrl,exact,kjh,exact_iso3,kjh,exact_iso3
kji,,,,I,L,Zabana,False,True,,no_match,kji,exact_iso3,,no_match
kjj,,,,I,L,Khinalugh,False,True,,no_match,kjj,exact_iso3,,no_match
kjk,,,,I,L,Highland Konjo,False,True,,no_match,kjk,exact_iso3,,no_match
kjl,,,,I,L,Western Parbate Kham,False,True,,no_match,kjl,exact_iso3,,no_match
kjm,,,,I,L,Kháng,False,True,,no_match,kjm,exact_iso3,,no_match
kjn,,,,I,L,Kunjen,False,True,,no_match,kjn,exact_iso3,,no_match
kjo,,,,I,L,Kinnauri Pahari,False,True,,no_match,kjo,exact_iso3,,no_match
kjp,,,,I,L,Pwo Eastern Karen,False,True,,no_match,kjp,exact_iso3,,no_match
kjq,,,,I,L,Western Keres,False,True,,no_match,kjq,exact_iso3,,no_match
kjr,,,,I,L,Kurudu,False,True,,no_match,kjr,exact_iso3,,no_match
kjs,,,,I,L,East Kewa,False,True,kjs_Latn,exact,kjs,exact_iso3,,no_match
kjt,,,,I,L,Phrae Pwo Karen,False,True,,no_match,kjt,exact_iso3,,no_match
kju,,,,I,L,Kashaya,False,True,,no_match,kju,exact_iso3,,no_match
kjv,,,,I,H,Kaikavian Literary Language,False,False,,no_match,kjv,exact_iso3,,no_match
kjx,,,,I,L,Ramopa,False,True,,no_match,kjx,exact_iso3,,no_match
kjy,,,,I,L,Erave,False,True,,no_match,kjy,exact_iso3,,no_match
kjz,,,,I,L,Bumthangkha,False,True,,no_match,kjz,exact_iso3,,no_match
kka,,,,I,L,Kakanda,False,True,,no_match,kka,exact_iso3,,no_match
kkb,,,,I,L,Kwerisa,False,True,,no_match,kkb,exact_iso3,,no_match
kkc,,,,I,L,Odoodee,False,True,kkc_Latn,exact,kkc,exact_iso3,,no_match
kkd,,,,I,L,Kinuku,False,True,,no_match,kkd,exact_iso3,,no_match
kke,,,,I,L,Kakabe,False,True,,no_match,kke,exact_iso3,,no_match
kkf,,,,I,L,Kalaktang Monpa,False,True,,no_match,kkf,exact_iso3,,no_match
kkg,,,,I,L,Mabaka Valley Kalinga,False,True,,no_match,kkg,exact_iso3,,no_match
kkh,,,,I,L,Khün,False,True,,no_match,kkh,exact_iso3,,no_match
kki,,,,I,L,Kagulu,False,True,kki_Latn,exact,kki,exact_iso3,,no_match
kkj,,,,I,L,Kako,False,True,kkj_Latn,exact,kkj,exact_iso3,,no_match
kkk,,,,I,L,Kokota,False,True,,no_match,kkk,exact_iso3,,no_match
kkl,,,,I,L,Kosarek Yale,False,True,kkl_Latn,exact,kkl,exact_iso3,,no_match
kkm,,,,I,L,Kiong,False,True,,no_match,kkm,exact_iso3,,no_match
kkn,,,,I,L,Kon Keu,False,True,,no_match,kkn,exact_iso3,,no_match
kko,,,,I,L,Karko,False,True,,no_match,kko,exact_iso3,,no_match
kkp,,,,I,L,Gugubera,False,True,,no_match,kkp,exact_iso3,,no_match
kkq,,,,I,L,Kaeku,False,True,,no_match,kkq,exact_iso3,,no_match
kkr,,,,I,L,Kir-Balar,False,True,,no_match,kkr,exact_iso3,,no_match
kks,,,,I,L,Giiwo,False,True,,no_match,kks,exact_iso3,,no_match
kkt,,,,I,L,Koi,False,True,,no_match,kkt,exact_iso3,,no_match
kku,,,,I,L,Tumi,False,True,,no_match,kku,exact_iso3,,no_match
kkv,,,,I,L,Kangean,False,True,,no_match,kkv,exact_iso3,,no_match
kkw,,,,I,L,Teke-Kukuya,False,True,,no_match,kkw,exact_iso3,,no_match
kkx,,,,I,L,Kohin,False,True,,no_match,kkx,exact_iso3,,no_match
kky,,,,I,L,Guugu Yimidhirr,False,True,,no_match,kky,exact_iso3,,no_match
kkz,,,,I,L,Kaska,False,True,,no_match,kkz,exact_iso3,,no_match
kla,,,,I,E,Klamath-Modoc,False,False,,no_match,kla,exact_iso3,,no_match
klb,,,,I,L,Kiliwa,False,True,,no_match,klb,exact_iso3,,no_match
klc,,,,I,L,Kolbila,False,True,,no_match,klc,exact_iso3,,no_match
kld,,,,I,L,Gamilaraay,False,True,,no_match,kld,exact_iso3,,no_match
kle,,,,I,L,Kulung (Nepal),False,True,kle_Deva,exact,kle,exact_iso3,,no_match
klf,,,,I,L,Kendeje,False,True,,no_match,klf,exact_iso3,,no_match
klg,,,,I,L,Tagakaulo,False,True,,no_match,klg,exact_iso3,,no_match
klh,,,,I,L,Weliki,False,True,,no_match,klh,exact_iso3,,no_match
kli,,,,I,L,Kalumpang,False,True,,no_match,kli,exact_iso3,,no_match
klj,,,,I,L,Khalaj,False,True,,no_match,klj,exact_iso3,,no_match
klk,,,,I,L,Kono (Nigeria),False,True,,no_match,klk,exact_iso3,,no_match
kll,,,,I,L,Kagan Kalagan,False,True,,no_match,kll,exact_iso3,,no_match
klm,,,,I,L,Migum,False,True,,no_match,klm,exact_iso3,,no_match
kln,,,,M,L,Kalenjin,True,True,,no_match,kln,exact_iso3,kln,exact_iso3
klo,,,,I,L,Kapya,False,True,,no_match,klo,exact_iso3,,no_match
klp,,,,I,L,Kamasa,False,True,,no_match,klp,exact_iso3,,no_match
klq,,,,I,L,Rumu,False,True,,no_match,klq,exact_iso3,,no_match
klr,,,,I,L,Khaling,False,True,,no_match,klr,exact_iso3,,no_match
kls,,,,I,L,Kalasha,False,True,,no_match,kls,exact_iso3,kls,exact_iso3
klt,,,,I,L,Nukna,False,True,klt_Latn,exact,klt,exact_iso3,,no_match
klu,,,,I,L,Klao,False,True,,no_match,klu,exact_iso3,,no_match
klv,,,,I,L,Maskelynes,False,True,klv_Latn,exact,klv,exact_iso3,,no_match
klw,,,,I,L,Tado,False,True,,no_match,klw,exact_iso3,,no_match
klx,,,,I,L,Koluwawa,False,True,,no_match,klx,exact_iso3,,no_match
kly,,,,I,L,Kalao,False,True,,no_match,kly,exact_iso3,,no_match
klz,,,,I,L,Kabola,False,True,,no_match,klz,exact_iso3,,no_match
kma,,,,I,L,Konni,False,True,,no_match,kma,exact_iso3,,no_match
kmb,kmb,kmb,,I,L,Kimbundu,False,True,kmb_Latn,exact,kmb,exact_iso3,,no_match
kmc,,,,I,L,Southern Dong,False,True,,no_match,kmc,exact_iso3,,no_match
kmd,,,,I,L,Majukayang Kalinga,False,True,,no_match,kmd,exact_iso3,,no_match
kme,,,,I,L,Bakole,False,True,,no_match,kme,exact_iso3,,no_match
kmf,,,,I,L,Kare (Papua New Guinea),False,True,,no_match,kmf,exact_iso3,,no_match
kmg,,,,I,L,Kâte,False,True,kmg_Latn,exact,kmg,exact_iso3,,no_match
kmh,,,,I,L,Kalam,False,True,kmh_Latn,exact,kmh,exact_iso3,,no_match
kmi,,,,I,L,Kami (Nigeria),False,True,,no_match,kmi,exact_iso3,,no_match
kmj,,,,I,L,Kumarbhag Paharia,False,True,,no_match,kmj,exact_iso3,,no_match
kmk,,,,I,L,Limos Kalinga,False,True,kmk_Latn,exact,kmk,exact_iso3,,no_match
kml,,,,I,L,Tanudan Kalinga,False,True,,no_match,kml,exact_iso3,,no_match
kmm,,,,I,L,Kom (India),False,True,kmm_Latn,exact,kmm,exact_iso3,,no_match
kmn,,,,I,L,Awtuw,False,True,,no_match,kmn,exact_iso3,,no_match
kmo,,,,I,L,Kwoma,False,True,kmo_Latn,exact,kmo,exact_iso3,,no_match
kmp,,,,I,L,Gimme,False,True,,no_match,kmp,exact_iso3,,no_match
kmq,,,,I,L,Kwama,False,True,,no_match,kmq,exact_iso3,,no_match
kmr,,,,I,L,Northern Kurdish,False,True,kmr_Cyrl;kmr_Latn,multi_script,kmr,exact_iso3,kmr,exact_iso3
kms,,,,I,L,Kamasau,False,True,kms_Latn,exact,kms,exact_iso3,,no_match
kmt,,,,I,L,Kemtuik,False,True,,no_match,kmt,exact_iso3,,no_match
kmu,,,,I,L,Kanite,False,True,kmu_Latn,exact,kmu,exact_iso3,,no_match
kmv,,,,I,L,Karipúna Creole French,False,True,,no_match,kmv,exact_iso3,,no_match
kmw,,,,I,L,Komo (Democratic Republic of Congo),False,True,,no_match,kmw,exact_iso3,,no_match
kmx,,,,I,L,Waboda,False,True,,no_match,kmx,exact_iso3,,no_match
kmy,,,,I,L,Koma,False,True,kmy_Latn,exact,kmy,exact_iso3,,no_match
kmz,,,,I,L,Khorasani Turkish,False,True,,no_match,kmz,exact_iso3,,no_match
kna,,,,I,L,Dera (Nigeria),False,True,,no_match,kna,exact_iso3,,no_match
knb,,,,I,L,Lubuagan Kalinga,False,True,,no_match,knb,exact_iso3,,no_match
knc,,,,I,L,Central Kanuri,False,True,knc_Latn,exact,knc,exact_iso3,,no_match
knd,,,,I,L,Konda,False,True,,no_match,knd,exact_iso3,,no_match
kne,,,,I,L,Kankanaey,False,True,kne_Latn,exact,kne,exact_iso3,,no_match
knf,,,,I,L,Mankanya,False,True,knf_Latn,exact,knf,exact_iso3,,no_match
kng,,,,I,L,Koongo,False,True,kng_Latn,exact,kng,exact_iso3,,no_match
kni,,,,I,L,Kanufi,False,True,,no_match,kni,exact_iso3,,no_match
knj,,,,I,L,Western Kanjobal,False,True,knj_Latn,exact,knj,exact_iso3,,no_match
knk,,,,I,L,Kuranko,False,True,knk_Latn,exact,knk,exact_iso3,,no_match
knl,,,,I,L,Keninjal,False,True,,no_match,knl,exact_iso3,,no_match
knm,,,,I,L,Kanamarí,False,True,,no_match,knm,exact_iso3,,no_match
knn,,,,I,L,Konkani (individual language),False,True,,no_match,knn,exact_iso3,knn,exact_iso3
kno,,,,I,L,Kono (Sierra Leone),False,True,kno_Latn,exact,kno,exact_iso3,,no_match
knp,,,,I,L,Kwanja,False,True,,no_match,knp,exact_iso3,,no_match
knq,,,,I,L,Kintaq,False,True,,no_match,knq,exact_iso3,,no_match
knr,,,,I,L,Kaningra,False,True,,no_match,knr,exact_iso3,,no_match
kns,,,,I,L,Kensiu,False,True,,no_match,kns,exact_iso3,,no_match
knt,,,,I,L,Panoan Katukína,False,True,,no_match,knt,exact_iso3,,no_match
knu,,,,I,L,Kono (Guinea),False,True,,no_match,knu,exact_iso3,,no_match
knv,,,,I,L,Tabo,False,True,knv_Latn,exact,knv,exact_iso3,,no_match
knw,,,,I,L,Kung-Ekoka,False,True,,no_match,knw,exact_iso3,,no_match
knx,,,,I,L,Kendayan,False,True,knx_Latn,exact,knx,exact_iso3,,no_match
kny,,,,I,L,Kanyok,False,True,kny_Latn,exact,kny,exact_iso3,,no_match
knz,,,,I,L,Kalamsé,False,True,,no_match,knz,exact_iso3,,no_match
koa,,,,I,L,Konomala,False,True,,no_match,koa,exact_iso3,,no_match
koc,,,,I,E,Kpati,False,False,,no_match,koc,exact_iso3,,no_match
kod,,,,I,L,Kodi,False,True,,no_match,kod,exact_iso3,,no_match
koe,,,,I,L,Kacipo-Bale Suri,False,True,,no_match,koe,exact_iso3,,no_match
kof,,,,I,E,Kubi,False,False,,no_match,kof,exact_iso3,,no_match
kog,,,,I,L,Cogui,False,True,kog_Latn,exact,kog,exact_iso3,,no_match
koh,,,,I,L,Koyo,False,True,,no_match,koh,exact_iso3,,no_match
koi,,,,I,L,Komi-Permyak,False,True,koi_Cyrl,exact,koi,exact_iso3,,no_match
kok,kok,kok,,M,L,Konkani (macrolanguage),True,True,,no_match,kok,exact_iso3,,no_match
kol,,,,I,L,Kol (Papua New Guinea),False,True,,no_match,kol,exact_iso3,,no_match
kom,kom,kom,kv,M,L,Komi,True,True,,no_match,kom;kv,matched_multiple:iso3+iso1,,no_match
kon,kon,kon,kg,M,L,Kongo,True,True,,no_match,kon;kg,matched_multiple:iso3+iso1,,no_match
koo,,,,I,L,Konzo,False,True,koo_Latn,exact,koo,exact_iso3,koo,exact_iso3
kop,,,,I,L,Waube,False,True,,no_match,kop,exact_iso3,,no_match
koq,,,,I,L,Kota (Gabon),False,True,,no_match,koq,exact_iso3,,no_match
kor,kor,kor,ko,I,L,Korean,False,True,kor_Hang,exact,kor;ko,matched_multiple:iso3+iso1,ko,matched_via_bcp47
kos,kos,kos,,I,L,Kosraean,False,True,kos_Latn,exact,kos,exact_iso3,,no_match
kot,,,,I,L,Lagwan,False,True,,no_match,kot,exact_iso3,,no_match
kou,,,,I,L,Koke,False,True,,no_match,kou,exact_iso3,,no_match
kov,,,,I,L,Kudu-Camo,False,True,,no_match,kov,exact_iso3,,no_match
kow,,,,I,L,Kugama,False,True,,no_match,kow,exact_iso3,,no_match
koy,,,,I,L,Koyukon,False,True,,no_match,koy,exact_iso3,,no_match
koz,,,,I,L,Korak,False,True,,no_match,koz,exact_iso3,,no_match
kpa,,,,I,L,Kutto,False,True,,no_match,kpa,exact_iso3,,no_match
kpb,,,,I,L,Mullu Kurumba,False,True,,no_match,kpb,exact_iso3,,no_match
kpc,,,,I,L,Curripaco,False,True,,no_match,kpc,exact_iso3,,no_match
kpd,,,,I,L,Koba,False,True,,no_match,kpd,exact_iso3,,no_match
kpe,kpe,kpe,,M,L,Kpelle,True,True,kpe_Latn,exact,kpe,exact_iso3,,no_match
kpf,,,,I,L,Komba,False,True,kpf_Latn,exact,kpf,exact_iso3,,no_match
kpg,,,,I,L,Kapingamarangi,False,True,kpg_Latn,exact,kpg,exact_iso3,,no_match
kph,,,,I,L,Kplang,False,True,,no_match,kph,exact_iso3,,no_match
kpi,,,,I,L,Kofei,False,True,,no_match,kpi,exact_iso3,,no_match
kpj,,,,I,L,Karajá,False,True,kpj_Latn,exact,kpj,exact_iso3,,no_match
kpk,,,,I,L,Kpan,False,True,,no_match,kpk,exact_iso3,,no_match
kpl,,,,I,L,Kpala,False,True,,no_match,kpl,exact_iso3,,no_match
kpm,,,,I,L,Koho,False,True,,no_match,kpm,exact_iso3,,no_match
kpn,,,,I,E,Kepkiriwát,False,False,,no_match,kpn,exact_iso3,,no_match
kpo,,,,I,L,Ikposo,False,True,,no_match,kpo,exact_iso3,,no_match
kpq,,,,I,L,Korupun-Sela,False,True,kpq_Latn,exact,kpq,exact_iso3,,no_match
kpr,,,,I,L,Korafe-Yegha,False,True,kpr_Latn,exact,kpr,exact_iso3,,no_match
kps,,,,I,L,Tehit,False,True,,no_match,kps,exact_iso3,,no_match
kpt,,,,I,L,Karata,False,True,,no_match,kpt,exact_iso3,,no_match
kpu,,,,I,L,Kafoa,False,True,,no_match,kpu,exact_iso3,,no_match
kpv,,,,I,L,Komi-Zyrian,False,True,kpv_Cyrl,exact,kpv,exact_iso3,kpv,exact_iso3
kpw,,,,I,L,Kobon,False,True,kpw_Latn,exact,kpw,exact_iso3,,no_match
kpx,,,,I,L,Mountain Koiali,False,True,kpx_Latn,exact,kpx,exact_iso3,,no_match
kpy,,,,I,L,Koryak,False,True,,no_match,kpy,exact_iso3,,no_match
kpz,,,,I,L,Kupsabiny,False,True,kpz_Latn,exact,kpz,exact_iso3,,no_match
kqa,,,,I,L,Mum,False,True,,no_match,kqa,exact_iso3,,no_match
kqb,,,,I,L,Kovai,False,True,,no_match,kqb,exact_iso3,,no_match
kqc,,,,I,L,Doromu-Koki,False,True,kqc_Latn,exact,kqc,exact_iso3,,no_match
kqd,,,,I,L,Koy Sanjaq Surat,False,True,,no_match,kqd,exact_iso3,,no_match
kqe,,,,I,L,Kalagan,False,True,kqe_Latn,exact,kqe,exact_iso3,,no_match
kqf,,,,I,L,Kakabai,False,True,kqf_Latn,exact,kqf,exact_iso3,,no_match
kqg,,,,I,L,Khe,False,True,,no_match,kqg,exact_iso3,,no_match
kqh,,,,I,L,Kisankasa,False,True,,no_match,kqh,exact_iso3,,no_match
kqi,,,,I,L,Koitabu,False,True,,no_match,kqi,exact_iso3,,no_match
kqj,,,,I,L,Koromira,False,True,,no_match,kqj,exact_iso3,,no_match
kqk,,,,I,L,Kotafon Gbe,False,True,,no_match,kqk,exact_iso3,,no_match
kql,,,,I,L,Kyenele,False,True,kql_Latn,exact,kql,exact_iso3,,no_match
kqm,,,,I,L,Khisa,False,True,,no_match,kqm,exact_iso3,,no_match
kqn,,,,I,L,Kaonde,False,True,kqn_Latn,exact,kqn,exact_iso3,,no_match
kqo,,,,I,L,Eastern Krahn,False,True,kqo_Latn,exact,kqo,exact_iso3,,no_match
kqp,,,,I,L,Kimré,False,True,kqp_Latn,exact,kqp,exact_iso3,,no_match
kqq,,,,I,L,Krenak,False,True,,no_match,kqq,exact_iso3,,no_match
kqr,,,,I,L,Kimaragang,False,True,,no_match,kqr,exact_iso3,,no_match
kqs,,,,I,L,Northern Kissi,False,True,kqs_Latn,exact,kqs,exact_iso3,,no_match
kqt,,,,I,L,Klias River Kadazan,False,True,,no_match,kqt,exact_iso3,,no_match
kqu,,,,I,E,Seroa,False,False,,no_match,kqu,exact_iso3,,no_match
kqv,,,,I,L,Okolod,False,True,,no_match,kqv,exact_iso3,,no_match
kqw,,,,I,L,Kandas,False,True,kqw_Latn,exact,kqw,exact_iso3,,no_match
kqx,,,,I,L,Mser,False,True,,no_match,kqx,exact_iso3,,no_match
kqy,,,,I,L,Koorete,False,True,kqy_Ethi,exact,kqy,exact_iso3,,no_match
kqz,,,,I,E,Korana,False,False,,no_match,kqz,exact_iso3,,no_match
kra,,,,I,L,Kumhali,False,True,,no_match,kra,exact_iso3,,no_match
krb,,,,I,E,Karkin,False,False,,no_match,krb,exact_iso3,,no_match
krc,krc,krc,,I,L,Karachay-Balkar,False,True,krc_Cyrl,exact,krc,exact_iso3,krc,exact_iso3
krd,,,,I,L,Kairui-Midiki,False,True,,no_match,krd,exact_iso3,,no_match
kre,,,,I,L,Panará,False,True,,no_match,kre,exact_iso3,,no_match
krf,,,,I,L,Koro (Vanuatu),False,True,,no_match,krf,exact_iso3,,no_match
krh,,,,I,L,Kurama,False,True,,no_match,krh,exact_iso3,,no_match
kri,,,,I,L,Krio,False,True,kri_Latn,exact,kri,exact_iso3,,no_match
krj,,,,I,L,Kinaray-A,False,True,krj_Latn,exact,krj,exact_iso3,,no_match
krk,,,,I,E,Kerek,False,False,,no_match,krk,exact_iso3,,no_match
krl,krl,krl,,I,L,Karelian,False,True,krl_Latn,exact,krl,exact_iso3,,no_match
krn,,,,I,L,Sapo,False,True,,no_match,krn,exact_iso3,,no_match
krp,,,,I,L,Durop,False,True,,no_match,krp,exact_iso3,,no_match
krr,,,,I,L,Krung,False,True,,no_match,krr,exact_iso3,,no_match
krs,,,,I,L,Gbaya (Sudan),False,True,,no_match,krs,exact_iso3,,no_match
krt,,,,I,L,Tumari Kanuri,False,True,,no_match,krt,exact_iso3,,no_match
kru,kru,kru,,I,L,Kurukh,False,True,kru_Deva,exact,kru,exact_iso3,,no_match
krv,,,,I,L,Kavet,False,True,,no_match,krv,exact_iso3,,no_match
krw,,,,I,L,Western Krahn,False,True,,no_match,krw,exact_iso3,,no_match
krx,,,,I,L,Karon,False,True,krx_Latn,exact,krx,exact_iso3,,no_match
kry,,,,I,L,Kryts,False,True,,no_match,kry,exact_iso3,,no_match
krz,,,,I,L,Sota Kanum,False,True,,no_match,krz,exact_iso3,,no_match
ksb,,,,I,L,Shambala,False,True,ksb_Latn,exact,ksb,exact_iso3,,no_match
ksc,,,,I,L,Southern Kalinga,False,True,ksc_Latn,exact,ksc,exact_iso3,,no_match
ksd,,,,I,L,Kuanua,False,True,ksd_Latn,exact,ksd,exact_iso3,,no_match
kse,,,,I,L,Kuni,False,True,,no_match,kse,exact_iso3,,no_match
ksf,,,,I,L,Bafia,False,True,ksf_Latn,exact,ksf,exact_iso3,ksf,exact_iso3
ksg,,,,I,L,Kusaghe,False,True,,no_match,ksg,exact_iso3,,no_match
ksh,,,,I,L,Kölsch,False,True,ksh_Latn,exact,ksh,exact_iso3,,no_match
ksi,,,,I,L,Krisa,False,True,,no_match,ksi,exact_iso3,,no_match
ksj,,,,I,L,Uare,False,True,ksj_Latn,exact,ksj,exact_iso3,,no_match
ksk,,,,I,L,Kansa,False,True,,no_match,ksk,exact_iso3,,no_match
ksl,,,,I,L,Kumalu,False,True,,no_match,ksl,exact_iso3,,no_match
ksm,,,,I,L,Kumba,False,True,,no_match,ksm,exact_iso3,,no_match
ksn,,,,I,L,Kasiguranin,False,True,,no_match,ksn,exact_iso3,,no_match
kso,,,,I,L,Kofa,False,True,,no_match,kso,exact_iso3,,no_match
ksp,,,,I,L,Kaba,False,True,ksp_Latn,exact,ksp,exact_iso3,,no_match
ksq,,,,I,L,Kwaami,False,True,,no_match,ksq,exact_iso3,,no_match
ksr,,,,I,L,Borong,False,True,ksr_Latn,exact,ksr,exact_iso3,,no_match
kss,,,,I,L,Southern Kisi,False,True,kss_Latn,exact,kss,exact_iso3,,no_match
kst,,,,I,L,Winyé,False,True,,no_match,kst,exact_iso3,,no_match
ksu,,,,I,L,Khamyang,False,True,,no_match,ksu,exact_iso3,,no_match
ksv,,,,I,L,Kusu,False,True,,no_match,ksv,exact_iso3,,no_match
ksw,,,,I,L,S'gaw Karen,False,True,ksw_Mymr,exact,ksw,exact_iso3,,no_match
ksx,,,,I,L,Kedang,False,True,,no_match,ksx,exact_iso3,,no_match
ksy,,,,I,L,Kharia Thar,False,True,,no_match,ksy,exact_iso3,,no_match
ksz,,,,I,L,Kodaku,False,True,,no_match,ksz,exact_iso3,,no_match
kta,,,,I,L,Katua,False,True,,no_match,kta,exact_iso3,,no_match
ktb,,,,I,L,Kambaata,False,True,ktb_Ethi,exact,ktb,exact_iso3,,no_match
ktc,,,,I,L,Kholok,False,True,,no_match,ktc,exact_iso3,,no_match
ktd,,,,I,L,Kokata,False,True,,no_match,ktd,exact_iso3,,no_match
kte,,,,I,L,Nubri,False,True,,no_match,kte,exact_iso3,,no_match
ktf,,,,I,L,Kwami,False,True,,no_match,ktf,exact_iso3,,no_match
ktg,,,,I,E,Kalkutung,False,False,,no_match,ktg,exact_iso3,,no_match
kth,,,,I,L,Karanga,False,True,,no_match,kth,exact_iso3,,no_match
kti,,,,I,L,North Muyu,False,True,,no_match,kti,exact_iso3,,no_match
ktj,,,,I,L,Plapo Krumen,False,True,ktj_Latn,exact,ktj,exact_iso3,,no_match
ktk,,,,I,E,Kaniet,False,False,,no_match,ktk,exact_iso3,,no_match
ktl,,,,I,L,Koroshi,False,True,,no_match,ktl,exact_iso3,,no_match
ktm,,,,I,L,Kurti,False,True,ktm_Latn,exact,ktm,exact_iso3,,no_match
ktn,,,,I,L,Karitiâna,False,True,,no_match,ktn,exact_iso3,,no_match
kto,,,,I,L,Kuot,False,True,kto_Latn,exact,kto,exact_iso3,,no_match
ktp,,,,I,L,Kaduo,False,True,,no_match,ktp,exact_iso3,,no_match
ktq,,,,I,E,Katabaga,False,False,,no_match,ktq,exact_iso3,,no_match
kts,,,,I,L,South Muyu,False,True,,no_match,kts,exact_iso3,,no_match
ktt,,,,I,L,Ketum,False,True,,no_match,ktt,exact_iso3,,no_match
ktu,,,,I,L,Kituba (Democratic Republic of Congo),False,True,ktu_Latn,exact,ktu,exact_iso3,,no_match
ktv,,,,I,L,Eastern Katu,False,True,,no_match,ktv,exact_iso3,,no_match
ktw,,,,I,E,Kato,False,False,,no_match,ktw,exact_iso3,,no_match
ktx,,,,I,L,Kaxararí,False,True,,no_match,ktx,exact_iso3,,no_match
kty,,,,I,L,Kango (Bas-Uélé District),False,True,,no_match,kty,exact_iso3,,no_match
ktz,,,,I,L,Juǀʼhoan,False,True,ktz_Latn,exact,ktz,exact_iso3,,no_match
kua,kua,kua,kj,I,L,Kuanyama,False,True,kua_Latn,exact,kua;kj,matched_multiple:iso3+iso1,,no_match
kub,,,,I,L,Kutep,False,True,kub_Latn,exact,kub,exact_iso3,,no_match
kuc,,,,I,L,Kwinsu,False,True,,no_match,kuc,exact_iso3,,no_match
kud,,,,I,L,'Auhelawa,False,True,kud_Latn,exact,kud,exact_iso3,,no_match
kue,,,,I,L,Kuman (Papua New Guinea),False,True,kue_Latn,exact,kue,exact_iso3,,no_match
kuf,,,,I,L,Western Katu,False,True,,no_match,kuf,exact_iso3,,no_match
kug,,,,I,L,Kupa,False,True,,no_match,kug,exact_iso3,,no_match
kuh,,,,I,L,Kushi,False,True,,no_match,kuh,exact_iso3,,no_match
kui,,,,I,L,Kuikúro-Kalapálo,False,True,,no_match,kui,exact_iso3,,no_match
kuj,,,,I,L,Kuria,False,True,kuj_Latn,exact,kuj,exact_iso3,,no_match
kuk,,,,I,L,Kepo',False,True,,no_match,kuk,exact_iso3,,no_match
kul,,,,I,L,Kulere,False,True,,no_match,kul,exact_iso3,,no_match
kum,kum,kum,,I,L,Kumyk,False,True,kum_Cyrl,exact,kum,exact_iso3,,no_match
kun,,,,I,L,Kunama,False,True,,no_match,kun,exact_iso3,,no_match
kuo,,,,I,L,Kumukio,False,True,,no_match,kuo,exact_iso3,,no_match
kup,,,,I,L,Kunimaipa,False,True,kup_Latn,exact,kup,exact_iso3,,no_match
kuq,,,,I,L,Karipuna,False,True,,no_match,kuq,exact_iso3,,no_match
kur,kur,kur,ku,M,L,Kurdish,True,True,,no_match,kur;ku,matched_multiple:iso3+iso1,,no_match
kus,,,,I,L,Kusaal,False,True,kus_Latn,exact,kus,exact_iso3,,no_match
kut,kut,kut,,I,L,Ktunaxa,False,True,,no_match,kut,exact_iso3,,no_match
kuu,,,,I,L,Upper Kuskokwim,False,True,,no_match,kuu,exact_iso3,,no_match
kuv,,,,I,L,Kur,False,True,,no_match,kuv,exact_iso3,,no_match
kuw,,,,I,L,Kpagua,False,True,,no_match,kuw,exact_iso3,,no_match
kux,,,,I,L,Kukatja,False,True,,no_match,kux,exact_iso3,,no_match
kuy,,,,I,L,Kuuku-Ya'u,False,True,,no_match,kuy,exact_iso3,,no_match
kuz,,,,I,E,Kunza,False,False,,no_match,kuz,exact_iso3,,no_match
kva,,,,I,L,Bagvalal,False,True,,no_match,kva,exact_iso3,,no_match
kvb,,,,I,L,Kubu,False,True,,no_match,kvb,exact_iso3,,no_match
kvc,,,,I,L,Kove,False,True,,no_match,kvc,exact_iso3,,no_match
kvd,,,,I,L,Kui (Indonesia),False,True,,no_match,kvd,exact_iso3,,no_match
kve,,,,I,L,Kalabakan,False,True,,no_match,kve,exact_iso3,,no_match
kvf,,,,I,L,Kabalai,False,True,,no_match,kvf,exact_iso3,,no_match
kvg,,,,I,L,Kuni-Boazi,False,True,kvg_Latn,exact,kvg,exact_iso3,,no_match
kvh,,,,I,L,Komodo,False,True,,no_match,kvh,exact_iso3,,no_match
kvi,,,,I,L,Kwang,False,True,,no_match,kvi,exact_iso3,,no_match
kvj,,,,I,L,Psikye,False,True,kvj_Latn,exact,kvj,exact_iso3,,no_match
kvk,,,,I,L,Korean Sign Language,False,True,,no_match,kvk,exact_iso3,,no_match
kvl,,,,I,L,Kayaw,False,True,,no_match,kvl,exact_iso3,,no_match
kvm,,,,I,L,Kendem,False,True,,no_match,kvm,exact_iso3,,no_match
kvn,,,,I,L,Border Kuna,False,True,kvn_Latn,exact,kvn,exact_iso3,,no_match
kvo,,,,I,L,Dobel,False,True,,no_match,kvo,exact_iso3,,no_match
kvp,,,,I,L,Kompane,False,True,,no_match,kvp,exact_iso3,,no_match
kvq,,,,I,L,Geba Karen,False,True,,no_match,kvq,exact_iso3,,no_match
kvr,,,,I,L,Kerinci,False,True,,no_match,kvr,exact_iso3,,no_match
kvt,,,,I,L,Lahta Karen,False,True,,no_match,kvt,exact_iso3,,no_match
kvu,,,,I,L,Yinbaw Karen,False,True,,no_match,kvu,exact_iso3,,no_match
kvv,,,,I,L,Kola,False,True,,no_match,kvv,exact_iso3,,no_match
kvw,,,,I,L,Wersing,False,True,,no_match,kvw,exact_iso3,,no_match
kvx,,,,I,L,Parkari Koli,False,True,,no_match,kvx,exact_iso3,kvx,exact_iso3
kvy,,,,I,L,Yintale Karen,False,True,,no_match,kvy,exact_iso3,,no_match
kvz,,,,I,L,Tsakwambo,False,True,,no_match,kvz,exact_iso3,,no_match
kwa,,,,I,L,Dâw,False,True,,no_match,kwa,exact_iso3,,no_match
kwb,,,,I,L,Kwa,False,True,,no_match,kwb,exact_iso3,,no_match
kwc,,,,I,L,Likwala,False,True,,no_match,kwc,exact_iso3,,no_match
kwd,,,,I,L,Kwaio,False,True,kwd_Latn,exact,kwd,exact_iso3,,no_match
kwe,,,,I,L,Kwerba,False,True,,no_match,kwe,exact_iso3,,no_match
kwf,,,,I,L,Kwara'ae,False,True,kwf_Latn,exact,kwf,exact_iso3,,no_match
kwg,,,,I,L,Sara Kaba Deme,False,True,,no_match,kwg,exact_iso3,,no_match
kwh,,,,I,L,Kowiai,False,True,,no_match,kwh,exact_iso3,,no_match
kwi,,,,I,L,Awa-Cuaiquer,False,True,kwi_Latn,exact,kwi,exact_iso3,,no_match
kwj,,,,I,L,Kwanga,False,True,kwj_Latn,exact,kwj,exact_iso3,,no_match
kwk,,,,I,L,Kwak'wala,False,True,,no_match,kwk,exact_iso3,,no_match
kwl,,,,I,L,Kofyar,False,True,,no_match,kwl,exact_iso3,,no_match
kwm,,,,I,L,Kwambi,False,True,,no_match,kwm,exact_iso3,,no_match
kwn,,,,I,L,Kwangali,False,True,kwn_Latn,exact,kwn,exact_iso3,,no_match
kwo,,,,I,L,Kwomtari,False,True,,no_match,kwo,exact_iso3,,no_match
kwp,,,,I,L,Kodia,False,True,,no_match,kwp,exact_iso3,,no_match
kwr,,,,I,L,Kwer,False,True,,no_match,kwr,exact_iso3,,no_match
kws,,,,I,L,Kwese,False,True,,no_match,kws,exact_iso3,,no_match
kwt,,,,I,L,Kwesten,False,True,,no_match,kwt,exact_iso3,,no_match
kwu,,,,I,L,Kwakum,False,True,,no_match,kwu,exact_iso3,,no_match
kwv,,,,I,L,Sara Kaba Náà,False,True,,no_match,kwv,exact_iso3,,no_match
kww,,,,I,L,Kwinti,False,True,,no_match,kww,exact_iso3,,no_match
kwx,,,,I,L,Khirwar,False,True,,no_match,kwx,exact_iso3,,no_match
kwy,,,,I,L,San Salvador Kongo,False,True,kwy_Latn,exact,kwy,exact_iso3,,no_match
kwz,,,,I,E,Kwadi,False,False,,no_match,kwz,exact_iso3,,no_match
kxa,,,,I,L,Kairiru,False,True,,no_match,kxa,exact_iso3,,no_match
kxb,,,,I,L,Krobu,False,True,,no_match,kxb,exact_iso3,,no_match
kxc,,,,I,L,Konso,False,True,kxc_Ethi,exact,kxc,exact_iso3,,no_match
kxd,,,,I,L,Brunei,False,True,,no_match,kxd,exact_iso3,,no_match
kxf,,,,I,L,Manumanaw Karen,False,True,,no_match,kxf,exact_iso3,,no_match
kxh,,,,I,L,Karo (Ethiopia),False,True,,no_match,kxh,exact_iso3,,no_match
kxi,,,,I,L,Keningau Murut,False,True,,no_match,kxi,exact_iso3,,no_match
kxj,,,,I,L,Kulfa,False,True,,no_match,kxj,exact_iso3,,no_match
kxk,,,,I,L,Zayein Karen,False,True,,no_match,kxk,exact_iso3,,no_match
kxm,,,,I,L,Northern Khmer,False,True,kxm_Thai,exact,kxm,exact_iso3,,no_match
kxn,,,,I,L,Kanowit-Tanjong Melanau,False,True,,no_match,kxn,exact_iso3,,no_match
kxo,,,,I,E,Kanoé,False,False,,no_match,kxo,exact_iso3,,no_match
kxp,,,,I,L,Wadiyara Koli,False,True,,no_match,kxp,exact_iso3,kxp,exact_iso3
kxq,,,,I,L,Smärky Kanum,False,True,,no_match,kxq,exact_iso3,,no_match
kxr,,,,I,L,Koro (Papua New Guinea),False,True,,no_match,kxr,exact_iso3,,no_match
kxs,,,,I,L,Kangjia,False,True,,no_match,kxs,exact_iso3,,no_match
kxt,,,,I,L,Koiwat,False,True,,no_match,kxt,exact_iso3,,no_match
kxv,,,,I,L,Kuvi,False,True,,no_match,kxv,exact_iso3,,no_match
kxw,,,,I,L,Konai,False,True,kxw_Latn,exact,kxw,exact_iso3,,no_match
kxx,,,,I,L,Likuba,False,True,,no_match,kxx,exact_iso3,,no_match
kxy,,,,I,L,Kayong,False,True,,no_match,kxy,exact_iso3,,no_match
kxz,,,,I,L,Kerewo,False,True,,no_match,kxz,exact_iso3,,no_match
kya,,,,I,L,Kwaya,False,True,,no_match,kya,exact_iso3,,no_match
kyb,,,,I,L,Butbut Kalinga,False,True,,no_match,kyb,exact_iso3,,no_match
kyc,,,,I,L,Kyaka,False,True,kyc_Latn,exact,kyc,exact_iso3,,no_match
kyd,,,,I,L,Karey,False,True,,no_match,kyd,exact_iso3,,no_match
kye,,,,I,L,Krache,False,True,,no_match,kye,exact_iso3,,no_match
kyf,,,,I,L,Kouya,False,True,kyf_Latn,exact,kyf,exact_iso3,,no_match
kyg,,,,I,L,Keyagana,False,True,kyg_Latn,exact,kyg,exact_iso3,,no_match
kyh,,,,I,L,Karok,False,True,,no_match,kyh,exact_iso3,,no_match
kyi,,,,I,L,Kiput,False,True,,no_match,kyi,exact_iso3,,no_match
kyj,,,,I,L,Karao,False,True,,no_match,kyj,exact_iso3,,no_match
kyk,,,,I,L,Kamayo,False,True,,no_match,kyk,exact_iso3,,no_match
kyl,,,,I,L,Kalapuya,False,True,,no_match,kyl,exact_iso3,,no_match
kym,,,,I,L,Kpatili,False,True,,no_match,kym,exact_iso3,,no_match
kyn,,,,I,L,Northern Binukidnon,False,True,,no_match,kyn,exact_iso3,,no_match
kyo,,,,I,L,Kelon,False,True,,no_match,kyo,exact_iso3,,no_match
kyp,,,,I,L,Kang,False,True,,no_match,kyp,exact_iso3,,no_match
kyq,,,,I,L,Kenga,False,True,kyq_Latn,exact,kyq,exact_iso3,,no_match
kyr,,,,I,L,Kuruáya,False,True,,no_match,kyr,exact_iso3,,no_match
kys,,,,I,L,Baram Kayan,False,True,,no_match,kys,exact_iso3,,no_match
kyt,,,,I,L,Kayagar,False,True,,no_match,kyt,exact_iso3,,no_match
kyu,,,,I,L,Western Kayah,False,True,kyu_Kali;kyu_Latn;kyu_Mymr,multi_script,kyu,exact_iso3,,no_match
kyv,,,,I,L,Kayort,False,True,,no_match,kyv,exact_iso3,,no_match
kyw,,,,I,L,Kudmali,False,True,,no_match,kyw,exact_iso3,,no_match
kyx,,,,I,L,Rapoisi,False,True,,no_match,kyx,exact_iso3,,no_match
kyy,,,,I,L,Kambaira,False,True,,no_match,kyy,exact_iso3,,no_match
kyz,,,,I,L,Kayabí,False,True,kyz_Latn,exact,kyz,exact_iso3,,no_match
kza,,,,I,L,Western Karaboro,False,True,,no_match,kza,exact_iso3,,no_match
kzb,,,,I,L,Kaibobo,False,True,,no_match,kzb,exact_iso3,,no_match
kzc,,,,I,L,Bondoukou Kulango,False,True,,no_match,kzc,exact_iso3,,no_match
kzd,,,,I,L,Kadai,False,True,,no_match,kzd,exact_iso3,,no_match
kze,,,,I,L,Kosena,False,True,kze_Latn,exact,kze,exact_iso3,,no_match
kzf,,,,I,L,Da'a Kaili,False,True,kzf_Latn,exact,kzf,exact_iso3,,no_match
kzg,,,,I,L,Kikai,False,True,,no_match,kzg,exact_iso3,,no_match
kzi,,,,I,L,Kelabit,False,True,,no_match,kzi,exact_iso3,kzi,exact_iso3
kzk,,,,I,E,Kazukuru,False,False,,no_match,kzk,exact_iso3,,no_match
kzl,,,,I,L,Kayeli,False,True,,no_match,kzl,exact_iso3,,no_match
kzm,,,,I,L,Kais,False,True,,no_match,kzm,exact_iso3,,no_match
kzn,,,,I,L,Kokola,False,True,,no_match,kzn,exact_iso3,,no_match
kzo,,,,I,L,Kaningi,False,True,,no_match,kzo,exact_iso3,,no_match
kzp,,,,I,L,Kaidipang,False,True,,no_match,kzp,exact_iso3,,no_match
kzq,,,,I,L,Kaike,False,True,,no_match,kzq,exact_iso3,,no_match
kzr,,,,I,L,Karang,False,True,,no_match,kzr,exact_iso3,,no_match
kzs,,,,I,L,Sugut Dusun,False,True,,no_match,kzs,exact_iso3,,no_match
kzu,,,,I,L,Kayupulau,False,True,,no_match,kzu,exact_iso3,,no_match
kzv,,,,I,L,Komyandaret,False,True,,no_match,kzv,exact_iso3,,no_match
kzw,,,,I,E,Karirí-Xocó,False,False,,no_match,kzw,exact_iso3,,no_match
kzx,,,,I,E,Kamarian,False,False,,no_match,kzx,exact_iso3,,no_match
kzy,,,,I,L,Kango (Tshopo District),False,True,,no_match,kzy,exact_iso3,,no_match
kzz,,,,I,L,Kalabra,False,True,,no_match,kzz,exact_iso3,,no_match
laa,,,,I,L,Southern Subanen,False,True,,no_match,laa,exact_iso3,,no_match
lab,,,,I,H,Linear A,False,False,,no_match,lab,exact_iso3,,no_match
lac,,,,I,L,Lacandon,False,True,lac_Latn,exact,lac,exact_iso3,,no_match
lad,lad,lad,,I,L,Ladino,False,True,lad_Hebr;lad_Latn,multi_script,lad,exact_iso3,,no_match
lae,,,,I,L,Pattani,False,True,,no_match,lae,exact_iso3,,no_match
laf,,,,I,L,Lafofa,False,True,,no_match,laf,exact_iso3,,no_match
lag,,,,I,L,Rangi,False,True,,no_match,lag,exact_iso3,,no_match
lah,lah,lah,,M,L,Lahnda,True,True,,no_match,lah,exact_iso3,,no_match
lai,,,,I,L,Lambya,False,True,lai_Latn,exact,lai,exact_iso3,,no_match
laj,,,,I,L,Lango (Uganda),False,True,laj_Latn,exact,laj,exact_iso3,laj,exact_iso3
lal,,,,I,L,Lalia,False,True,,no_match,lal,exact_iso3,,no_match
lam,lam,lam,,I,L,Lamba,False,True,lam_Latn,exact,lam,exact_iso3,,no_match
lan,,,,I,L,Laru,False,True,,no_match,lan,exact_iso3,,no_match
lao,lao,lao,lo,I,L,Lao,False,True,lao_Laoo,exact,lao;lo,matched_multiple:iso3+iso1,lo,matched_via_bcp47
lap,,,,I,L,Laka (Chad),False,True,lap_Latn,exact,lap,exact_iso3,,no_match
laq,,,,I,L,Qabiao,False,True,,no_match,laq,exact_iso3,,no_match
lar,,,,I,L,Larteh,False,True,,no_match,lar,exact_iso3,,no_match
las,,,,I,L,Lama (Togo),False,True,,no_match,las,exact_iso3,,no_match
lat,lat,lat,la,I,H,Latin,False,False,lat_Latn,exact,lat;la,matched_multiple:iso3+iso1,,no_match
lau,,,,I,L,Laba,False,True,,no_match,lau,exact_iso3,,no_match
lav,lav,lav,lv,M,L,Latvian,True,True,,no_match,lav;lv,matched_multiple:iso3+iso1,lv,matched_via_bcp47
law,,,,I,L,Lauje,False,True,,no_match,law,exact_iso3,,no_match
lax,,,,I,L,Tiwa,False,True,,no_match,lax,exact_iso3,,no_match
lay,,,,I,L,Lama Bai,False,True,,no_match,lay,exact_iso3,,no_match
laz,,,,I,E,Aribwatsa,False,False,,no_match,laz,exact_iso3,,no_match
lbb,,,,I,L,Label,False,True,lbb_Latn,exact,lbb,exact_iso3,,no_match
lbc,,,,I,L,Lakkia,False,True,,no_match,lbc,exact_iso3,,no_match
lbe,,,,I,L,Lak,False,True,lbe_Cyrl,exact,lbe,exact_iso3,,no_match
lbf,,,,I,L,Tinani,False,True,,no_match,lbf,exact_iso3,,no_match
lbg,,,,I,L,Laopang,False,True,,no_match,lbg,exact_iso3,,no_match
lbi,,,,I,L,La'bi,False,True,,no_match,lbi,exact_iso3,,no_match
lbj,,,,I,L,Ladakhi,False,True,lbj_Tibt,exact,lbj,exact_iso3,,no_match
lbk,,,,I,L,Central Bontok,False,True,lbk_Latn,exact,lbk,exact_iso3,,no_match
lbl,,,,I,L,Libon Bikol,False,True,,no_match,lbl,exact_iso3,,no_match
lbm,,,,I,L,Lodhi,False,True,,no_match,lbm,exact_iso3,,no_match
lbn,,,,I,L,Rmeet,False,True,,no_match,lbn,exact_iso3,,no_match
lbo,,,,I,L,Laven,False,True,,no_match,lbo,exact_iso3,,no_match
lbq,,,,I,L,Wampar,False,True,,no_match,lbq,exact_iso3,,no_match
lbr,,,,I,L,Lohorung,False,True,,no_match,lbr,exact_iso3,,no_match
lbs,,,,I,L,Libyan Sign Language,False,True,,no_match,lbs,exact_iso3,,no_match
lbt,,,,I,L,Lachi,False,True,,no_match,lbt,exact_iso3,,no_match
lbu,,,,I,L,Labu,False,True,,no_match,lbu,exact_iso3,,no_match
lbv,,,,I,L,Lavatbura-Lamusong,False,True,,no_match,lbv,exact_iso3,,no_match
lbw,,,,I,L,Tolaki,False,True,,no_match,lbw,exact_iso3,,no_match
lbx,,,,I,L,Lawangan,False,True,,no_match,lbx,exact_iso3,,no_match
lby,,,,I,E,Lamalama,False,False,,no_match,lby,exact_iso3,,no_match
lbz,,,,I,L,Lardil,False,True,,no_match,lbz,exact_iso3,,no_match
lcc,,,,I,L,Legenyem,False,True,,no_match,lcc,exact_iso3,,no_match
lcd,,,,I,L,Lola,False,True,,no_match,lcd,exact_iso3,,no_match
lce,,,,I,L,Loncong,False,True,,no_match,lce,exact_iso3,,no_match
lcf,,,,I,L,Lubu,False,True,,no_match,lcf,exact_iso3,,no_match
lch,,,,I,L,Luchazi,False,True,,no_match,lch,exact_iso3,,no_match
lcl,,,,I,L,Lisela,False,True,,no_match,lcl,exact_iso3,,no_match
lcm,,,,I,L,Tungag,False,True,lcm_Latn,exact,lcm,exact_iso3,,no_match
lcp,,,,I,L,Western Lawa,False,True,lcp_Thai,exact,lcp,exact_iso3,,no_match
lcq,,,,I,L,Luhu,False,True,,no_match,lcq,exact_iso3,,no_match
lcs,,,,I,L,Lisabata-Nuniali,False,True,,no_match,lcs,exact_iso3,,no_match
lda,,,,I,L,Kla-Dan,False,True,,no_match,lda,exact_iso3,,no_match
ldb,,,,I,L,Dũya,False,True,,no_match,ldb,exact_iso3,,no_match
ldd,,,,I,L,Luri,False,True,,no_match,ldd,exact_iso3,,no_match
ldg,,,,I,L,Lenyima,False,True,,no_match,ldg,exact_iso3,,no_match
ldh,,,,I,L,Lamja-Dengsa-Tola,False,True,,no_match,ldh,exact_iso3,,no_match
ldi,,,,I,L,Laari,False,True,ldi_Latn,exact,ldi,exact_iso3,,no_match
ldj,,,,I,L,Lemoro,False,True,,no_match,ldj,exact_iso3,,no_match
ldk,,,,I,L,Leelau,False,True,,no_match,ldk,exact_iso3,,no_match
ldl,,,,I,L,Kaan,False,True,,no_match,ldl,exact_iso3,,no_match
ldm,,,,I,L,Landoma,False,True,,no_match,ldm,exact_iso3,,no_match
ldn,,,,I,C,Láadan,False,False,ldn_Latn,exact,ldn,exact_iso3,,no_match
ldo,,,,I,L,Loo,False,True,,no_match,ldo,exact_iso3,,no_match
ldp,,,,I,L,Tso,False,True,,no_match,ldp,exact_iso3,,no_match
ldq,,,,I,L,Lufu,False,True,,no_match,ldq,exact_iso3,,no_match
lea,,,,I,L,Lega-Shabunda,False,True,,no_match,lea,exact_iso3,,no_match
leb,,,,I,L,Lala-Bisa,False,True,,no_match,leb,exact_iso3,,no_match
lec,,,,I,L,Leco,False,True,,no_match,lec,exact_iso3,,no_match
led,,,,I,L,Lendu,False,True,,no_match,led,exact_iso3,led,exact_iso3
lee,,,,I,L,Lyélé,False,True,lee_Latn,exact,lee,exact_iso3,,no_match
lef,,,,I,L,Lelemi,False,True,lef_Latn,exact,lef,exact_iso3,,no_match
leh,,,,I,L,Lenje,False,True,leh_Latn,exact,leh,exact_iso3,,no_match
lei,,,,I,L,Lemio,False,True,,no_match,lei,exact_iso3,,no_match
lej,,,,I,L,Lengola,False,True,,no_match,lej,exact_iso3,,no_match
lek,,,,I,L,Leipon,False,True,,no_match,lek,exact_iso3,,no_match
lel,,,,I,L,Lele (Democratic Republic of Congo),False,True,,no_match,lel,exact_iso3,,no_match
lem,,,,I,L,Nomaande,False,True,lem_Latn,exact,lem,exact_iso3,,no_match
len,,,,I,E,Lenca,False,False,,no_match,len,exact_iso3,,no_match
leo,,,,I,L,Leti (Cameroon),False,True,,no_match,leo,exact_iso3,,no_match
lep,,,,I,L,Lepcha,False,True,,no_match,lep,exact_iso3,,no_match
leq,,,,I,L,Lembena,False,True,,no_match,leq,exact_iso3,,no_match
ler,,,,I,L,Lenkau,False,True,,no_match,ler,exact_iso3,,no_match
les,,,,I,L,Lese,False,True,,no_match,les,exact_iso3,,no_match
let,,,,I,L,Lesing-Gelimi,False,True,,no_match,let,exact_iso3,,no_match
leu,,,,I,L,Kara (Papua New Guinea),False,True,leu_Latn,exact,leu,exact_iso3,leu,exact_iso3
lev,,,,I,L,Lamma,False,True,,no_match,lev,exact_iso3,,no_match
lew,,,,I,L,Ledo Kaili,False,True,lew_Latn,exact,lew,exact_iso3,,no_match
lex,,,,I,L,Luang,False,True,lex_Latn,exact,lex,exact_iso3,,no_match
ley,,,,I,L,Lemolang,False,True,,no_match,ley,exact_iso3,,no_match
lez,lez,lez,,I,L,Lezghian,False,True,lez_Cyrl,exact,lez,exact_iso3,,no_match
lfa,,,,I,L,Lefa,False,True,,no_match,lfa,exact_iso3,,no_match
lfb,,,,I,L,Buu (Cameroon),False,True,,no_match,,no_match,,no_match
lfn,,,,I,C,Lingua Franca Nova,False,False,lfn_Cyrl;lfn_Latn,multi_script,lfn,exact_iso3,,no_match
lga,,,,I,L,Lungga,False,True,,no_match,lga,exact_iso3,,no_match
lgb,,,,I,L,Laghu,False,True,,no_match,lgb,exact_iso3,,no_match
lgg,,,,I,L,Lugbara,False,True,lgg_Latn,exact,lgg,exact_iso3,,no_match
lgh,,,,I,L,Laghuu,False,True,,no_match,lgh,exact_iso3,,no_match
lgi,,,,I,L,Lengilu,False,True,,no_match,lgi,exact_iso3,,no_match
lgk,,,,I,L,Lingarak,False,True,,no_match,lgk,exact_iso3,,no_match
lgl,,,,I,L,Wala,False,True,lgl_Latn,exact,lgl,exact_iso3,,no_match
lgm,,,,I,L,Lega-Mwenga,False,True,lgm_Latn,exact,lgm,exact_iso3,,no_match
lgn,,,,I,L,T'apo,False,True,,no_match,lgn,exact_iso3,,no_match
lgo,,,,I,L,Lango (South Sudan),False,True,,no_match,lgo,exact_iso3,,no_match
lgq,,,,I,L,Logba,False,True,,no_match,lgq,exact_iso3,,no_match
lgr,,,,I,L,Lengo,False,True,,no_match,lgr,exact_iso3,,no_match
lgs,,,,I,L,Guinea-Bissau Sign Language,False,True,,no_match,,no_match,,no_match
lgt,,,,I,L,Pahi,False,True,,no_match,lgt,exact_iso3,,no_match
lgu,,,,I,L,Longgu,False,True,,no_match,lgu,exact_iso3,,no_match
lgz,,,,I,L,Ligenza,False,True,,no_match,lgz,exact_iso3,,no_match
lha,,,,I,L,Laha (Viet Nam),False,True,,no_match,lha,exact_iso3,,no_match
lhh,,,,I,L,Laha (Indonesia),False,True,,no_match,lhh,exact_iso3,,no_match
lhi,,,,I,L,Lahu Shi,False,True,lhi_Latn,exact,lhi,exact_iso3,,no_match
lhl,,,,I,L,Lahul Lohar,False,True,,no_match,lhl,exact_iso3,,no_match
lhm,,,,I,L,Lhomi,False,True,,no_match,lhm,exact_iso3,,no_match
lhn,,,,I,L,Lahanan,False,True,,no_match,lhn,exact_iso3,,no_match
lhp,,,,I,L,Lhokpu,False,True,,no_match,lhp,exact_iso3,,no_match
lhs,,,,I,E,Mlahsö,False,False,,no_match,lhs,exact_iso3,,no_match
lht,,,,I,L,Lo-Toga,False,True,,no_match,lht,exact_iso3,,no_match
lhu,,,,I,L,Lahu,False,True,lhu_Latn,exact,lhu,exact_iso3,,no_match
lia,,,,I,L,West-Central Limba,False,True,lia_Latn,exact,lia,exact_iso3,,no_match
lib,,,,I,L,Likum,False,True,,no_match,lib,exact_iso3,,no_match
lic,,,,I,L,Hlai,False,True,,no_match,lic,exact_iso3,,no_match
lid,,,,I,L,Nyindrou,False,True,lid_Latn,exact,lid,exact_iso3,,no_match
lie,,,,I,L,Likila,False,True,,no_match,lie,exact_iso3,,no_match
lif,,,,I,L,Limbu,False,True,lif_Deva;lif_Limb,multi_script,lif,exact_iso3,,no_match
lig,,,,I,L,Ligbi,False,True,,no_match,lig,exact_iso3,,no_match
lih,,,,I,L,Lihir,False,True,,no_match,lih,exact_iso3,,no_match
lij,,,,I,L,Ligurian,False,True,lij_Latn,exact,lij,exact_iso3,lij,exact_iso3
lik,,,,I,L,Lika,False,True,,no_match,lik,exact_iso3,,no_match
lil,,,,I,L,Lillooet,False,True,,no_match,lil,exact_iso3,,no_match
lim,lim,lim,li,I,L,Limburgan,False,True,lim_Latn,exact,lim;li,matched_multiple:iso3+iso1,,no_match
lin,lin,lin,ln,I,L,Lingala,False,True,lin_Latn,exact,lin;ln,matched_multiple:iso3+iso1,ln,matched_via_bcp47
lio,,,,I,L,Liki,False,True,,no_match,lio,exact_iso3,,no_match
lip,,,,I,L,Sekpele,False,True,lip_Latn,exact,lip,exact_iso3,,no_match
liq,,,,I,L,Libido,False,True,,no_match,liq,exact_iso3,,no_match
lir,,,,I,L,Liberian English,False,True,,no_match,lir,exact_iso3,,no_match
lis,,,,I,L,Lisu,False,True,lis_Lisu,exact,lis,exact_iso3,,no_match
lit,lit,lit,lt,I,L,Lithuanian,False,True,lit_Latn,exact,lit;lt,matched_multiple:iso3+iso1,lt,matched_via_bcp47
liu,,,,I,L,Logorik,False,True,,no_match,liu,exact_iso3,,no_match
liv,,,,I,L,Liv,False,True,liv_Latn,exact,liv,exact_iso3,,no_match
liw,,,,I,L,Col,False,True,,no_match,liw,exact_iso3,,no_match
lix,,,,I,L,Liabuku,False,True,,no_match,lix,exact_iso3,,no_match
liy,,,,I,L,Banda-Bambari,False,True,,no_match,liy,exact_iso3,,no_match
liz,,,,I,L,Libinza,False,True,,no_match,liz,exact_iso3,,no_match
lja,,,,I,E,Golpa,False,False,,no_match,lja,exact_iso3,,no_match
lje,,,,I,L,Rampi,False,True,,no_match,lje,exact_iso3,,no_match
lji,,,,I,L,Laiyolo,False,True,,no_match,lji,exact_iso3,,no_match
ljl,,,,I,L,Li'o,False,True,,no_match,ljl,exact_iso3,,no_match
ljp,,,,I,L,Lampung Api,False,True,ljp_Latn,exact,ljp,exact_iso3,,no_match
ljw,,,,I,L,Yirandali,False,True,,no_match,ljw,exact_iso3,,no_match
ljx,,,,I,E,Yuru,False,False,,no_match,ljx,exact_iso3,,no_match
lka,,,,I,L,Lakalei,False,True,,no_match,lka,exact_iso3,,no_match
lkb,,,,I,L,Kabras,False,True,,no_match,lkb,exact_iso3,,no_match
lkc,,,,I,L,Kucong,False,True,,no_match,lkc,exact_iso3,,no_match
lkd,,,,I,L,Lakondê,False,True,,no_match,lkd,exact_iso3,,no_match
lke,,,,I,L,Kenyi,False,True,,no_match,lke,exact_iso3,lke,exact_iso3
lkh,,,,I,L,Lakha,False,True,,no_match,lkh,exact_iso3,,no_match
lki,,,,I,L,Laki,False,True,lki_Arab,exact,lki,exact_iso3,,no_match
lkj,,,,I,L,Remun,False,True,,no_match,lkj,exact_iso3,,no_match
lkl,,,,I,L,Laeko-Libuat,False,True,,no_match,lkl,exact_iso3,,no_match
lkm,,,,I,E,Kalaamaya,False,False,,no_match,lkm,exact_iso3,,no_match
lkn,,,,I,L,Lakon,False,True,,no_match,lkn,exact_iso3,,no_match
lko,,,,I,L,Khayo,False,True,,no_match,lko,exact_iso3,,no_match
lkr,,,,I,L,Päri,False,True,,no_match,lkr,exact_iso3,,no_match
lks,,,,I,L,Kisa,False,True,,no_match,lks,exact_iso3,,no_match
lkt,,,,I,L,Lakota,False,True,,no_match,lkt,exact_iso3,,no_match
lku,,,,I,E,Kungkari,False,False,,no_match,lku,exact_iso3,,no_match
lky,,,,I,L,Lokoya,False,True,,no_match,lky,exact_iso3,,no_match
lla,,,,I,L,Lala-Roba,False,True,,no_match,lla,exact_iso3,,no_match
llb,,,,I,L,Lolo,False,True,llb_Latn,exact,llb,exact_iso3,,no_match
llc,,,,I,L,Lele (Guinea),False,True,,no_match,llc,exact_iso3,,no_match
lld,,,,I,L,Ladin,False,True,lld_Latn,exact,lld,exact_iso3,lld,exact_iso3
lle,,,,I,L,Lele (Papua New Guinea),False,True,,no_match,lle,exact_iso3,,no_match
llf,,,,I,E,Hermit,False,False,,no_match,llf,exact_iso3,,no_match
llg,,,,I,L,Lole,False,True,llg_Latn,exact,llg,exact_iso3,,no_match
llh,,,,I,L,Lamu,False,True,,no_match,llh,exact_iso3,,no_match
lli,,,,I,L,Teke-Laali,False,True,,no_match,lli,exact_iso3,,no_match
llj,,,,I,E,Ladji Ladji,False,False,,no_match,llj,exact_iso3,,no_match
llk,,,,I,E,Lelak,False,False,,no_match,llk,exact_iso3,,no_match
lll,,,,I,L,Lilau,False,True,,no_match,lll,exact_iso3,,no_match
llm,,,,I,L,Lasalimu,False,True,,no_match,llm,exact_iso3,,no_match
lln,,,,I,L,Lele (Chad),False,True,lln_Latn,exact,lln,exact_iso3,,no_match
llp,,,,I,L,North Efate,False,True,,no_match,llp,exact_iso3,,no_match
llq,,,,I,L,Lolak,False,True,,no_match,llq,exact_iso3,,no_match
lls,,,,I,L,Lithuanian Sign Language,False,True,,no_match,lls,exact_iso3,,no_match
llu,,,,I,L,Lau,False,True,,no_match,llu,exact_iso3,,no_match
llx,,,,I,L,Lauan,False,True,,no_match,llx,exact_iso3,,no_match
lma,,,,I,L,East Limba,False,True,,no_match,lma,exact_iso3,,no_match
lmb,,,,I,L,Merei,False,True,,no_match,lmb,exact_iso3,,no_match
lmc,,,,I,E,Limilngan,False,False,,no_match,lmc,exact_iso3,,no_match
lmd,,,,I,L,Lumun,False,True,,no_match,lmd,exact_iso3,,no_match
lme,,,,I,L,Pévé,False,True,,no_match,lme,exact_iso3,,no_match
lmf,,,,I,L,South Lembata,False,True,,no_match,lmf,exact_iso3,,no_match
lmg,,,,I,L,Lamogai,False,True,,no_match,lmg,exact_iso3,,no_match
lmh,,,,I,L,Lambichhong,False,True,,no_match,lmh,exact_iso3,,no_match
lmi,,,,I,L,Lombi,False,True,,no_match,lmi,exact_iso3,,no_match
lmj,,,,I,L,West Lembata,False,True,,no_match,lmj,exact_iso3,,no_match
lmk,,,,I,L,Lamkang,False,True,lmk_Latn,exact,lmk,exact_iso3,,no_match
lml,,,,I,L,Hano,False,True,,no_match,lml,exact_iso3,,no_match
lmn,,,,I,L,Lambadi,False,True,,no_match,lmn,exact_iso3,,no_match
lmo,,,,I,L,Lombard,False,True,lmo_Latn,exact,lmo,exact_iso3,,no_match
lmp,,,,I,L,Limbum,False,True,lmp_Latn,exact,lmp,exact_iso3,,no_match
lmq,,,,I,L,Lamatuka,False,True,,no_match,lmq,exact_iso3,,no_match
lmr,,,,I,L,Lamalera,False,True,,no_match,lmr,exact_iso3,,no_match
lmu,,,,I,L,Lamenu,False,True,,no_match,lmu,exact_iso3,,no_match
lmv,,,,I,L,Lomaiviti,False,True,,no_match,lmv,exact_iso3,,no_match
lmw,,,,I,L,Lake Miwok,False,True,,no_match,lmw,exact_iso3,,no_match
lmx,,,,I,L,Laimbue,False,True,,no_match,lmx,exact_iso3,,no_match
lmy,,,,I,L,Lamboya,False,True,,no_match,lmy,exact_iso3,,no_match
lna,,,,I,L,Langbashe,False,True,,no_match,lna,exact_iso3,,no_match
lnb,,,,I,L,Mbalanhu,False,True,,no_match,lnb,exact_iso3,,no_match
lnd,,,,I,L,Lundayeh,False,True,lnd_Latn,exact,lnd,exact_iso3,,no_match
lng,,,,I,H,Langobardic,False,False,,no_match,lng,exact_iso3,,no_match
lnh,,,,I,L,Lanoh,False,True,,no_match,lnh,exact_iso3,,no_match
lni,,,,I,L,Daantanai',False,True,,no_match,lni,exact_iso3,,no_match
lnj,,,,I,E,Leningitij,False,False,,no_match,lnj,exact_iso3,,no_match
lnl,,,,I,L,South Central Banda,False,True,,no_match,lnl,exact_iso3,,no_match
lnm,,,,I,L,Langam,False,True,,no_match,lnm,exact_iso3,,no_match
lnn,,,,I,L,Lorediakarkar,False,True,,no_match,lnn,exact_iso3,,no_match
lns,,,,I,L,Lamnso',False,True,,no_match,lns,exact_iso3,,no_match
lnu,,,,I,L,Longuda,False,True,,no_match,lnu,exact_iso3,,no_match
lnw,,,,I,E,Lanima,False,False,,no_match,lnw,exact_iso3,,no_match
lnz,,,,I,L,Lonzo,False,True,,no_match,lnz,exact_iso3,,no_match
loa,,,,I,L,Loloda,False,True,,no_match,loa,exact_iso3,,no_match
lob,,,,I,L,Lobi,False,True,lob_Latn,exact,lob,exact_iso3,,no_match
loc,,,,I,L,Inonhan,False,True,,no_match,loc,exact_iso3,,no_match
loe,,,,I,L,Saluan,False,True,loe_Latn,exact,loe,exact_iso3,,no_match
lof,,,,I,L,Logol,False,True,,no_match,lof,exact_iso3,,no_match
log,,,,I,L,Logo,False,True,log_Latn,exact,log,exact_iso3,,no_match
loh,,,,I,L,Laarim,False,True,,no_match,loh,exact_iso3,,no_match
loi,,,,I,L,Loma (Côte d'Ivoire),False,True,,no_match,loi,exact_iso3,,no_match
loj,,,,I,L,Lou,False,True,,no_match,loj,exact_iso3,,no_match
lok,,,,I,L,Loko,False,True,lok_Latn,exact,lok,exact_iso3,,no_match
lol,lol,lol,,I,L,Mongo,False,True,lol_Latn,exact,lol,exact_iso3,,no_match
lom,,,,I,L,Loma (Liberia),False,True,lom_Latn,exact,lom,exact_iso3,,no_match
lon,,,,I,L,Malawi Lomwe,False,True,,no_match,lon,exact_iso3,,no_match
loo,,,,I,L,Lombo,False,True,,no_match,loo,exact_iso3,,no_match
lop,,,,I,L,Lopa,False,True,,no_match,lop,exact_iso3,,no_match
loq,,,,I,L,Lobala,False,True,loq_Latn,exact,loq,exact_iso3,,no_match
lor,,,,I,L,Téén,False,True,,no_match,lor,exact_iso3,,no_match
los,,,,I,L,Loniu,False,True,,no_match,los,exact_iso3,,no_match
lot,,,,I,L,Otuho,False,True,,no_match,lot,exact_iso3,,no_match
lou,,,,I,L,Louisiana Creole,False,True,,no_match,lou,exact_iso3,,no_match
lov,,,,I,L,Lopi,False,True,,no_match,lov,exact_iso3,,no_match
low,,,,I,L,Tampias Lobu,False,True,,no_match,low,exact_iso3,,no_match
lox,,,,I,L,Loun,False,True,,no_match,lox,exact_iso3,,no_match
loy,,,,I,L,Loke,False,True,,no_match,loy,exact_iso3,,no_match
loz,loz,loz,,I,L,Lozi,False,True,loz_Latn,exact,loz,exact_iso3,,no_match
lpa,,,,I,L,Lelepa,False,True,,no_match,lpa,exact_iso3,,no_match
lpe,,,,I,L,Lepki,False,True,,no_match,lpe,exact_iso3,,no_match
lpn,,,,I,L,Long Phuri Naga,False,True,,no_match,lpn,exact_iso3,,no_match
lpo,,,,I,L,Lipo,False,True,,no_match,lpo,exact_iso3,,no_match
lpx,,,,I,L,Lopit,False,True,,no_match,lpx,exact_iso3,,no_match
lqr,,,,I,L,Logir,False,True,,no_match,lqr,exact_iso3,,no_match
lra,,,,I,L,Rara Bakati',False,True,,no_match,lra,exact_iso3,,no_match
lrc,,,,I,L,Northern Luri,False,True,lrc_Arab,exact,lrc,exact_iso3,,no_match
lre,,,,I,E,Laurentian,False,False,,no_match,lre,exact_iso3,,no_match
lrg,,,,I,E,Laragia,False,False,,no_match,lrg,exact_iso3,,no_match
lri,,,,I,L,Marachi,False,True,,no_match,lri,exact_iso3,,no_match
lrk,,,,I,L,Loarki,False,True,,no_match,lrk,exact_iso3,lrk,exact_iso3
lrl,,,,I,L,Lari,False,True,,no_match,lrl,exact_iso3,lrl,exact_iso3
lrm,,,,I,L,Marama,False,True,,no_match,lrm,exact_iso3,,no_match
lrn,,,,I,L,Lorang,False,True,,no_match,lrn,exact_iso3,,no_match
lro,,,,I,L,Laro,False,True,,no_match,lro,exact_iso3,,no_match
lrr,,,,I,L,Southern Yamphu,False,True,,no_match,lrr,exact_iso3,,no_match
lrt,,,,I,L,Larantuka Malay,False,True,,no_match,lrt,exact_iso3,,no_match
lrv,,,,I,L,Larevat,False,True,,no_match,lrv,exact_iso3,,no_match
lrz,,,,I,L,Lemerig,False,True,,no_match,lrz,exact_iso3,,no_match
lsa,,,,I,L,Lasgerdi,False,True,,no_match,lsa,exact_iso3,,no_match
lsb,,,,I,L,Burundian Sign Language,False,True,,no_match,lsb,exact_iso3,,no_match
lsc,,,,I,L,Albarradas Sign Language,False,True,,no_match,lsc,exact_iso3,,no_match
lsd,,,,I,L,Lishana Deni,False,True,,no_match,lsd,exact_iso3,,no_match
lse,,,,I,L,Lusengo,False,True,,no_match,lse,exact_iso3,,no_match
lsh,,,,I,L,Lish,False,True,,no_match,lsh,exact_iso3,,no_match
lsi,,,,I,L,Lashi,False,True,lsi_Latn,exact,lsi,exact_iso3,,no_match
lsl,,,,I,L,Latvian Sign Language,False,True,,no_match,lsl,exact_iso3,,no_match
lsm,,,,I,L,Saamia,False,True,lsm_Latn,exact,lsm,exact_iso3,,no_match
lsn,,,,I,L,Tibetan Sign Language,False,True,,no_match,lsn,exact_iso3,,no_match
lso,,,,I,L,Laos Sign Language,False,True,,no_match,lso,exact_iso3,,no_match
lsp,,,,I,L,Panamanian Sign Language,False,True,,no_match,lsp,exact_iso3,,no_match
lsr,,,,I,L,Aruop,False,True,,no_match,lsr,exact_iso3,,no_match
lss,,,,I,L,Lasi,False,True,,no_match,lss,exact_iso3,lss,exact_iso3
lst,,,,I,L,Trinidad and Tobago Sign Language,False,True,,no_match,lst,exact_iso3,,no_match
lsv,,,,I,L,Sivia Sign Language,False,True,,no_match,lsv,exact_iso3,,no_match
lsw,,,,I,L,Seychelles Sign Language,False,True,,no_match,lsw,exact_iso3,,no_match
lsy,,,,I,L,Mauritian Sign Language,False,True,,no_match,lsy,exact_iso3,,no_match
ltc,,,,I,H,Late Middle Chinese,False,False,,no_match,ltc,exact_iso3,,no_match
ltg,,,,I,L,Latgalian,False,True,ltg_Latn,exact,ltg,exact_iso3,ltg,exact_iso3
lth,,,,I,L,Thur,False,True,,no_match,lth,exact_iso3,lth,exact_iso3
lti,,,,I,L,Leti (Indonesia),False,True,,no_match,lti,exact_iso3,,no_match
ltn,,,,I,L,Latundê,False,True,,no_match,ltn,exact_iso3,,no_match
lto,,,,I,L,Tsotso,False,True,,no_match,lto,exact_iso3,,no_match
lts,,,,I,L,Tachoni,False,True,,no_match,lts,exact_iso3,,no_match
ltu,,,,I,L,Latu,False,True,,no_match,ltu,exact_iso3,,no_match
ltz,ltz,ltz,lb,I,L,Luxembourgish,False,True,ltz_Latn,exact,ltz;lb,matched_multiple:iso3+iso1,lb,matched_via_bcp47
lua,lua,lua,,I,L,Luba-Lulua,False,True,lua_Latn,exact,lua,exact_iso3,lua,exact_iso3
lub,lub,lub,lu,I,L,Luba-Katanga,False,True,lub_Latn,exact,lub;lu,matched_multiple:iso3+iso1,,no_match
luc,,,,I,L,Aringa,False,True,luc_Latn,exact,luc,exact_iso3,,no_match
lud,,,,I,L,Ludian,False,True,lud_Latn,exact,lud,exact_iso3,,no_match
lue,,,,I,L,Luvale,False,True,lue_Latn,exact,lue,exact_iso3,,no_match
luf,,,,I,L,Laua,False,True,,no_match,luf,exact_iso3,,no_match
lug,lug,lug,lg,I,L,Ganda,False,True,lug_Latn,exact,lug;lg,matched_multiple:iso3+iso1,lg,matched_via_bcp47
luh,,,,I,L,Leizhou Chinese,False,True,,no_match,,no_match,,no_match
lui,lui,lui,,I,E,Luiseño,False,False,,no_match,lui,exact_iso3,,no_match
luj,,,,I,L,Luna,False,True,,no_match,luj,exact_iso3,,no_match
luk,,,,I,L,Lunanakha,False,True,,no_match,luk,exact_iso3,,no_match
lul,,,,I,L,Olu'bo,False,True,,no_match,lul,exact_iso3,,no_match
lum,,,,I,L,Luimbi,False,True,,no_match,lum,exact_iso3,,no_match
lun,lun,lun,,I,L,Lunda,False,True,lun_Latn,exact,lun,exact_iso3,,no_match
luo,luo,luo,,I,L,Luo (Kenya and Tanzania),False,True,luo_Latn,exact,luo,exact_iso3,luo,exact_iso3
lup,,,,I,L,Lumbu,False,True,,no_match,lup,exact_iso3,,no_match
luq,,,,I,L,Lucumi,False,True,,no_match,luq,exact_iso3,,no_match
lur,,,,I,L,Laura,False,True,,no_match,lur,exact_iso3,,no_match
lus,lus,lus,,I,L,Lushai,False,True,lus_Latn,exact,lus,exact_iso3,,no_match
lut,,,,I,E,Lushootseed,False,False,,no_match,lut,exact_iso3,,no_match
luu,,,,I,L,Lumba-Yakkha,False,True,,no_match,luu,exact_iso3,,no_match
luv,,,,I,L,Luwati,False,True,,no_match,luv,exact_iso3,,no_match
luw,,,,I,L,Luo (Cameroon),False,True,,no_match,luw,exact_iso3,,no_match
luy,,,,M,L,Luyia,True,True,,no_match,luy,exact_iso3,,no_match
luz,,,,I,L,Southern Luri,False,True,,no_match,luz,exact_iso3,,no_match
lva,,,,I,L,Maku'a,False,True,,no_match,lva,exact_iso3,,no_match
lvi,,,,I,L,Lavi,False,True,,no_match,lvi,exact_iso3,,no_match
lvk,,,,I,L,Lavukaleve,False,True,,no_match,lvk,exact_iso3,,no_match
lvl,,,,I,L,Lwel,False,True,,no_match,,no_match,,no_match
lvs,,,,I,L,Standard Latvian,False,True,lvs_Latn,exact,lvs,exact_iso3,,no_match
lvu,,,,I,L,Levuka,False,True,,no_match,lvu,exact_iso3,,no_match
lwa,,,,I,L,Lwalu,False,True,,no_match,lwa,exact_iso3,,no_match
lwe,,,,I,L,Lewo Eleng,False,True,,no_match,lwe,exact_iso3,,no_match
lwg,,,,I,L,Wanga,False,True,lwg_Latn,exact,lwg,exact_iso3,,no_match
lwh,,,,I,L,White Lachi,False,True,,no_match,lwh,exact_iso3,,no_match
lwl,,,,I,L,Eastern Lawa,False,True,,no_match,lwl,exact_iso3,,no_match
lwm,,,,I,L,Laomian,False,True,,no_match,lwm,exact_iso3,,no_match
lwo,,,,I,L,Luwo,False,True,lwo_Latn,exact,lwo,exact_iso3,,no_match
lws,,,,I,L,Malawian Sign Language,False,True,,no_match,lws,exact_iso3,,no_match
lwt,,,,I,L,Lewotobi,False,True,,no_match,lwt,exact_iso3,,no_match
lwu,,,,I,L,Lawu,False,True,,no_match,lwu,exact_iso3,,no_match
lww,,,,I,L,Lewo,False,True,lww_Latn,exact,lww,exact_iso3,,no_match
lxm,,,,I,L,Lakurumau,False,True,,no_match,lxm,exact_iso3,,no_match
lya,,,,I,L,Layakha,False,True,,no_match,lya,exact_iso3,,no_match
lyg,,,,I,L,Lyngngam,False,True,,no_match,lyg,exact_iso3,,no_match
lyn,,,,I,L,Luyana,False,True,,no_match,lyn,exact_iso3,,no_match
lzh,,,,I,H,Literary Chinese,False,False,lzh_Hani,exact,lzh,exact_iso3,,no_match
lzl,,,,I,L,Litzlitz,False,True,,no_match,lzl,exact_iso3,,no_match
lzn,,,,I,L,Leinong Naga,False,True,,no_match,lzn,exact_iso3,,no_match
lzz,,,,I,L,Laz,False,True,,no_match,lzz,exact_iso3,lzz,exact_iso3
maa,,,,I,L,San Jerónimo Tecóatl Mazatec,False,True,maa_Latn,exact,maa,exact_iso3,,no_match
mab,,,,I,L,Yutanduchi Mixtec,False,True,,no_match,mab,exact_iso3,,no_match
mad,mad,mad,,I,L,Madurese,False,True,mad_Latn,exact,mad,exact_iso3,,no_match
mae,,,,I,L,Bo-Rukul,False,True,,no_match,mae,exact_iso3,,no_match
maf,,,,I,L,Mafa,False,True,maf_Latn,exact,maf,exact_iso3,,no_match
mag,mag,mag,,I,L,Magahi,False,True,mag_Deva,exact,mag,exact_iso3,,no_match
mah,mah,mah,mh,I,L,Marshallese,False,True,mah_Latn,exact,mah;mh,matched_multiple:iso3+iso1,,no_match
mai,mai,mai,,I,L,Maithili,False,True,mai_Deva,exact,mai,exact_iso3,mai,exact_iso3
maj,,,,I,L,Jalapa De Díaz Mazatec,False,True,maj_Latn,exact,maj,exact_iso3,,no_match
mak,mak,mak,,I,L,Makasar,False,True,mak_Latn,exact,mak,exact_iso3,,no_match
mal,mal,mal,ml,I,L,Malayalam,False,True,mal_Latn;mal_Mlym,multi_script,mal;ml,matched_multiple:iso3+iso1,ml,matched_via_bcp47
mam,,,,I,L,Mam,False,True,mam_Latn,exact,mam,exact_iso3,,no_match
man,man,man,,M,L,Mandingo,True,True,,no_match,man,exact_iso3,,no_match
maq,,,,I,L,Chiquihuitlán Mazatec,False,True,maq_Latn,exact,maq,exact_iso3,,no_match
mar,mar,mar,mr,I,L,Marathi,False,True,mar_Deva;mar_Latn,multi_script,mar;mr,matched_multiple:iso3+iso1,mr,matched_via_bcp47
mas,mas,mas,,I,L,Masai,False,True,mas_Latn,exact,mas,exact_iso3,,no_match
mat,,,,I,L,San Francisco Matlatzinca,False,True,,no_match,mat,exact_iso3,,no_match
mau,,,,I,L,Huautla Mazatec,False,True,mau_Latn,exact,mau,exact_iso3,mau,exact_iso3
mav,,,,I,L,Sateré-Mawé,False,True,mav_Latn,exact,mav,exact_iso3,,no_match
maw,,,,I,L,Mampruli,False,True,maw_Latn,exact,maw,exact_iso3,,no_match
max,,,,I,L,North Moluccan Malay,False,True,,no_match,max,exact_iso3,,no_match
maz,,,,I,L,Central Mazahua,False,True,maz_Latn,exact,maz,exact_iso3,,no_match
mba,,,,I,L,Higaonon,False,True,,no_match,mba,exact_iso3,,no_match
mbb,,,,I,L,Western Bukidnon Manobo,False,True,mbb_Latn,exact,mbb,exact_iso3,,no_match
mbc,,,,I,L,Macushi,False,True,mbc_Latn,exact,mbc,exact_iso3,,no_match
mbd,,,,I,L,Dibabawon Manobo,False,True,mbd_Latn,exact,mbd,exact_iso3,,no_match
mbe,,,,I,E,Molale,False,False,,no_match,mbe,exact_iso3,,no_match
mbf,,,,I,L,Baba Malay,False,True,mbf_Latn,exact,mbf,exact_iso3,mbf,exact_iso3
mbh,,,,I,L,Mangseng,False,True,mbh_Latn,exact,mbh,exact_iso3,,no_match
mbi,,,,I,L,Ilianen Manobo,False,True,mbi_Latn,exact,mbi,exact_iso3,,no_match
mbj,,,,I,L,Nadëb,False,True,mbj_Latn,exact,mbj,exact_iso3,,no_match
mbk,,,,I,L,Malol,False,True,,no_match,mbk,exact_iso3,,no_match
mbl,,,,I,L,Maxakalí,False,True,mbl_Latn,exact,mbl,exact_iso3,,no_match
mbm,,,,I,L,Ombamba,False,True,,no_match,mbm,exact_iso3,,no_match
mbn,,,,I,L,Macaguán,False,True,,no_match,mbn,exact_iso3,,no_match
mbo,,,,I,L,Mbo (Cameroon),False,True,,no_match,mbo,exact_iso3,mbo,exact_iso3
mbp,,,,I,L,Malayo,False,True,,no_match,mbp,exact_iso3,,no_match
mbq,,,,I,L,Maisin,False,True,,no_match,mbq,exact_iso3,,no_match
mbr,,,,I,L,Nukak Makú,False,True,,no_match,mbr,exact_iso3,,no_match
mbs,,,,I,L,Sarangani Manobo,False,True,mbs_Latn,exact,mbs,exact_iso3,,no_match
mbt,,,,I,L,Matigsalug Manobo,False,True,mbt_Latn,exact,mbt,exact_iso3,,no_match
mbu,,,,I,L,Mbula-Bwazza,False,True,,no_match,mbu,exact_iso3,,no_match
mbv,,,,I,L,Mbulungish,False,True,,no_match,mbv,exact_iso3,,no_match
mbw,,,,I,L,Maring,False,True,,no_match,mbw,exact_iso3,,no_match
mbx,,,,I,L,Mari (East Sepik Province),False,True,,no_match,mbx,exact_iso3,,no_match
mby,,,,I,L,Memoni,False,True,,no_match,mby,exact_iso3,,no_match
mbz,,,,I,L,Amoltepec Mixtec,False,True,,no_match,mbz,exact_iso3,,no_match
mca,,,,I,L,Maca,False,True,mca_Latn,exact,mca,exact_iso3,,no_match
mcb,,,,I,L,Machiguenga,False,True,mcb_Latn,exact,mcb,exact_iso3,,no_match
mcc,,,,I,L,Bitur,False,True,,no_match,mcc,exact_iso3,,no_match
mcd,,,,I,L,Sharanahua,False,True,mcd_Latn,exact,mcd,exact_iso3,,no_match
mce,,,,I,L,Itundujia Mixtec,False,True,,no_match,mce,exact_iso3,,no_match
mcf,,,,I,L,Matsés,False,True,mcf_Latn,exact,mcf,exact_iso3,mcf,exact_iso3
mcg,,,,I,L,Mapoyo,False,True,,no_match,mcg,exact_iso3,,no_match
mch,,,,I,L,Maquiritari,False,True,,no_match,mch,exact_iso3,,no_match
mci,,,,I,L,Mese,False,True,,no_match,mci,exact_iso3,,no_match
mcj,,,,I,L,Mvanip,False,True,,no_match,mcj,exact_iso3,,no_match
mck,,,,I,L,Mbunda,False,True,mck_Latn,exact,mck,exact_iso3,,no_match
mcl,,,,I,E,Macaguaje,False,False,,no_match,mcl,exact_iso3,,no_match
mcm,,,,I,L,Malaccan Creole Portuguese,False,True,,no_match,mcm,exact_iso3,,no_match
mcn,,,,I,L,Masana,False,True,mcn_Latn,exact,mcn,exact_iso3,mcn,exact_iso3
mco,,,,I,L,Coatlán Mixe,False,True,mco_Latn,exact,mco,exact_iso3,,no_match
mcp,,,,I,L,Makaa,False,True,mcp_Latn,exact,mcp,exact_iso3,,no_match
mcq,,,,I,L,Ese,False,True,mcq_Latn,exact,mcq,exact_iso3,,no_match
mcr,,,,I,L,Menya,False,True,,no_match,mcr,exact_iso3,,no_match
mcs,,,,I,L,Mambai,False,True,,no_match,mcs,exact_iso3,,no_match
mct,,,,I,L,Mengisa,False,True,,no_match,mct,exact_iso3,,no_match
mcu,,,,I,L,Cameroon Mambila,False,True,mcu_Latn,exact,mcu,exact_iso3,,no_match
mcv,,,,I,L,Minanibai,False,True,,no_match,mcv,exact_iso3,,no_match
mcw,,,,I,L,Mawa (Chad),False,True,,no_match,mcw,exact_iso3,,no_match
mcx,,,,I,L,Mpiemo,False,True,,no_match,mcx,exact_iso3,mcx,exact_iso3
mcy,,,,I,L,South Watut,False,True,,no_match,mcy,exact_iso3,,no_match
mcz,,,,I,L,Mawan,False,True,,no_match,mcz,exact_iso3,,no_match
mda,,,,I,L,Mada (Nigeria),False,True,mda_Latn,exact,mda,exact_iso3,,no_match
mdb,,,,I,L,Morigi,False,True,,no_match,mdb,exact_iso3,,no_match
mdc,,,,I,L,Soq,False,True,,no_match,mdc,exact_iso3,,no_match
mdd,,,,I,L,Mbum,False,True,,no_match,mdd,exact_iso3,mdd,exact_iso3
mde,,,,I,L,Maba (Chad),False,True,,no_match,mde,exact_iso3,,no_match
mdf,mdf,mdf,,I,L,Moksha,False,True,mdf_Cyrl,exact,mdf,exact_iso3,mdf,exact_iso3
mdg,,,,I,L,Massalat,False,True,,no_match,mdg,exact_iso3,,no_match
mdh,,,,I,L,Maguindanaon,False,True,,no_match,mdh,exact_iso3,,no_match
mdi,,,,I,L,Mamvu,False,True,,no_match,mdi,exact_iso3,,no_match
mdj,,,,I,L,Mangbetu,False,True,,no_match,mdj,exact_iso3,,no_match
mdk,,,,I,L,Mangbutu,False,True,,no_match,mdk,exact_iso3,,no_match
mdl,,,,I,L,Maltese Sign Language,False,True,,no_match,mdl,exact_iso3,,no_match
mdm,,,,I,L,Mayogo,False,True,,no_match,mdm,exact_iso3,,no_match
mdn,,,,I,L,Mbati,False,True,,no_match,mdn,exact_iso3,,no_match
mdp,,,,I,L,Mbala,False,True,,no_match,mdp,exact_iso3,,no_match
mdq,,,,I,L,Mbole,False,True,,no_match,mdq,exact_iso3,,no_match
mdr,mdr,mdr,,I,L,Mandar,False,True,,no_match,mdr,exact_iso3,,no_match
mds,,,,I,L,Maria (Papua New Guinea),False,True,,no_match,mds,exact_iso3,,no_match
mdt,,,,I,L,Mbere,False,True,,no_match,mdt,exact_iso3,,no_match
mdu,,,,I,L,Mboko,False,True,,no_match,mdu,exact_iso3,,no_match
mdv,,,,I,L,Santa Lucía Monteverde Mixtec,False,True,,no_match,mdv,exact_iso3,,no_match
mdw,,,,I,L,Mbosi,False,True,,no_match,mdw,exact_iso3,,no_match
mdx,,,,I,L,Dizin,False,True,,no_match,mdx,exact_iso3,,no_match
mdy,,,,I,L,Male,False,True,mdy_Ethi,exact,mdy,exact_iso3,,no_match
mdz,,,,I,L,Suruí Do Pará,False,True,,no_match,mdz,exact_iso3,,no_match
mea,,,,I,L,Menka,False,True,,no_match,mea,exact_iso3,,no_match
meb,,,,I,L,Ikobi,False,True,,no_match,meb,exact_iso3,,no_match
mec,,,,I,L,Marra,False,True,,no_match,mec,exact_iso3,,no_match
med,,,,I,L,Melpa,False,True,med_Latn,exact,med,exact_iso3,,no_match
mee,,,,I,L,Mengen,False,True,mee_Latn,exact,mee,exact_iso3,,no_match
mef,,,,I,L,Megam,False,True,,no_match,mef,exact_iso3,,no_match
meh,,,,I,L,Southwestern Tlaxiaco Mixtec,False,True,,no_match,meh,exact_iso3,meh,exact_iso3
mei,,,,I,L,Midob,False,True,,no_match,mei,exact_iso3,,no_match
mej,,,,I,L,Meyah,False,True,mej_Latn,exact,mej,exact_iso3,,no_match
mek,,,,I,L,Mekeo,False,True,mek_Latn,exact,mek,exact_iso3,,no_match
mel,,,,I,L,Central Melanau,False,True,,no_match,mel,exact_iso3,mel,exact_iso3
mem,,,,I,E,Mangala,False,False,,no_match,mem,exact_iso3,,no_match
men,men,men,,I,L,Mende (Sierra Leone),False,True,men_Latn,exact,men,exact_iso3,,no_match
meo,,,,I,L,Kedah Malay,False,True,,no_match,meo,exact_iso3,,no_match
mep,,,,I,L,Miriwoong,False,True,,no_match,mep,exact_iso3,,no_match
meq,,,,I,L,Merey,False,True,meq_Latn,exact,meq,exact_iso3,,no_match
mer,,,,I,L,Meru,False,True,mer_Latn,exact,mer,exact_iso3,,no_match
mes,,,,I,L,Masmaje,False,True,,no_match,mes,exact_iso3,,no_match
met,,,,I,L,Mato,False,True,met_Latn,exact,met,exact_iso3,,no_match
meu,,,,I,L,Motu,False,True,meu_Latn,exact,meu,exact_iso3,,no_match
mev,,,,I,L,Mano,False,True,mev_Latn,exact,mev,exact_iso3,,no_match
mew,,,,I,L,Maaka,False,True,,no_match,mew,exact_iso3,,no_match
mey,,,,I,L,Hassaniyya,False,True,,no_match,mey,exact_iso3,,no_match
mez,,,,I,L,Menominee,False,True,,no_match,mez,exact_iso3,,no_match
mfa,,,,I,L,Pattani Malay,False,True,,no_match,mfa,exact_iso3,,no_match
mfb,,,,I,L,Bangka,False,True,,no_match,mfb,exact_iso3,,no_match
mfc,,,,I,L,Mba,False,True,,no_match,mfc,exact_iso3,,no_match
mfd,,,,I,L,Mendankwe-Nkwen,False,True,,no_match,mfd,exact_iso3,,no_match
mfe,,,,I,L,Morisyen,False,True,mfe_Latn,exact,mfe,exact_iso3,mfe,exact_iso3
mff,,,,I,L,Naki,False,True,,no_match,mff,exact_iso3,,no_match
mfg,,,,I,L,Mogofin,False,True,mfg_Latn,exact,mfg,exact_iso3,,no_match
mfh,,,,I,L,Matal,False,True,mfh_Latn,exact,mfh,exact_iso3,,no_match
mfi,,,,I,L,Wandala,False,True,mfi_Latn,exact,mfi,exact_iso3,,no_match
mfj,,,,I,L,Mefele,False,True,,no_match,mfj,exact_iso3,,no_match
mfk,,,,I,L,North Mofu,False,True,mfk_Latn,exact,mfk,exact_iso3,,no_match
mfl,,,,I,L,Putai,False,True,,no_match,mfl,exact_iso3,,no_match
mfm,,,,I,L,Marghi South,False,True,,no_match,mfm,exact_iso3,,no_match
mfn,,,,I,L,Cross River Mbembe,False,True,,no_match,mfn,exact_iso3,,no_match
mfo,,,,I,L,Mbe,False,True,,no_match,mfo,exact_iso3,,no_match
mfp,,,,I,L,Makassar Malay,False,True,,no_match,mfp,exact_iso3,,no_match
mfq,,,,I,L,Moba,False,True,mfq_Latn,exact,mfq,exact_iso3,,no_match
mfr,,,,I,L,Marrithiyel,False,True,,no_match,mfr,exact_iso3,,no_match
mfs,,,,I,L,Mexican Sign Language,False,True,,no_match,mfs,exact_iso3,,no_match
mft,,,,I,L,Mokerang,False,True,,no_match,mft,exact_iso3,,no_match
mfu,,,,I,L,Mbwela,False,True,,no_match,mfu,exact_iso3,,no_match
mfv,,,,I,L,Mandjak,False,True,,no_match,mfv,exact_iso3,,no_match
mfw,,,,I,E,Mulaha,False,False,,no_match,mfw,exact_iso3,,no_match
mfx,,,,I,L,Melo,False,True,,no_match,mfx,exact_iso3,,no_match
mfy,,,,I,L,Mayo,False,True,mfy_Latn,exact,mfy,exact_iso3,,no_match
mfz,,,,I,L,Mabaan,False,True,mfz_Latn,exact,mfz,exact_iso3,,no_match
mga,mga,mga,,I,H,Middle Irish (900-1200),False,False,,no_match,mga,exact_iso3,,no_match
mgb,,,,I,L,Mararit,False,True,,no_match,mgb,exact_iso3,,no_match
mgc,,,,I,L,Morokodo,False,True,mgc_Latn,exact,mgc,exact_iso3,,no_match
mgd,,,,I,L,Moru,False,True,,no_match,mgd,exact_iso3,,no_match
mge,,,,I,L,Mango,False,True,,no_match,mge,exact_iso3,,no_match
mgf,,,,I,L,Maklew,False,True,,no_match,mgf,exact_iso3,,no_match
mgg,,,,I,L,Mpumpong,False,True,,no_match,mgg,exact_iso3,mgg,exact_iso3
mgh,,,,I,L,Makhuwa-Meetto,False,True,mgh_Latn,exact,mgh,exact_iso3,,no_match
mgi,,,,I,L,Lijili,False,True,,no_match,mgi,exact_iso3,,no_match
mgj,,,,I,L,Abureni,False,True,,no_match,mgj,exact_iso3,,no_match
mgk,,,,I,L,Mawes,False,True,,no_match,mgk,exact_iso3,,no_match
mgl,,,,I,L,Maleu-Kilenge,False,True,,no_match,mgl,exact_iso3,,no_match
mgm,,,,I,L,Mambae,False,True,,no_match,mgm,exact_iso3,,no_match
mgn,,,,I,L,Mbangi,False,True,,no_match,mgn,exact_iso3,,no_match
mgo,,,,I,L,Meta',False,True,mgo_Latn,exact,mgo,exact_iso3,,no_match
mgp,,,,I,L,Eastern Magar,False,True,,no_match,mgp,exact_iso3,,no_match
mgq,,,,I,L,Malila,False,True,,no_match,mgq,exact_iso3,,no_match
mgr,,,,I,L,Mambwe-Lungu,False,True,mgr_Latn,exact,mgr,exact_iso3,,no_match
mgs,,,,I,L,Manda (Tanzania),False,True,,no_match,mgs,exact_iso3,,no_match
mgt,,,,I,L,Mongol,False,True,,no_match,mgt,exact_iso3,,no_match
mgu,,,,I,L,Mailu,False,True,,no_match,mgu,exact_iso3,,no_match
mgv,,,,I,L,Matengo,False,True,,no_match,mgv,exact_iso3,,no_match
mgw,,,,I,L,Matumbi,False,True,,no_match,mgw,exact_iso3,,no_match
mgy,,,,I,L,Mbunga,False,True,,no_match,mgy,exact_iso3,,no_match
mgz,,,,I,L,Mbugwe,False,True,,no_match,mgz,exact_iso3,,no_match
mha,,,,I,L,Manda (India),False,True,,no_match,mha,exact_iso3,,no_match
mhb,,,,I,L,Mahongwe,False,True,,no_match,mhb,exact_iso3,,no_match
mhc,,,,I,L,Mocho,False,True,,no_match,mhc,exact_iso3,,no_match
mhd,,,,I,L,Mbugu,False,True,,no_match,mhd,exact_iso3,,no_match
mhe,,,,I,L,Besisi,False,True,,no_match,mhe,exact_iso3,,no_match
mhf,,,,I,L,Mamaa,False,True,,no_match,mhf,exact_iso3,,no_match
mhg,,,,I,L,Margu,False,True,,no_match,mhg,exact_iso3,,no_match
mhi,,,,I,L,Ma'di,False,True,mhi_Latn,exact,mhi,exact_iso3,,no_match
mhj,,,,I,L,Mogholi,False,True,,no_match,mhj,exact_iso3,,no_match
mhk,,,,I,L,Mungaka,False,True,,no_match,mhk,exact_iso3,mhk,exact_iso3
mhl,,,,I,L,Mauwake,False,True,mhl_Latn,exact,mhl,exact_iso3,,no_match
mhm,,,,I,L,Makhuwa-Moniga,False,True,,no_match,mhm,exact_iso3,,no_match
mhn,,,,I,L,Mòcheno,False,True,,no_match,mhn,exact_iso3,,no_match
mho,,,,I,L,Mashi (Zambia),False,True,,no_match,mho,exact_iso3,,no_match
mhp,,,,I,L,Balinese Malay,False,True,,no_match,mhp,exact_iso3,,no_match
mhq,,,,I,L,Mandan,False,True,,no_match,mhq,exact_iso3,,no_match
mhr,,,,I,L,Eastern Mari,False,True,mhr_Cyrl,exact,mhr,exact_iso3,mhr,exact_iso3
mhs,,,,I,L,Buru (Indonesia),False,True,,no_match,mhs,exact_iso3,,no_match
mht,,,,I,L,Mandahuaca,False,True,,no_match,mht,exact_iso3,,no_match
mhu,,,,I,L,Digaro-Mishmi,False,True,,no_match,mhu,exact_iso3,,no_match
mhw,,,,I,L,Mbukushu,False,True,mhw_Latn,exact,mhw,exact_iso3,,no_match
mhx,,,,I,L,Maru,False,True,mhx_Latn,exact,mhx,exact_iso3,,no_match
mhy,,,,I,L,Ma'anyan,False,True,mhy_Latn,exact,mhy,exact_iso3,,no_match
mhz,,,,I,L,Mor (Mor Islands),False,True,,no_match,mhz,exact_iso3,,no_match
mia,,,,I,L,Miami,False,True,,no_match,mia,exact_iso3,,no_match
mib,,,,I,L,Atatláhuca Mixtec,False,True,mib_Latn,exact,mib,exact_iso3,,no_match
mic,mic,mic,,I,L,Mi'kmaq,False,True,mic_Latn,exact,mic,exact_iso3,,no_match
mid,,,,I,L,Mandaic,False,True,,no_match,mid,exact_iso3,,no_match
mie,,,,I,L,Ocotepec Mixtec,False,True,mie_Latn,exact,mie,exact_iso3,,no_match
mif,,,,I,L,Mofu-Gudur,False,True,mif_Latn,exact,mif,exact_iso3,,no_match
mig,,,,I,L,San Miguel El Grande Mixtec,False,True,mig_Latn,exact,mig,exact_iso3,,no_match
mih,,,,I,L,Chayuco Mixtec,False,True,mih_Latn,exact,mih,exact_iso3,,no_match
mii,,,,I,L,Chigmecatitlán Mixtec,False,True,,no_match,mii,exact_iso3,,no_match
mij,,,,I,L,Abar,False,True,,no_match,mij,exact_iso3,,no_match
mik,,,,I,L,Mikasuki,False,True,,no_match,mik,exact_iso3,,no_match
mil,,,,I,L,Peñoles Mixtec,False,True,mil_Latn,exact,mil,exact_iso3,,no_match
mim,,,,I,L,Alacatlatzala Mixtec,False,True,mim_Latn,exact,mim,exact_iso3,,no_match
min,min,min,,I,L,Minangkabau,False,True,min_Latn,exact,min,exact_iso3,,no_match
mio,,,,I,L,Pinotepa Nacional Mixtec,False,True,mio_Latn,exact,mio,exact_iso3,,no_match
mip,,,,I,L,Apasco-Apoala Mixtec,False,True,mip_Latn,exact,mip,exact_iso3,,no_match
miq,,,,I,L,Mískito,False,True,miq_Latn,exact,miq,exact_iso3,,no_match
mir,,,,I,L,Isthmus Mixe,False,True,mir_Latn,exact,mir,exact_iso3,,no_match
mis,mis,mis,,S,S,Uncoded languages,False,False,,no_match,mis,exact_iso3,,no_match
mit,,,,I,L,Southern Puebla Mixtec,False,True,mit_Latn,exact,mit,exact_iso3,,no_match
miu,,,,I,L,Cacaloxtepec Mixtec,False,True,,no_match,miu,exact_iso3,,no_match
miw,,,,I,L,Akoye,False,True,,no_match,miw,exact_iso3,,no_match
mix,,,,I,L,Mixtepec Mixtec,False,True,,no_match,mix,exact_iso3,,no_match
miy,,,,I,L,Ayutla Mixtec,False,True,miy_Latn,exact,miy,exact_iso3,,no_match
miz,,,,I,L,Coatzospan Mixtec,False,True,miz_Latn,exact,miz,exact_iso3,,no_match
mjb,,,,I,L,Makalero,False,True,,no_match,mjb,exact_iso3,,no_match
mjc,,,,I,L,San Juan Colorado Mixtec,False,True,mjc_Latn,exact,mjc,exact_iso3,,no_match
mjd,,,,I,L,Northwest Maidu,False,True,,no_match,mjd,exact_iso3,,no_match
mje,,,,I,E,Muskum,False,False,,no_match,mje,exact_iso3,,no_match
mjg,,,,I,L,Tu,False,True,,no_match,mjg,exact_iso3,,no_match
mjh,,,,I,L,Mwera (Nyasa),False,True,,no_match,mjh,exact_iso3,,no_match
mji,,,,I,L,Kim Mun,False,True,,no_match,mji,exact_iso3,,no_match
mjj,,,,I,L,Mawak,False,True,,no_match,mjj,exact_iso3,,no_match
mjk,,,,I,L,Matukar,False,True,,no_match,mjk,exact_iso3,,no_match
mjl,,,,I,L,Mandeali,False,True,,no_match,mjl,exact_iso3,,no_match
mjm,,,,I,L,Medebur,False,True,,no_match,mjm,exact_iso3,,no_match
mjn,,,,I,L,Ma (Papua New Guinea),False,True,,no_match,mjn,exact_iso3,,no_match
mjo,,,,I,L,Malankuravan,False,True,,no_match,mjo,exact_iso3,,no_match
mjp,,,,I,L,Malapandaram,False,True,,no_match,mjp,exact_iso3,,no_match
mjq,,,,I,E,Malaryan,False,False,,no_match,mjq,exact_iso3,,no_match
mjr,,,,I,L,Malavedan,False,True,,no_match,mjr,exact_iso3,,no_match
mjs,,,,I,L,Miship,False,True,,no_match,mjs,exact_iso3,,no_match
mjt,,,,I,L,Sauria Paharia,False,True,,no_match,mjt,exact_iso3,,no_match
mju,,,,I,L,Manna-Dora,False,True,,no_match,mju,exact_iso3,,no_match
mjv,,,,I,L,Mannan,False,True,,no_match,mjv,exact_iso3,,no_match
mjw,,,,I,L,Karbi,False,True,mjw_Latn,exact,mjw,exact_iso3,,no_match
mjx,,,,I,L,Mahali,False,True,,no_match,mjx,exact_iso3,,no_match
mjy,,,,I,E,Mahican,False,False,,no_match,mjy,exact_iso3,,no_match
mjz,,,,I,L,Majhi,False,True,,no_match,mjz,exact_iso3,,no_match
mka,,,,I,L,Mbre,False,True,,no_match,mka,exact_iso3,,no_match
mkb,,,,I,L,Mal Paharia,False,True,,no_match,mkb,exact_iso3,,no_match
mkc,,,,I,L,Siliput,False,True,,no_match,mkc,exact_iso3,,no_match
mkd,mac,mkd,mk,I,L,Macedonian,False,True,mkd_Cyrl,exact,mkd;mk,matched_multiple:iso3+iso1,mk,matched_via_bcp47
mke,,,,I,L,Mawchi,False,True,,no_match,mke,exact_iso3,,no_match
mkf,,,,I,L,Miya,False,True,,no_match,mkf,exact_iso3,,no_match
mkg,,,,I,L,Mak (China),False,True,,no_match,mkg,exact_iso3,,no_match
mki,,,,I,L,Dhatki,False,True,,no_match,mki,exact_iso3,mki,exact_iso3
mkj,,,,I,L,Mokilese,False,True,,no_match,mkj,exact_iso3,,no_match
mkk,,,,I,L,Byep,False,True,,no_match,mkk,exact_iso3,,no_match
mkl,,,,I,L,Mokole,False,True,mkl_Latn,exact,mkl,exact_iso3,,no_match
mkm,,,,I,L,Moklen,False,True,,no_match,mkm,exact_iso3,,no_match
mkn,,,,I,L,Kupang Malay,False,True,mkn_Latn,exact,mkn,exact_iso3,,no_match
mko,,,,I,L,Mingang Doso,False,True,,no_match,mko,exact_iso3,,no_match
mkp,,,,I,L,Moikodi,False,True,,no_match,mkp,exact_iso3,,no_match
mkq,,,,I,E,Bay Miwok,False,False,,no_match,mkq,exact_iso3,,no_match
mkr,,,,I,L,Malas,False,True,,no_match,mkr,exact_iso3,,no_match
mks,,,,I,L,Silacayoapan Mixtec,False,True,mks_Latn,exact,mks,exact_iso3,,no_match
mkt,,,,I,L,Vamale,False,True,,no_match,mkt,exact_iso3,,no_match
mku,,,,I,L,Konyanka Maninka,False,True,,no_match,mku,exact_iso3,,no_match
mkv,,,,I,L,Mafea,False,True,,no_match,mkv,exact_iso3,,no_match
mkw,,,,I,L,Kituba (Congo),False,True,,no_match,mkw,exact_iso3,,no_match
mkx,,,,I,L,Kinamiging Manobo,False,True,,no_match,mkx,exact_iso3,,no_match
mky,,,,I,L,East Makian,False,True,,no_match,mky,exact_iso3,,no_match
mkz,,,,I,L,Makasae,False,True,mkz_Latn,exact,mkz,exact_iso3,,no_match
mla,,,,I,L,Malo,False,True,,no_match,mla,exact_iso3,,no_match
mlb,,,,I,L,Mbule,False,True,,no_match,mlb,exact_iso3,,no_match
mlc,,,,I,L,Cao Lan,False,True,,no_match,mlc,exact_iso3,,no_match
mle,,,,I,L,Manambu,False,True,,no_match,mle,exact_iso3,,no_match
mlf,,,,I,L,Mal,False,True,,no_match,mlf,exact_iso3,,no_match
mlg,mlg,mlg,mg,M,L,Malagasy,True,True,,no_match,mlg;mg,matched_multiple:iso3+iso1,mg,matched_via_bcp47
mlh,,,,I,L,Mape,False,True,mlh_Latn,exact,mlh,exact_iso3,,no_match
mli,,,,I,L,Malimpung,False,True,,no_match,mli,exact_iso3,,no_match
mlj,,,,I,L,Miltu,False,True,,no_match,mlj,exact_iso3,,no_match
mlk,,,,I,L,Ilwana,False,True,,no_match,mlk,exact_iso3,,no_match
mll,,,,I,L,Malua Bay,False,True,,no_match,mll,exact_iso3,,no_match
mlm,,,,I,L,Mulam,False,True,,no_match,mlm,exact_iso3,,no_match
mln,,,,I,L,Malango,False,True,,no_match,mln,exact_iso3,,no_match
mlo,,,,I,L,Mlomp,False,True,,no_match,mlo,exact_iso3,,no_match
mlp,,,,I,L,Bargam,False,True,mlp_Latn,exact,mlp,exact_iso3,,no_match
mlq,,,,I,L,Western Maninkakan,False,True,,no_match,mlq,exact_iso3,,no_match
mlr,,,,I,L,Vame,False,True,,no_match,mlr,exact_iso3,,no_match
mls,,,,I,L,Masalit,False,True,,no_match,mls,exact_iso3,,no_match
mlt,mlt,mlt,mt,I,L,Maltese,False,True,mlt_Latn,exact,mlt;mt,matched_multiple:iso3+iso1,mt,matched_via_bcp47
mlu,,,,I,L,To'abaita,False,True,mlu_Latn,exact,mlu,exact_iso3,,no_match
mlv,,,,I,L,Motlav,False,True,,no_match,mlv,exact_iso3,,no_match
mlw,,,,I,L,Moloko,False,True,,no_match,mlw,exact_iso3,,no_match
mlx,,,,I,L,Malfaxal,False,True,,no_match,mlx,exact_iso3,,no_match
mlz,,,,I,L,Malaynon,False,True,,no_match,mlz,exact_iso3,,no_match
mma,,,,I,L,Mama,False,True,,no_match,mma,exact_iso3,,no_match
mmb,,,,I,L,Momina,False,True,,no_match,mmb,exact_iso3,,no_match
mmc,,,,I,L,Michoacán Mazahua,False,True,,no_match,mmc,exact_iso3,mmc,exact_iso3
mmd,,,,I,L,Maonan,False,True,,no_match,mmd,exact_iso3,,no_match
mme,,,,I,L,Mae,False,True,,no_match,mme,exact_iso3,,no_match
mmf,,,,I,L,Mundat,False,True,,no_match,mmf,exact_iso3,,no_match
mmg,,,,I,L,North Ambrym,False,True,,no_match,mmg,exact_iso3,,no_match
mmh,,,,I,L,Mehináku,False,True,,no_match,mmh,exact_iso3,,no_match
mmi,,,,I,L,Hember Avu,False,True,,no_match,mmi,exact_iso3,,no_match
mmj,,,,I,L,Majhwar,False,True,,no_match,mmj,exact_iso3,,no_match
mmk,,,,I,L,Mukha-Dora,False,True,,no_match,mmk,exact_iso3,,no_match
mml,,,,I,L,Man Met,False,True,,no_match,mml,exact_iso3,,no_match
mmm,,,,I,L,Maii,False,True,,no_match,mmm,exact_iso3,,no_match
mmn,,,,I,L,Mamanwa,False,True,mmn_Latn,exact,mmn,exact_iso3,,no_match
mmo,,,,I,L,Mangga Buang,False,True,mmo_Latn,exact,mmo,exact_iso3,,no_match
mmp,,,,I,L,Siawi,False,True,,no_match,mmp,exact_iso3,,no_match
mmq,,,,I,L,Musak,False,True,,no_match,mmq,exact_iso3,,no_match
mmr,,,,I,L,Western Xiangxi Miao,False,True,,no_match,mmr,exact_iso3,,no_match
mmt,,,,I,L,Malalamai,False,True,,no_match,mmt,exact_iso3,,no_match
mmu,,,,I,L,Mmaala,False,True,,no_match,mmu,exact_iso3,,no_match
mmv,,,,I,E,Miriti,False,False,,no_match,mmv,exact_iso3,,no_match
mmw,,,,I,L,Emae,False,True,,no_match,mmw,exact_iso3,,no_match
mmx,,,,I,L,Madak,False,True,mmx_Latn,exact,mmx,exact_iso3,,no_match
mmy,,,,I,L,Migaama,False,True,,no_match,mmy,exact_iso3,,no_match
mmz,,,,I,L,Mabaale,False,True,,no_match,mmz,exact_iso3,,no_match
mna,,,,I,L,Mbula,False,True,mna_Latn,exact,mna,exact_iso3,,no_match
mnb,,,,I,L,Muna,False,True,mnb_Latn,exact,mnb,exact_iso3,,no_match
mnc,mnc,mnc,,I,L,Manchu,False,True,,no_match,mnc,exact_iso3,,no_match
mnd,,,,I,L,Mondé,False,True,,no_match,mnd,exact_iso3,,no_match
mne,,,,I,L,Naba,False,True,,no_match,mne,exact_iso3,,no_match
mnf,,,,I,L,Mundani,False,True,mnf_Latn,exact,mnf,exact_iso3,,no_match
mng,,,,I,L,Eastern Mnong,False,True,,no_match,mng,exact_iso3,,no_match
mnh,,,,I,L,Mono (Democratic Republic of Congo),False,True,,no_match,mnh,exact_iso3,,no_match
mni,mni,mni,,I,L,Manipuri,False,True,mni_Beng;mni_Latn;mni_Mtei,multi_script,mni,exact_iso3,mni,exact_iso3
mnj,,,,I,L,Munji,False,True,,no_match,mnj,exact_iso3,,no_match
mnk,,,,I,L,Mandinka,False,True,mnk_Latn,exact,mnk,exact_iso3,,no_match
mnl,,,,I,L,Tiale,False,True,,no_match,mnl,exact_iso3,,no_match
mnm,,,,I,L,Mapena,False,True,,no_match,mnm,exact_iso3,,no_match
mnn,,,,I,L,Southern Mnong,False,True,,no_match,mnn,exact_iso3,,no_match
mnp,,,,I,L,Min Bei Chinese,False,True,,no_match,mnp,exact_iso3,,no_match
mnq,,,,I,L,Minriq,False,True,,no_match,mnq,exact_iso3,,no_match
mnr,,,,I,L,Mono (USA),False,True,,no_match,mnr,exact_iso3,,no_match
mns,,,,I,L,Mansi,False,True,mns_Cyrl,exact,mns,exact_iso3,,no_match
mnu,,,,I,L,Mer,False,True,,no_match,mnu,exact_iso3,,no_match
mnv,,,,I,L,Rennell-Bellona,False,True,,no_match,mnv,exact_iso3,,no_match
mnw,,,,I,L,Mon,False,True,mnw_Mymr,exact,mnw,exact_iso3,mnw,exact_iso3
mnx,,,,I,L,Manikion,False,True,mnx_Latn,exact,mnx,exact_iso3,,no_match
mny,,,,I,L,Manyawa,False,True,mny_Latn,exact,mny,exact_iso3,,no_match
mnz,,,,I,L,Moni,False,True,,no_match,mnz,exact_iso3,,no_match
moa,,,,I,L,Mwan,False,True,moa_Latn,exact,moa,exact_iso3,,no_match
moc,,,,I,L,Mocoví,False,True,moc_Latn,exact,moc,exact_iso3,,no_match
mod,,,,I,E,Mobilian,False,False,,no_match,mod,exact_iso3,,no_match
moe,,,,I,L,Innu,False,True,,no_match,moe,exact_iso3,,no_match
mog,,,,I,L,Mongondow,False,True,mog_Latn,exact,mog,exact_iso3,,no_match
moh,moh,moh,,I,L,Mohawk,False,True,moh_Latn,exact,moh,exact_iso3,,no_match
moi,,,,I,L,Mboi,False,True,,no_match,moi,exact_iso3,,no_match
moj,,,,I,L,Monzombo,False,True,,no_match,moj,exact_iso3,,no_match
mok,,,,I,L,Morori,False,True,,no_match,mok,exact_iso3,,no_match
mom,,,,I,E,Mangue,False,False,,no_match,mom,exact_iso3,,no_match
mon,mon,mon,mn,M,L,Mongolian,True,True,,no_match,mon;mn,matched_multiple:iso3+iso1,mn,matched_via_bcp47
moo,,,,I,L,Monom,False,True,,no_match,moo,exact_iso3,,no_match
mop,,,,I,L,Mopán Maya,False,True,mop_Latn,exact,mop,exact_iso3,,no_match
moq,,,,I,L,Mor (Bomberai Peninsula),False,True,,no_match,moq,exact_iso3,,no_match
mor,,,,I,L,Moro,False,True,mor_Latn,exact,mor,exact_iso3,,no_match
mos,mos,mos,,I,L,Mossi,False,True,mos_Latn,exact,mos,exact_iso3,mos,exact_iso3
mot,,,,I,L,Barí,False,True,,no_match,mot,exact_iso3,,no_match
mou,,,,I,L,Mogum,False,True,,no_match,mou,exact_iso3,,no_match
mov,,,,I,L,Mohave,False,True,,no_match,mov,exact_iso3,,no_match
mow,,,,I,L,Moi (Congo),False,True,,no_match,mow,exact_iso3,,no_match
mox,,,,I,L,Molima,False,True,mox_Latn,exact,mox,exact_iso3,,no_match
moy,,,,I,L,Shekkacho,False,True,,no_match,moy,exact_iso3,,no_match
moz,,,,I,L,Mukulu,False,True,,no_match,moz,exact_iso3,,no_match
mpa,,,,I,L,Mpoto,False,True,,no_match,mpa,exact_iso3,,no_match
mpb,,,,I,L,Malak Malak,False,True,,no_match,mpb,exact_iso3,,no_match
mpc,,,,I,L,Mangarrayi,False,True,,no_match,mpc,exact_iso3,,no_match
mpd,,,,I,L,Machinere,False,True,,no_match,mpd,exact_iso3,,no_match
mpe,,,,I,L,Majang,False,True,,no_match,mpe,exact_iso3,,no_match
mpg,,,,I,L,Marba,False,True,mpg_Latn,exact,mpg,exact_iso3,,no_match
mph,,,,I,L,Maung,False,True,mph_Latn,exact,mph,exact_iso3,,no_match
mpi,,,,I,L,Mpade,False,True,,no_match,mpi,exact_iso3,,no_match
mpj,,,,I,L,Martu Wangka,False,True,,no_match,mpj,exact_iso3,,no_match
mpk,,,,I,L,Mbara (Chad),False,True,,no_match,mpk,exact_iso3,,no_match
mpl,,,,I,L,Middle Watut,False,True,,no_match,mpl,exact_iso3,,no_match
mpm,,,,I,L,Yosondúa Mixtec,False,True,mpm_Latn,exact,mpm,exact_iso3,,no_match
mpn,,,,I,L,Mindiri,False,True,,no_match,mpn,exact_iso3,,no_match
mpo,,,,I,L,Miu,False,True,,no_match,mpo,exact_iso3,,no_match
mpp,,,,I,L,Migabac,False,True,mpp_Latn,exact,mpp,exact_iso3,,no_match
mpq,,,,I,L,Matís,False,True,,no_match,mpq,exact_iso3,,no_match
mpr,,,,I,L,Vangunu,False,True,,no_match,mpr,exact_iso3,,no_match
mps,,,,I,L,Dadibi,False,True,mps_Latn,exact,mps,exact_iso3,,no_match
mpt,,,,I,L,Mian,False,True,mpt_Latn,exact,mpt,exact_iso3,,no_match
mpu,,,,I,L,Makuráp,False,True,,no_match,mpu,exact_iso3,,no_match
mpv,,,,I,L,Mungkip,False,True,,no_match,mpv,exact_iso3,,no_match
mpw,,,,I,L,Mapidian,False,True,,no_match,mpw,exact_iso3,,no_match
mpx,,,,I,L,Misima-Panaeati,False,True,mpx_Latn,exact,mpx,exact_iso3,,no_match
mpy,,,,I,L,Mapia,False,True,,no_match,mpy,exact_iso3,,no_match
mpz,,,,I,L,Mpi,False,True,,no_match,mpz,exact_iso3,,no_match
mqa,,,,I,L,Maba (Indonesia),False,True,,no_match,mqa,exact_iso3,,no_match
mqb,,,,I,L,Mbuko,False,True,mqb_Latn,exact,mqb,exact_iso3,,no_match
mqc,,,,I,L,Mangole,False,True,,no_match,mqc,exact_iso3,,no_match
mqe,,,,I,L,Matepi,False,True,,no_match,mqe,exact_iso3,,no_match
mqf,,,,I,L,Momuna,False,True,,no_match,mqf,exact_iso3,,no_match
mqg,,,,I,L,Kota Bangun Kutai Malay,False,True,,no_match,mqg,exact_iso3,,no_match
mqh,,,,I,L,Tlazoyaltepec Mixtec,False,True,,no_match,mqh,exact_iso3,mqh,exact_iso3
mqi,,,,I,L,Mariri,False,True,,no_match,mqi,exact_iso3,,no_match
mqj,,,,I,L,Mamasa,False,True,mqj_Latn,exact,mqj,exact_iso3,,no_match
mqk,,,,I,L,Rajah Kabunsuwan Manobo,False,True,,no_match,mqk,exact_iso3,,no_match
mql,,,,I,L,Mbelime,False,True,,no_match,mql,exact_iso3,,no_match
mqm,,,,I,L,South Marquesan,False,True,,no_match,mqm,exact_iso3,,no_match
mqn,,,,I,L,Moronene,False,True,,no_match,mqn,exact_iso3,,no_match
mqo,,,,I,L,Modole,False,True,,no_match,mqo,exact_iso3,,no_match
mqp,,,,I,L,Manipa,False,True,,no_match,mqp,exact_iso3,,no_match
mqq,,,,I,L,Minokok,False,True,,no_match,mqq,exact_iso3,,no_match
mqr,,,,I,L,Mander,False,True,,no_match,mqr,exact_iso3,,no_match
mqs,,,,I,L,West Makian,False,True,,no_match,mqs,exact_iso3,,no_match
mqt,,,,I,L,Mok,False,True,,no_match,mqt,exact_iso3,,no_match
mqu,,,,I,L,Mandari,False,True,,no_match,mqu,exact_iso3,,no_match
mqv,,,,I,L,Mosimo,False,True,,no_match,mqv,exact_iso3,,no_match
mqw,,,,I,L,Murupi,False,True,,no_match,mqw,exact_iso3,,no_match
mqx,,,,I,L,Mamuju,False,True,,no_match,mqx,exact_iso3,,no_match
mqy,,,,I,L,Manggarai,False,True,mqy_Latn,exact,mqy,exact_iso3,,no_match
mqz,,,,I,L,Pano,False,True,,no_match,mqz,exact_iso3,,no_match
mra,,,,I,L,Mlabri,False,True,,no_match,mra,exact_iso3,,no_match
mrb,,,,I,L,Marino,False,True,,no_match,mrb,exact_iso3,,no_match
mrc,,,,I,L,Maricopa,False,True,,no_match,mrc,exact_iso3,,no_match
mrd,,,,I,L,Western Magar,False,True,,no_match,mrd,exact_iso3,,no_match
mre,,,,I,E,Martha's Vineyard Sign Language,False,False,,no_match,mre,exact_iso3,,no_match
mrf,,,,I,L,Elseng,False,True,,no_match,mrf,exact_iso3,,no_match
mrg,,,,I,L,Mising,False,True,mrg_Latn,exact,mrg,exact_iso3,,no_match
mrh,,,,I,L,Mara Chin,False,True,,no_match,mrh,exact_iso3,mrh,exact_iso3
mri,mao,mri,mi,I,L,Maori,False,True,mri_Latn,exact,mri;mi;mao,matched_multiple:iso3+iso1+iso2b,,no_match
mrj,,,,I,L,Western Mari,False,True,mrj_Cyrl,exact,mrj,exact_iso3,mrj,exact_iso3
mrk,,,,I,L,Hmwaveke,False,True,,no_match,mrk,exact_iso3,,no_match
mrl,,,,I,L,Mortlockese,False,True,,no_match,mrl,exact_iso3,,no_match
mrm,,,,I,L,Merlav,False,True,,no_match,mrm,exact_iso3,,no_match
mrn,,,,I,L,Cheke Holo,False,True,,no_match,mrn,exact_iso3,,no_match
mro,,,,I,L,Mru,False,True,,no_match,mro,exact_iso3,,no_match
mrp,,,,I,L,Morouas,False,True,,no_match,mrp,exact_iso3,,no_match
mrq,,,,I,L,North Marquesan,False,True,mrq_Latn,exact,mrq,exact_iso3,,no_match
mrr,,,,I,L,Maria (India),False,True,,no_match,mrr,exact_iso3,,no_match
mrs,,,,I,L,Maragus,False,True,,no_match,mrs,exact_iso3,,no_match
mrt,,,,I,L,Marghi Central,False,True,,no_match,mrt,exact_iso3,,no_match
mru,,,,I,L,Mono (Cameroon),False,True,,no_match,mru,exact_iso3,,no_match
mrv,,,,I,L,Mangareva,False,True,mrv_Latn,exact,mrv,exact_iso3,,no_match
mrw,,,,I,L,Maranao,False,True,mrw_Latn,exact,mrw,exact_iso3,,no_match
mrx,,,,I,L,Maremgi,False,True,,no_match,mrx,exact_iso3,,no_match
mry,,,,I,L,Mandaya,False,True,,no_match,mry,exact_iso3,,no_match
mrz,,,,I,L,Marind,False,True,,no_match,mrz,exact_iso3,,no_match
msa,may,msa,ms,M,L,Malay (macrolanguage),True,True,,no_match,msa;ms;may,matched_multiple:iso3+iso1+iso2b,ms,matched_via_bcp47
msb,,,,I,L,Masbatenyo,False,True,msb_Latn,exact,msb,exact_iso3,,no_match
msc,,,,I,L,Sankaran Maninka,False,True,msc_Latn,exact,msc,exact_iso3,,no_match
msd,,,,I,L,Yucatec Maya Sign Language,False,True,,no_match,msd,exact_iso3,,no_match
mse,,,,I,L,Musey,False,True,mse_Latn,exact,mse,exact_iso3,mse,exact_iso3
msf,,,,I,L,Mekwei,False,True,,no_match,msf,exact_iso3,,no_match
msg,,,,I,L,Moraid,False,True,,no_match,msg,exact_iso3,,no_match
msh,,,,I,L,Masikoro Malagasy,False,True,,no_match,msh,exact_iso3,,no_match
msi,,,,I,L,Sabah Malay,False,True,,no_match,msi,exact_iso3,msi,exact_iso3
msj,,,,I,L,Ma (Democratic Republic of Congo),False,True,,no_match,msj,exact_iso3,,no_match
msk,,,,I,L,Mansaka,False,True,msk_Latn,exact,msk,exact_iso3,,no_match
msl,,,,I,L,Molof,False,True,,no_match,msl,exact_iso3,,no_match
msm,,,,I,L,Agusan Manobo,False,True,,no_match,msm,exact_iso3,,no_match
msn,,,,I,L,Vurës,False,True,,no_match,msn,exact_iso3,,no_match
mso,,,,I,L,Mombum,False,True,,no_match,mso,exact_iso3,,no_match
msp,,,,I,E,Maritsauá,False,False,,no_match,msp,exact_iso3,,no_match
msq,,,,I,L,Caac,False,True,,no_match,msq,exact_iso3,,no_match
msr,,,,I,L,Mongolian Sign Language,False,True,,no_match,msr,exact_iso3,,no_match
mss,,,,I,L,West Masela,False,True,,no_match,mss,exact_iso3,,no_match
msu,,,,I,L,Musom,False,True,,no_match,msu,exact_iso3,,no_match
msv,,,,I,L,Maslam,False,True,,no_match,msv,exact_iso3,,no_match
msw,,,,I,L,Mansoanka,False,True,,no_match,msw,exact_iso3,,no_match
msx,,,,I,L,Moresada,False,True,,no_match,msx,exact_iso3,,no_match
msy,,,,I,L,Aruamu,False,True,msy_Latn,exact,msy,exact_iso3,,no_match
msz,,,,I,L,Momare,False,True,,no_match,msz,exact_iso3,,no_match
mta,,,,I,L,Cotabato Manobo,False,True,mta_Latn,exact,mta,exact_iso3,,no_match
mtb,,,,I,L,Anyin Morofo,False,True,,no_match,mtb,exact_iso3,,no_match
mtc,,,,I,L,Munit,False,True,,no_match,mtc,exact_iso3,,no_match
mtd,,,,I,L,Mualang,False,True,,no_match,mtd,exact_iso3,,no_match
mte,,,,I,L,Mono (Solomon Islands),False,True,,no_match,mte,exact_iso3,,no_match
mtf,,,,I,L,Murik (Papua New Guinea),False,True,,no_match,mtf,exact_iso3,,no_match
mtg,,,,I,L,Una,False,True,mtg_Latn,exact,mtg,exact_iso3,,no_match
mth,,,,I,L,Munggui,False,True,,no_match,mth,exact_iso3,,no_match
mti,,,,I,L,Maiwa (Papua New Guinea),False,True,mti_Latn,exact,mti,exact_iso3,,no_match
mtj,,,,I,L,Moskona,False,True,,no_match,mtj,exact_iso3,,no_match
mtk,,,,I,L,Mbe',False,True,,no_match,mtk,exact_iso3,,no_match
mtl,,,,I,L,Montol,False,True,,no_match,mtl,exact_iso3,,no_match
mtm,,,,I,E,Mator,False,False,,no_match,mtm,exact_iso3,,no_match
mtn,,,,I,E,Matagalpa,False,False,,no_match,mtn,exact_iso3,,no_match
mto,,,,I,L,Totontepec Mixe,False,True,mto_Latn,exact,mto,exact_iso3,,no_match
mtp,,,,I,L,Wichí Lhamtés Nocten,False,True,mtp_Latn,exact,mtp,exact_iso3,,no_match
mtq,,,,I,L,Muong,False,True,,no_match,mtq,exact_iso3,,no_match
mtr,,,,I,L,Mewari,False,True,,no_match,mtr,exact_iso3,,no_match
mts,,,,I,L,Yora,False,True,,no_match,mts,exact_iso3,,no_match
mtt,,,,I,L,Mota,False,True,,no_match,mtt,exact_iso3,,no_match
mtu,,,,I,L,Tututepec Mixtec,False,True,,no_match,mtu,exact_iso3,,no_match
mtv,,,,I,L,Asaro'o,False,True,,no_match,mtv,exact_iso3,,no_match
mtw,,,,I,L,Southern Binukidnon,False,True,,no_match,mtw,exact_iso3,,no_match
mtx,,,,I,L,Tidaá Mixtec,False,True,,no_match,mtx,exact_iso3,,no_match
mty,,,,I,L,Nabi,False,True,,no_match,mty,exact_iso3,,no_match
mua,,,,I,L,Mundang,False,True,mua_Latn,exact,mua,exact_iso3,mua,exact_iso3
mub,,,,I,L,Mubi,False,True,,no_match,mub,exact_iso3,,no_match
muc,,,,I,L,Ajumbu,False,True,,no_match,muc,exact_iso3,,no_match
mud,,,,I,L,Mednyj Aleut,False,True,,no_match,mud,exact_iso3,,no_match
mue,,,,I,L,Media Lengua,False,True,,no_match,mue,exact_iso3,,no_match
mug,,,,I,L,Musgu,False,True,mug_Latn,exact,mug,exact_iso3,mug,exact_iso3
muh,,,,I,L,Mündü,False,True,muh_Latn,exact,muh,exact_iso3,,no_match
mui,,,,I,L,Musi,False,True,mui_Latn,exact,mui,exact_iso3,mui,exact_iso3
muj,,,,I,L,Mabire,False,True,,no_match,muj,exact_iso3,,no_match
muk,,,,I,L,Mugom,False,True,,no_match,muk,exact_iso3,,no_match
mul,mul,mul,,S,S,Multiple languages,False,False,,no_match,mul,exact_iso3,,no_match
mum,,,,I,L,Maiwala,False,True,,no_match,mum,exact_iso3,,no_match
muo,,,,I,L,Nyong,False,True,,no_match,muo,exact_iso3,,no_match
mup,,,,I,L,Malvi,False,True,mup_Deva,exact,mup,exact_iso3,,no_match
muq,,,,I,L,Eastern Xiangxi Miao,False,True,,no_match,muq,exact_iso3,,no_match
mur,,,,I,L,Murle,False,True,mur_Latn,exact,mur,exact_iso3,,no_match
mus,mus,mus,,I,L,Creek,False,True,mus_Latn,exact,mus,exact_iso3,,no_match
mut,,,,I,L,Western Muria,False,True,,no_match,mut,exact_iso3,,no_match
muu,,,,I,L,Yaaku,False,True,,no_match,muu,exact_iso3,,no_match
muv,,,,I,L,Muthuvan,False,True,,no_match,muv,exact_iso3,,no_match
mux,,,,I,L,Bo-Ung,False,True,mux_Latn,exact,mux,exact_iso3,,no_match
muy,,,,I,L,Muyang,False,True,muy_Latn,exact,muy,exact_iso3,,no_match
muz,,,,I,L,Mursi,False,True,,no_match,muz,exact_iso3,,no_match
mva,,,,I,L,Manam,False,True,mva_Latn,exact,mva,exact_iso3,,no_match
mvb,,,,I,E,Mattole,False,False,,no_match,mvb,exact_iso3,,no_match
mvd,,,,I,L,Mamboru,False,True,,no_match,mvd,exact_iso3,,no_match
mve,,,,I,L,Marwari (Pakistan),False,True,,no_match,mve,exact_iso3,mve,exact_iso3
mvf,,,,I,L,Peripheral Mongolian,False,True,,no_match,mvf,exact_iso3,,no_match
mvg,,,,I,L,Yucuañe Mixtec,False,True,,no_match,mvg,exact_iso3,,no_match
mvh,,,,I,L,Mulgi,False,True,,no_match,mvh,exact_iso3,,no_match
mvi,,,,I,L,Miyako,False,True,,no_match,mvi,exact_iso3,,no_match
mvk,,,,I,L,Mekmek,False,True,,no_match,mvk,exact_iso3,,no_match
mvl,,,,I,E,Mbara (Australia),False,False,,no_match,mvl,exact_iso3,,no_match
mvn,,,,I,L,Minaveha,False,True,mvn_Latn,exact,mvn,exact_iso3,,no_match
mvo,,,,I,L,Marovo,False,True,,no_match,mvo,exact_iso3,,no_match
mvp,,,,I,L,Duri,False,True,mvp_Latn,exact,mvp,exact_iso3,,no_match
mvq,,,,I,L,Moere,False,True,,no_match,mvq,exact_iso3,,no_match
mvr,,,,I,L,Marau,False,True,,no_match,mvr,exact_iso3,,no_match
mvs,,,,I,L,Massep,False,True,,no_match,mvs,exact_iso3,,no_match
mvt,,,,I,L,Mpotovoro,False,True,,no_match,mvt,exact_iso3,,no_match
mvu,,,,I,L,Marfa,False,True,,no_match,mvu,exact_iso3,,no_match
mvv,,,,I,L,Tagal Murut,False,True,,no_match,mvv,exact_iso3,,no_match
mvw,,,,I,L,Machinga,False,True,,no_match,mvw,exact_iso3,,no_match
mvx,,,,I,L,Meoswar,False,True,,no_match,mvx,exact_iso3,,no_match
mvy,,,,I,L,Indus Kohistani,False,True,,no_match,mvy,exact_iso3,mvy,exact_iso3
mvz,,,,I,L,Mesqan,False,True,,no_match,mvz,exact_iso3,,no_match
mwa,,,,I,L,Mwatebu,False,True,,no_match,mwa,exact_iso3,,no_match
mwb,,,,I,L,Juwal,False,True,,no_match,mwb,exact_iso3,,no_match
mwc,,,,I,L,Are,False,True,mwc_Latn,exact,mwc,exact_iso3,,no_match
mwe,,,,I,L,Mwera (Chimwera),False,True,,no_match,mwe,exact_iso3,,no_match
mwf,,,,I,L,Murrinh-Patha,False,True,mwf_Latn,exact,mwf,exact_iso3,,no_match
mwg,,,,I,L,Aiklep,False,True,,no_match,mwg,exact_iso3,,no_match
mwh,,,,I,L,Mouk-Aria,False,True,,no_match,mwh,exact_iso3,,no_match
mwi,,,,I,L,Labo,False,True,,no_match,mwi,exact_iso3,,no_match
mwk,,,,I,L,Kita Maninkakan,False,True,,no_match,mwk,exact_iso3,,no_match
mwl,mwl,mwl,,I,L,Mirandese,False,True,mwl_Latn,exact,mwl,exact_iso3,,no_match
mwm,,,,I,L,Sar,False,True,mwm_Latn,exact,mwm,exact_iso3,,no_match
mwn,,,,I,L,Nyamwanga,False,True,mwn_Latn,exact,mwn,exact_iso3,,no_match
mwo,,,,I,L,Central Maewo,False,True,,no_match,mwo,exact_iso3,,no_match
mwp,,,,I,L,Kala Lagaw Ya,False,True,mwp_Latn,exact,mwp,exact_iso3,,no_match
mwq,,,,I,L,Mün Chin,False,True,mwq_Latn,exact,mwq,exact_iso3,,no_match
mwr,mwr,mwr,,M,L,Marwari,True,True,,no_match,mwr,exact_iso3,,no_match
mws,,,,I,L,Mwimbi-Muthambi,False,True,,no_match,mws,exact_iso3,,no_match
mwt,,,,I,L,Moken,False,True,,no_match,mwt,exact_iso3,,no_match
mwu,,,,I,E,Mittu,False,False,,no_match,mwu,exact_iso3,,no_match
mwv,,,,I,L,Mentawai,False,True,mwv_Latn,exact,mwv,exact_iso3,,no_match
mww,,,,I,L,Hmong Daw,False,True,mww_Latn,exact,mww,exact_iso3,,no_match
mwz,,,,I,L,Moingi,False,True,,no_match,mwz,exact_iso3,,no_match
mxa,,,,I,L,Northwest Oaxaca Mixtec,False,True,,no_match,mxa,exact_iso3,,no_match
mxb,,,,I,L,Tezoatlán Mixtec,False,True,mxb_Latn,exact,mxb,exact_iso3,,no_match
mxc,,,,I,L,Manyika,False,True,,no_match,mxc,exact_iso3,,no_match
mxd,,,,I,L,Modang,False,True,,no_match,mxd,exact_iso3,,no_match
mxe,,,,I,L,Mele-Fila,False,True,,no_match,mxe,exact_iso3,,no_match
mxf,,,,I,L,Malgbe,False,True,,no_match,mxf,exact_iso3,,no_match
mxg,,,,I,L,Mbangala,False,True,,no_match,mxg,exact_iso3,,no_match
mxh,,,,I,L,Mvuba,False,True,,no_match,mxh,exact_iso3,,no_match
mxi,,,,I,H,Mozarabic,False,False,,no_match,mxi,exact_iso3,,no_match
mxj,,,,I,L,Miju-Mishmi,False,True,,no_match,mxj,exact_iso3,,no_match
mxk,,,,I,L,Monumbo,False,True,,no_match,mxk,exact_iso3,,no_match
mxl,,,,I,L,Maxi Gbe,False,True,,no_match,mxl,exact_iso3,,no_match
mxm,,,,I,L,Meramera,False,True,,no_match,mxm,exact_iso3,,no_match
mxn,,,,I,L,Moi (Indonesia),False,True,,no_match,mxn,exact_iso3,,no_match
mxo,,,,I,L,Mbowe,False,True,,no_match,mxo,exact_iso3,,no_match
mxp,,,,I,L,Tlahuitoltepec Mixe,False,True,mxp_Latn,exact,mxp,exact_iso3,,no_match
mxq,,,,I,L,Juquila Mixe,False,True,mxq_Latn,exact,mxq,exact_iso3,,no_match
mxr,,,,I,L,Murik (Malaysia),False,True,,no_match,mxr,exact_iso3,,no_match
mxs,,,,I,L,Huitepec Mixtec,False,True,,no_match,mxs,exact_iso3,,no_match
mxt,,,,I,L,Jamiltepec Mixtec,False,True,mxt_Latn,exact,mxt,exact_iso3,,no_match
mxu,,,,I,L,Mada (Cameroon),False,True,,no_match,mxu,exact_iso3,mxu,exact_iso3
mxv,,,,I,L,Metlatónoc Mixtec,False,True,mxv_Latn,exact,mxv,exact_iso3,,no_match
mxw,,,,I,L,Namo,False,True,,no_match,mxw,exact_iso3,,no_match
mxx,,,,I,L,Mahou,False,True,,no_match,mxx,exact_iso3,,no_match
mxy,,,,I,L,Southeastern Nochixtlán Mixtec,False,True,,no_match,mxy,exact_iso3,,no_match
mxz,,,,I,L,Central Masela,False,True,,no_match,mxz,exact_iso3,,no_match
mya,bur,mya,my,I,L,Burmese,False,True,mya_Mymr,exact,mya;my;bur,matched_multiple:iso3+iso1+iso2b,my,matched_via_bcp47
myb,,,,I,L,Mbay,False,True,myb_Latn,exact,myb,exact_iso3,,no_match
myc,,,,I,L,Mayeka,False,True,,no_match,myc,exact_iso3,,no_match
mye,,,,I,L,Myene,False,True,,no_match,mye,exact_iso3,,no_match
myf,,,,I,L,Bambassi,False,True,,no_match,myf,exact_iso3,,no_match
myg,,,,I,L,Manta,False,True,,no_match,myg,exact_iso3,,no_match
myh,,,,I,L,Makah,False,True,,no_match,myh,exact_iso3,,no_match
myj,,,,I,L,Mangayat,False,True,,no_match,myj,exact_iso3,,no_match
myk,,,,I,L,Mamara Senoufo,False,True,myk_Latn,exact,myk,exact_iso3,,no_match
myl,,,,I,L,Moma,False,True,,no_match,myl,exact_iso3,,no_match
mym,,,,I,L,Me'en,False,True,,no_match,mym,exact_iso3,,no_match
myo,,,,I,L,Anfillo,False,True,,no_match,myo,exact_iso3,,no_match
myp,,,,I,L,Pirahã,False,True,,no_match,myp,exact_iso3,,no_match
myr,,,,I,L,Muniche,False,True,,no_match,myr,exact_iso3,,no_match
mys,,,,I,E,Mesmes,False,False,,no_match,mys,exact_iso3,,no_match
myu,,,,I,L,Mundurukú,False,True,myu_Latn,exact,myu,exact_iso3,,no_match
myv,myv,myv,,I,L,Erzya,False,True,myv_Cyrl,exact,myv,exact_iso3,myv,exact_iso3
myw,,,,I,L,Muyuw,False,True,myw_Latn,exact,myw,exact_iso3,,no_match
myx,,,,I,L,Masaaba,False,True,myx_Latn,exact,myx,exact_iso3,,no_match
myy,,,,I,L,Macuna,False,True,myy_Latn,exact,myy,exact_iso3,,no_match
myz,,,,I,H,Classical Mandaic,False,False,,no_match,myz,exact_iso3,,no_match
mza,,,,I,L,Santa María Zacatepec Mixtec,False,True,mza_Latn,exact,mza,exact_iso3,,no_match
mzb,,,,I,L,Tumzabt,False,True,,no_match,mzb,exact_iso3,,no_match
mzc,,,,I,L,Madagascar Sign Language,False,True,,no_match,mzc,exact_iso3,,no_match
mzd,,,,I,L,Malimba,False,True,,no_match,mzd,exact_iso3,,no_match
mze,,,,I,L,Morawa,False,True,,no_match,mze,exact_iso3,,no_match
mzg,,,,I,L,Monastic Sign Language,False,True,,no_match,mzg,exact_iso3,,no_match
mzh,,,,I,L,Wichí Lhamtés Güisnay,False,True,mzh_Latn,exact,mzh,exact_iso3,,no_match
mzi,,,,I,L,Ixcatlán Mazatec,False,True,,no_match,mzi,exact_iso3,,no_match
mzj,,,,I,L,Manya,False,True,,no_match,mzj,exact_iso3,,no_match
mzk,,,,I,L,Nigeria Mambila,False,True,mzk_Latn,exact,mzk,exact_iso3,,no_match
mzl,,,,I,L,Mazatlán Mixe,False,True,mzl_Latn,exact,mzl,exact_iso3,,no_match
mzm,,,,I,L,Mumuye,False,True,mzm_Latn,exact,mzm,exact_iso3,,no_match
mzn,,,,I,L,Mazanderani,False,True,mzn_Arab,exact,mzn,exact_iso3,,no_match
mzo,,,,I,E,Matipuhy,False,False,,no_match,mzo,exact_iso3,,no_match
mzp,,,,I,L,Movima,False,True,,no_match,mzp,exact_iso3,,no_match
mzq,,,,I,L,Mori Atas,False,True,,no_match,mzq,exact_iso3,,no_match
mzr,,,,I,L,Marúbo,False,True,,no_match,mzr,exact_iso3,,no_match
mzs,,,,I,L,Macanese,False,True,,no_match,mzs,exact_iso3,,no_match
mzt,,,,I,L,Mintil,False,True,,no_match,mzt,exact_iso3,,no_match
mzu,,,,I,L,Inapang,False,True,,no_match,mzu,exact_iso3,,no_match
mzv,,,,I,L,Manza,False,True,,no_match,mzv,exact_iso3,,no_match
mzw,,,,I,L,Deg,False,True,mzw_Latn,exact,mzw,exact_iso3,,no_match
mzx,,,,I,L,Mawayana,False,True,,no_match,mzx,exact_iso3,,no_match
mzy,,,,I,L,Mozambican Sign Language,False,True,,no_match,mzy,exact_iso3,,no_match
mzz,,,,I,L,Maiadomu,False,True,mzz_Latn,exact,mzz,exact_iso3,,no_match
naa,,,,I,L,Namla,False,True,,no_match,naa,exact_iso3,,no_match
nab,,,,I,L,Southern Nambikuára,False,True,nab_Latn,exact,nab,exact_iso3,,no_match
nac,,,,I,L,Narak,False,True,,no_match,nac,exact_iso3,,no_match
nae,,,,I,E,Naka'ela,False,False,,no_match,nae,exact_iso3,,no_match
naf,,,,I,L,Nabak,False,True,naf_Latn,exact,naf,exact_iso3,,no_match
nag,,,,I,L,Naga Pidgin,False,True,,no_match,nag,exact_iso3,,no_match
naj,,,,I,L,Nalu,False,True,,no_match,naj,exact_iso3,,no_match
nak,,,,I,L,Nakanai,False,True,nak_Latn,exact,nak,exact_iso3,,no_match
nal,,,,I,L,Nalik,False,True,,no_match,nal,exact_iso3,,no_match
nam,,,,I,L,Ngan'gityemerri,False,True,,no_match,nam,exact_iso3,,no_match
,,,,I,L,Min Nan Chinese,False,True,,no_match,,no_match,,no_match
nao,,,,I,L,Naaba,False,True,,no_match,nao,exact_iso3,,no_match
nap,nap,nap,,I,L,Neapolitan,False,True,nap_Latn,exact,nap,exact_iso3,,no_match
naq,,,,I,L,Khoekhoe,False,True,naq_Latn,exact,naq,exact_iso3,,no_match
nar,,,,I,L,Iguta,False,True,,no_match,nar,exact_iso3,,no_match
nas,,,,I,L,Naasioi,False,True,nas_Latn,exact,nas,exact_iso3,,no_match
nat,,,,I,L,Ca̱hungwa̱rya̱,False,True,,no_match,nat,exact_iso3,,no_match
nau,nau,nau,na,I,L,Nauru,False,True,,no_match,nau;na,matched_multiple:iso3+iso1,,no_match
nav,nav,nav,nv,I,L,Navajo,False,True,nav_Latn,exact,nav;nv,matched_multiple:iso3+iso1,,no_match
naw,,,,I,L,Nawuri,False,True,naw_Latn,exact,naw,exact_iso3,,no_match
nax,,,,I,L,Nakwi,False,True,,no_match,nax,exact_iso3,,no_match
nay,,,,I,E,Ngarrindjeri,False,False,,no_match,nay,exact_iso3,,no_match
naz,,,,I,L,Coatepec Nahuatl,False,True,,no_match,naz,exact_iso3,,no_match
nba,,,,I,L,Nyemba,False,True,nba_Latn,exact,nba,exact_iso3,,no_match
nbb,,,,I,L,Ndoe,False,True,,no_match,nbb,exact_iso3,,no_match
nbc,,,,I,L,Chang Naga,False,True,nbc_Latn,exact,nbc,exact_iso3,,no_match
nbd,,,,I,L,Ngbinda,False,True,,no_match,nbd,exact_iso3,,no_match
nbe,,,,I,L,Konyak Naga,False,True,nbe_Latn,exact,nbe,exact_iso3,,no_match
nbg,,,,I,L,Nagarchal,False,True,,no_match,nbg,exact_iso3,,no_match
nbh,,,,I,L,Ngamo,False,True,,no_match,nbh,exact_iso3,,no_match
nbi,,,,I,L,Mao Naga,False,True,,no_match,nbi,exact_iso3,,no_match
nbj,,,,I,L,Ngarinyman,False,True,,no_match,nbj,exact_iso3,,no_match
nbk,,,,I,L,Nake,False,True,,no_match,nbk,exact_iso3,,no_match
nbl,nbl,nbl,nr,I,L,South Ndebele,False,True,nbl_Latn,exact,nbl;nr,matched_multiple:iso3+iso1,nr,matched_via_bcp47
nbm,,,,I,L,Ngbaka Ma'bo,False,True,,no_match,nbm,exact_iso3,,no_match
nbn,,,,I,L,Kuri,False,True,,no_match,nbn,exact_iso3,,no_match
nbo,,,,I,L,Nkukoli,False,True,,no_match,nbo,exact_iso3,,no_match
nbp,,,,I,L,Nnam,False,True,,no_match,nbp,exact_iso3,,no_match
nbq,,,,I,L,Nggem,False,True,nbq_Latn,exact,nbq,exact_iso3,,no_match
nbr,,,,I,L,Numana,False,True,,no_match,nbr,exact_iso3,,no_match
nbs,,,,I,L,Namibian Sign Language,False,True,,no_match,nbs,exact_iso3,,no_match
nbt,,,,I,L,Na,False,True,,no_match,nbt,exact_iso3,,no_match
nbu,,,,I,L,Rongmei Naga,False,True,nbu_Latn,exact,nbu,exact_iso3,,no_match
nbv,,,,I,L,Ngamambo,False,True,,no_match,nbv,exact_iso3,,no_match
nbw,,,,I,L,Southern Ngbandi,False,True,,no_match,nbw,exact_iso3,,no_match
nby,,,,I,L,Ningera,False,True,,no_match,nby,exact_iso3,,no_match
nca,,,,I,L,Iyo,False,True,nca_Latn,exact,nca,exact_iso3,,no_match
ncb,,,,I,L,Central Nicobarese,False,True,,no_match,ncb,exact_iso3,,no_match
ncc,,,,I,L,Ponam,False,True,,no_match,ncc,exact_iso3,,no_match
ncd,,,,I,L,Nachering,False,True,,no_match,ncd,exact_iso3,,no_match
nce,,,,I,L,Yale,False,True,,no_match,nce,exact_iso3,,no_match
ncf,,,,I,L,Notsi,False,True,,no_match,ncf,exact_iso3,,no_match
ncg,,,,I,L,Nisga'a,False,True,,no_match,ncg,exact_iso3,,no_match
nch,,,,I,L,Central Huasteca Nahuatl,False,True,nch_Latn,exact,nch,exact_iso3,,no_match
nci,,,,I,H,Classical Nahuatl,False,False,,no_match,nci,exact_iso3,,no_match
ncj,,,,I,L,Northern Puebla Nahuatl,False,True,ncj_Latn,exact,ncj,exact_iso3,,no_match
nck,,,,I,L,Na-kara,False,True,,no_match,nck,exact_iso3,,no_match
ncl,,,,I,L,Michoacán Nahuatl,False,True,ncl_Latn,exact,ncl,exact_iso3,,no_match
ncm,,,,I,L,Nambo,False,True,,no_match,ncm,exact_iso3,,no_match
ncn,,,,I,L,Nauna,False,True,,no_match,ncn,exact_iso3,,no_match
nco,,,,I,L,Sibe,False,True,,no_match,nco,exact_iso3,,no_match
ncq,,,,I,L,Northern Katang,False,True,ncq_Laoo,exact,ncq,exact_iso3,,no_match
ncr,,,,I,L,Ncane,False,True,,no_match,ncr,exact_iso3,,no_match
ncs,,,,I,L,Nicaraguan Sign Language,False,True,,no_match,ncs,exact_iso3,,no_match
nct,,,,I,L,Chothe Naga,False,True,nct_Latn,exact,nct,exact_iso3,,no_match
ncu,,,,I,L,Chumburung,False,True,ncu_Latn,exact,ncu,exact_iso3,,no_match
ncx,,,,I,L,Central Puebla Nahuatl,False,True,ncx_Latn,exact,ncx,exact_iso3,ncx,exact_iso3
ncz,,,,I,E,Natchez,False,False,,no_match,ncz,exact_iso3,,no_match
nda,,,,I,L,Ndasa,False,True,,no_match,nda,exact_iso3,,no_match
ndb,,,,I,L,Kenswei Nsei,False,True,,no_match,ndb,exact_iso3,,no_match
ndc,,,,I,L,Ndau,False,True,ndc_Latn,exact,ndc,exact_iso3,,no_match
ndd,,,,I,L,Nde-Nsele-Nta,False,True,,no_match,ndd,exact_iso3,,no_match
nde,nde,nde,nd,I,L,North Ndebele,False,True,nde_Latn,exact,nde;nd,matched_multiple:iso3+iso1,nd,matched_via_bcp47
ndf,,,,I,H,Nadruvian,False,False,,no_match,ndf,exact_iso3,,no_match
ndg,,,,I,L,Ndengereko,False,True,,no_match,ndg,exact_iso3,,no_match
ndh,,,,I,L,Ndali,False,True,ndh_Latn,exact,ndh,exact_iso3,,no_match
ndi,,,,I,L,Samba Leko,False,True,ndi_Latn,exact,ndi,exact_iso3,,no_match
ndj,,,,I,L,Ndamba,False,True,ndj_Latn,exact,ndj,exact_iso3,,no_match
ndk,,,,I,L,Ndaka,False,True,,no_match,ndk,exact_iso3,,no_match
ndl,,,,I,L,Ndolo,False,True,,no_match,ndl,exact_iso3,,no_match
ndm,,,,I,L,Ndam,False,True,,no_match,ndm,exact_iso3,,no_match
ndn,,,,I,L,Ngundi,False,True,,no_match,ndn,exact_iso3,,no_match
ndo,ndo,ndo,ng,I,L,Ndonga,False,True,ndo_Latn,exact,ndo;ng,matched_multiple:iso3+iso1,,no_match
ndp,,,,I,L,Ndo,False,True,,no_match,ndp,exact_iso3,,no_match
ndq,,,,I,L,Ndombe,False,True,,no_match,ndq,exact_iso3,,no_match
ndr,,,,I,L,Ndoola,False,True,,no_match,ndr,exact_iso3,,no_match
nds,nds,nds,,I,L,Low German,False,True,nds_Latn,exact,nds,exact_iso3,,no_match
ndt,,,,I,L,Ndunga,False,True,,no_match,ndt,exact_iso3,,no_match
ndu,,,,I,L,Dugun,False,True,,no_match,ndu,exact_iso3,,no_match
ndv,,,,I,L,Ndut,False,True,,no_match,ndv,exact_iso3,,no_match
ndw,,,,I,L,Ndobo,False,True,,no_match,ndw,exact_iso3,,no_match
ndx,,,,I,L,Nduga,False,True,,no_match,ndx,exact_iso3,,no_match
ndy,,,,I,L,Lutos,False,True,,no_match,ndy,exact_iso3,,no_match
ndz,,,,I,L,Ndogo,False,True,ndz_Latn,exact,ndz,exact_iso3,,no_match
nea,,,,I,L,Eastern Ngad'a,False,True,,no_match,nea,exact_iso3,,no_match
neb,,,,I,L,Toura (Côte d'Ivoire),False,True,neb_Latn,exact,neb,exact_iso3,,no_match
nec,,,,I,L,Nedebang,False,True,,no_match,nec,exact_iso3,,no_match
ned,,,,I,L,Nde-Gbite,False,True,,no_match,ned,exact_iso3,,no_match
nee,,,,I,L,Nêlêmwa-Nixumwak,False,True,,no_match,nee,exact_iso3,,no_match
nef,,,,I,L,Nefamese,False,True,,no_match,nef,exact_iso3,,no_match
neg,,,,I,L,Negidal,False,True,,no_match,neg,exact_iso3,,no_match
neh,,,,I,L,Nyenkha,False,True,,no_match,neh,exact_iso3,,no_match
nei,,,,I,H,Neo-Hittite,False,False,,no_match,nei,exact_iso3,,no_match
nej,,,,I,L,Neko,False,True,,no_match,nej,exact_iso3,,no_match
nek,,,,I,L,Neku,False,True,,no_match,nek,exact_iso3,,no_match
nem,,,,I,L,Nemi,False,True,,no_match,nem,exact_iso3,,no_match
nen,,,,I,L,Nengone,False,True,,no_match,nen,exact_iso3,,no_match
neo,,,,I,L,Ná-Meo,False,True,,no_match,neo,exact_iso3,,no_match
nep,nep,nep,ne,M,L,Nepali (macrolanguage),True,True,,no_match,nep;ne,matched_multiple:iso3+iso1,ne-NP,matched_via_bcp47_region_variant
neq,,,,I,L,North Central Mixe,False,True,,no_match,neq,exact_iso3,,no_match
ner,,,,I,L,Yahadian,False,True,,no_match,ner,exact_iso3,,no_match
nes,,,,I,L,Bhoti Kinnauri,False,True,,no_match,nes,exact_iso3,,no_match
net,,,,I,L,Nete,False,True,,no_match,net,exact_iso3,,no_match
neu,,,,I,C,Neo,False,False,,no_match,neu,exact_iso3,,no_match
nev,,,,I,L,Nyaheun,False,True,,no_match,nev,exact_iso3,,no_match
new,new,new,,I,L,Nepal Bhasa,False,True,new_Deva,exact,new,exact_iso3,new,exact_iso3
nex,,,,I,L,Neme,False,True,,no_match,nex,exact_iso3,,no_match
ney,,,,I,L,Neyo,False,True,,no_match,ney,exact_iso3,,no_match
nez,,,,I,L,Nez Perce,False,True,,no_match,nez,exact_iso3,,no_match
nfa,,,,I,L,Dhao,False,True,nfa_Latn,exact,nfa,exact_iso3,,no_match
nfd,,,,I,L,Ahwai,False,True,,no_match,nfd,exact_iso3,,no_match
nfl,,,,I,L,Ayiwo,False,True,,no_match,nfl,exact_iso3,,no_match
nfr,,,,I,L,Nafaanra,False,True,nfr_Latn,exact,nfr,exact_iso3,,no_match
nfu,,,,I,L,Mfumte,False,True,,no_match,nfu,exact_iso3,,no_match
nga,,,,I,L,Ngbaka,False,True,,no_match,nga,exact_iso3,,no_match
ngb,,,,I,L,Northern Ngbandi,False,True,ngb_Latn,exact,ngb,exact_iso3,,no_match
ngc,,,,I,L,Ngombe (Democratic Republic of Congo),False,True,ngc_Latn,exact,ngc,exact_iso3,,no_match
ngd,,,,I,L,Ngando (Central African Republic),False,True,,no_match,ngd,exact_iso3,,no_match
nge,,,,I,L,Ngemba,False,True,,no_match,nge,exact_iso3,,no_match
ngg,,,,I,L,Ngbaka Manza,False,True,,no_match,ngg,exact_iso3,,no_match
ngh,,,,I,L,Nǁng,False,True,,no_match,ngh,exact_iso3,,no_match
ngi,,,,I,L,Ngizim,False,True,,no_match,ngi,exact_iso3,,no_match
ngj,,,,I,L,Ngie,False,True,,no_match,ngj,exact_iso3,,no_match
ngk,,,,I,L,Dalabon,False,True,,no_match,ngk,exact_iso3,,no_match
ngl,,,,I,L,Lomwe,False,True,ngl_Latn,exact,ngl,exact_iso3,,no_match
ngm,,,,I,L,Ngatik Men's Creole,False,True,,no_match,ngm,exact_iso3,,no_match
ngn,,,,I,L,Ngwo,False,True,,no_match,ngn,exact_iso3,,no_match
ngp,,,,I,L,Ngulu,False,True,ngp_Latn,exact,ngp,exact_iso3,,no_match
ngq,,,,I,L,Ngurimi,False,True,,no_match,ngq,exact_iso3,,no_match
ngr,,,,I,L,Engdewu,False,True,,no_match,ngr,exact_iso3,,no_match
ngs,,,,I,L,Gvoko,False,True,,no_match,ngs,exact_iso3,,no_match
ngt,,,,I,L,Kriang,False,True,,no_match,ngt,exact_iso3,,no_match
ngu,,,,I,L,Guerrero Nahuatl,False,True,ngu_Latn,exact,ngu,exact_iso3,,no_match
ngv,,,,I,E,Nagumi,False,False,,no_match,ngv,exact_iso3,,no_match
ngw,,,,I,L,Ngwaba,False,True,,no_match,ngw,exact_iso3,,no_match
ngx,,,,I,L,Nggwahyi,False,True,,no_match,ngx,exact_iso3,,no_match
ngy,,,,I,L,Tibea,False,True,,no_match,ngy,exact_iso3,,no_match
ngz,,,,I,L,Ngungwel,False,True,,no_match,ngz,exact_iso3,,no_match
nha,,,,I,L,Nhanda,False,True,,no_match,nha,exact_iso3,,no_match
nhb,,,,I,L,Beng,False,True,,no_match,nhb,exact_iso3,,no_match
nhc,,,,I,E,Tabasco Nahuatl,False,False,,no_match,nhc,exact_iso3,,no_match
nhd,,,,I,L,Chiripá,False,True,nhd_Latn,exact,nhd,exact_iso3,,no_match
nhe,,,,I,L,Eastern Huasteca Nahuatl,False,True,nhe_Latn,exact,nhe,exact_iso3,nhe,exact_iso3
nhf,,,,I,L,Nhuwala,False,True,,no_match,nhf,exact_iso3,,no_match
nhg,,,,I,L,Tetelcingo Nahuatl,False,True,nhg_Latn,exact,nhg,exact_iso3,,no_match
nhh,,,,I,L,Nahari,False,True,,no_match,nhh,exact_iso3,,no_match
nhi,,,,I,L,Zacatlán-Ahuacatlán-Tepetzintla Nahuatl,False,True,nhi_Latn,exact,nhi,exact_iso3,nhi,exact_iso3
nhk,,,,I,L,Isthmus-Cosoleacaque Nahuatl,False,True,nhk_Latn,exact,nhk,exact_iso3,,no_match
nhm,,,,I,L,Morelos Nahuatl,False,True,,no_match,nhm,exact_iso3,,no_match
nhn,,,,I,L,Central Nahuatl,False,True,,no_match,nhn,exact_iso3,,no_match
nho,,,,I,L,Takuu,False,True,nho_Latn,exact,nho,exact_iso3,,no_match
nhp,,,,I,L,Isthmus-Pajapan Nahuatl,False,True,,no_match,nhp,exact_iso3,,no_match
nhq,,,,I,L,Huaxcaleca Nahuatl,False,True,,no_match,nhq,exact_iso3,,no_match
nhr,,,,I,L,Naro,False,True,nhr_Latn,exact,nhr,exact_iso3,,no_match
nht,,,,I,L,Ometepec Nahuatl,False,True,,no_match,nht,exact_iso3,,no_match
nhu,,,,I,L,Noone,False,True,nhu_Latn,exact,nhu,exact_iso3,,no_match
nhv,,,,I,L,Temascaltepec Nahuatl,False,True,,no_match,nhv,exact_iso3,,no_match
nhw,,,,I,L,Western Huasteca Nahuatl,False,True,nhw_Latn,exact,nhw,exact_iso3,,no_match
nhx,,,,I,L,Isthmus-Mecayapan Nahuatl,False,True,nhx_Latn,exact,nhx,exact_iso3,,no_match
nhy,,,,I,L,Northern Oaxaca Nahuatl,False,True,nhy_Latn,exact,nhy,exact_iso3,,no_match
nhz,,,,I,L,Santa María La Alta Nahuatl,False,True,,no_match,nhz,exact_iso3,,no_match
nia,nia,nia,,I,L,Nias,False,True,nia_Latn,exact,nia,exact_iso3,nia,exact_iso3
nib,,,,I,L,Nakame,False,True,,no_match,nib,exact_iso3,,no_match
nid,,,,I,E,Ngandi,False,False,,no_match,nid,exact_iso3,,no_match
nie,,,,I,L,Niellim,False,True,,no_match,nie,exact_iso3,,no_match
nif,,,,I,L,Nek,False,True,nif_Latn,exact,nif,exact_iso3,,no_match
nig,,,,I,E,Ngalakgan,False,False,,no_match,nig,exact_iso3,,no_match
nih,,,,I,L,Nyiha (Tanzania),False,True,,no_match,nih,exact_iso3,,no_match
nii,,,,I,L,Nii,False,True,nii_Latn,exact,nii,exact_iso3,,no_match
nij,,,,I,L,Ngaju,False,True,nij_Latn,exact,nij,exact_iso3,,no_match
nik,,,,I,L,Southern Nicobarese,False,True,,no_match,nik,exact_iso3,,no_match
nil,,,,I,L,Nila,False,True,,no_match,nil,exact_iso3,,no_match
nim,,,,I,L,Nilamba,False,True,nim_Latn,exact,nim,exact_iso3,,no_match
nin,,,,I,L,Ninzo,False,True,nin_Latn,exact,nin,exact_iso3,,no_match
nio,,,,I,L,Nganasan,False,True,nio_Cyrl,exact,nio,exact_iso3,,no_match
niq,,,,I,L,Nandi,False,True,,no_match,niq,exact_iso3,,no_match
nir,,,,I,L,Nimboran,False,True,,no_match,nir,exact_iso3,,no_match
nis,,,,I,L,Nimi,False,True,,no_match,nis,exact_iso3,,no_match
nit,,,,I,L,Southeastern Kolami,False,True,,no_match,nit,exact_iso3,,no_match
niu,niu,niu,,I,L,Niuean,False,True,niu_Latn,exact,niu,exact_iso3,,no_match
niv,,,,I,L,Gilyak,False,True,,no_match,niv,exact_iso3,,no_match
niw,,,,I,L,Nimo,False,True,,no_match,niw,exact_iso3,,no_match
nix,,,,I,L,Hema,False,True,,no_match,nix,exact_iso3,,no_match
niy,,,,I,L,Ngiti,False,True,niy_Latn,exact,niy,exact_iso3,,no_match
niz,,,,I,L,Ningil,False,True,,no_match,niz,exact_iso3,,no_match
nja,,,,I,L,Nzanyi,False,True,,no_match,nja,exact_iso3,,no_match
njb,,,,I,L,Nocte Naga,False,True,njb_Latn,exact,njb,exact_iso3,,no_match
njd,,,,I,L,Ndonde Hamba,False,True,,no_match,njd,exact_iso3,,no_match
njh,,,,I,L,Lotha Naga,False,True,,no_match,njh,exact_iso3,,no_match
nji,,,,I,L,Gudanji,False,True,,no_match,nji,exact_iso3,,no_match
njj,,,,I,L,Njen,False,True,,no_match,njj,exact_iso3,,no_match
njl,,,,I,L,Njalgulgule,False,True,,no_match,njl,exact_iso3,,no_match
njm,,,,I,L,Angami Naga,False,True,njm_Latn,exact,njm,exact_iso3,,no_match
njn,,,,I,L,Liangmai Naga,False,True,njn_Latn,exact,njn,exact_iso3,,no_match
njo,,,,I,L,Ao Naga,False,True,njo_Latn,exact,njo,exact_iso3,,no_match
njr,,,,I,L,Njerep,False,True,,no_match,njr,exact_iso3,,no_match
njs,,,,I,L,Nisa,False,True,,no_match,njs,exact_iso3,,no_match
njt,,,,I,L,Ndyuka-Trio Pidgin,False,True,,no_match,njt,exact_iso3,,no_match
nju,,,,I,L,Ngadjunmaya,False,True,,no_match,nju,exact_iso3,,no_match
njx,,,,I,L,Kunyi,False,True,,no_match,njx,exact_iso3,,no_match
njy,,,,I,L,Njyem,False,True,,no_match,njy,exact_iso3,,no_match
njz,,,,I,L,Nyishi,False,True,njz_Latn,exact,njz,exact_iso3,,no_match
nka,,,,I,L,Nkoya,False,True,,no_match,nka,exact_iso3,,no_match
nkb,,,,I,L,Khoibu Naga,False,True,,no_match,nkb,exact_iso3,,no_match
nkc,,,,I,L,Nkongho,False,True,,no_match,nkc,exact_iso3,,no_match
nkd,,,,I,L,Koireng,False,True,,no_match,nkd,exact_iso3,,no_match
nke,,,,I,L,Duke,False,True,,no_match,nke,exact_iso3,,no_match
nkf,,,,I,L,Inpui Naga,False,True,nkf_Latn,exact,nkf,exact_iso3,,no_match
nkg,,,,I,L,Nekgini,False,True,,no_match,nkg,exact_iso3,,no_match
nkh,,,,I,L,Khezha Naga,False,True,,no_match,nkh,exact_iso3,,no_match
nki,,,,I,L,Thangal Naga,False,True,,no_match,nki,exact_iso3,,no_match
nkj,,,,I,L,Nakai,False,True,,no_match,nkj,exact_iso3,,no_match
nkk,,,,I,L,Nokuku,False,True,,no_match,nkk,exact_iso3,,no_match
nkm,,,,I,L,Namat,False,True,,no_match,nkm,exact_iso3,,no_match
nkn,,,,I,L,Nkangala,False,True,,no_match,nkn,exact_iso3,,no_match
nko,,,,I,L,Nkonya,False,True,nko_Latn,exact,nko,exact_iso3,,no_match
nkp,,,,I,E,Niuatoputapu,False,False,,no_match,nkp,exact_iso3,,no_match
nkq,,,,I,L,Nkami,False,True,,no_match,nkq,exact_iso3,,no_match
nkr,,,,I,L,Nukuoro,False,True,,no_match,nkr,exact_iso3,,no_match
nks,,,,I,L,North Asmat,False,True,,no_match,nks,exact_iso3,,no_match
nkt,,,,I,L,Nyika (Tanzania),False,True,,no_match,nkt,exact_iso3,,no_match
nku,,,,I,L,Bouna Kulango,False,True,,no_match,nku,exact_iso3,,no_match
nkv,,,,I,L,Nyika (Malawi and Zambia),False,True,,no_match,nkv,exact_iso3,,no_match
nkw,,,,I,L,Nkutu,False,True,,no_match,nkw,exact_iso3,,no_match
nkx,,,,I,L,Nkoroo,False,True,,no_match,nkx,exact_iso3,,no_match
nkz,,,,I,L,Nkari,False,True,,no_match,nkz,exact_iso3,,no_match
nla,,,,I,L,Ngombale,False,True,,no_match,nla,exact_iso3,nla,exact_iso3
nlc,,,,I,L,Nalca,False,True,,no_match,nlc,exact_iso3,,no_match
nld,dut,nld,nl,I,L,Dutch,False,True,nld_Latn,exact,nld;nl,matched_multiple:iso3+iso1,nl,matched_via_bcp47
nle,,,,I,L,East Nyala,False,True,,no_match,nle,exact_iso3,,no_match
nlg,,,,I,L,Gela,False,True,nlg_Latn,exact,nlg,exact_iso3,,no_match
nli,,,,I,L,Grangali,False,True,,no_match,nli,exact_iso3,,no_match
nlj,,,,I,L,Nyali,False,True,,no_match,nlj,exact_iso3,,no_match
nlk,,,,I,L,Ninia Yali,False,True,,no_match,nlk,exact_iso3,,no_match
nll,,,,I,L,Nihali,False,True,,no_match,nll,exact_iso3,,no_match
nlm,,,,I,L,Mankiyali,False,True,,no_match,nlm,exact_iso3,,no_match
nlo,,,,I,L,Ngul,False,True,,no_match,nlo,exact_iso3,,no_match
nlq,,,,I,L,Lao Naga,False,True,,no_match,nlq,exact_iso3,,no_match
nlu,,,,I,L,Nchumbulu,False,True,,no_match,nlu,exact_iso3,,no_match
nlv,,,,I,L,Orizaba Nahuatl,False,True,,no_match,nlv,exact_iso3,nlv,exact_iso3
nlw,,,,I,E,Walangama,False,False,,no_match,nlw,exact_iso3,,no_match
nlx,,,,I,L,Nahali,False,True,,no_match,nlx,exact_iso3,,no_match
nly,,,,I,L,Nyamal,False,True,,no_match,nly,exact_iso3,,no_match
nlz,,,,I,L,Nalögo,False,True,,no_match,nlz,exact_iso3,,no_match
nma,,,,I,L,Maram Naga,False,True,nma_Latn,exact,nma,exact_iso3,,no_match
nmb,,,,I,L,Big Nambas,False,True,,no_match,nmb,exact_iso3,,no_match
nmc,,,,I,L,Ngam,False,True,,no_match,nmc,exact_iso3,,no_match
nmd,,,,I,L,Ndumu,False,True,,no_match,nmd,exact_iso3,,no_match
nme,,,,I,L,Mzieme Naga,False,True,,no_match,nme,exact_iso3,,no_match
nmf,,,,I,L,Tangkhul Naga (India),False,True,nmf_Latn,exact,nmf,exact_iso3,,no_match
nmg,,,,I,L,Kwasio,False,True,,no_match,nmg,exact_iso3,nmg,exact_iso3
nmh,,,,I,L,Monsang Naga,False,True,nmh_Latn,exact,nmh,exact_iso3,,no_match
nmi,,,,I,L,Nyam,False,True,,no_match,nmi,exact_iso3,,no_match
nmj,,,,I,L,Ngombe (Central African Republic),False,True,,no_match,nmj,exact_iso3,,no_match
nmk,,,,I,L,Namakura,False,True,,no_match,nmk,exact_iso3,,no_match
nml,,,,I,L,Ndemli,False,True,,no_match,nml,exact_iso3,,no_match
nmm,,,,I,L,Manangba,False,True,,no_match,nmm,exact_iso3,,no_match
nmn,,,,I,L,ǃXóõ,False,True,,no_match,nmn,exact_iso3,,no_match
nmo,,,,I,L,Moyon Naga,False,True,nmo_Latn,exact,nmo,exact_iso3,,no_match
nmp,,,,I,E,Nimanbur,False,False,,no_match,nmp,exact_iso3,,no_match
nmq,,,,I,L,Nambya,False,True,,no_match,nmq,exact_iso3,,no_match
nmr,,,,I,E,Nimbari,False,False,,no_match,nmr,exact_iso3,,no_match
nms,,,,I,L,Letemboi,False,True,,no_match,nms,exact_iso3,,no_match
nmt,,,,I,L,Namonuito,False,True,,no_match,nmt,exact_iso3,,no_match
nmu,,,,I,L,Northeast Maidu,False,True,,no_match,nmu,exact_iso3,,no_match
nmv,,,,I,E,Ngamini,False,False,,no_match,nmv,exact_iso3,,no_match
nmw,,,,I,L,Nimoa,False,True,nmw_Latn,exact,nmw,exact_iso3,,no_match
nmx,,,,I,L,Nama (Papua New Guinea),False,True,,no_match,nmx,exact_iso3,,no_match
nmy,,,,I,L,Namuyi,False,True,,no_match,nmy,exact_iso3,,no_match
nmz,,,,I,L,Nawdm,False,True,nmz_Latn,exact,nmz,exact_iso3,nmz,exact_iso3
nna,,,,I,L,Nyangumarta,False,True,,no_match,nna,exact_iso3,,no_match
nnb,,,,I,L,Nande,False,True,nnb_Latn,exact,nnb,exact_iso3,,no_match
nnc,,,,I,L,Nancere,False,True,,no_match,nnc,exact_iso3,,no_match
nnd,,,,I,L,West Ambae,False,True,,no_match,nnd,exact_iso3,,no_match
nne,,,,I,L,Ngandyera,False,True,,no_match,nne,exact_iso3,,no_match
nnf,,,,I,L,Ngaing,False,True,,no_match,nnf,exact_iso3,,no_match
nng,,,,I,L,Maring Naga,False,True,nng_Latn,exact,nng,exact_iso3,,no_match
nnh,,,,I,L,Ngiemboon,False,True,nnh_Latn,exact,nnh,exact_iso3,nnh,exact_iso3
nni,,,,I,L,North Nuaulu,False,True,,no_match,nni,exact_iso3,,no_match
nnj,,,,I,L,Nyangatom,False,True,,no_match,nnj,exact_iso3,,no_match
nnk,,,,I,L,Nankina,False,True,,no_match,nnk,exact_iso3,,no_match
nnl,,,,I,L,Northern Rengma Naga,False,True,nnl_Latn,exact,nnl,exact_iso3,,no_match
nnm,,,,I,L,Namia,False,True,,no_match,nnm,exact_iso3,,no_match
nnn,,,,I,L,Ngete,False,True,,no_match,nnn,exact_iso3,,no_match
nno,nno,nno,nn,I,L,Norwegian Nynorsk,False,True,nno_Latn,exact,nno;nn,matched_multiple:iso3+iso1,nn-NO,matched_via_bcp47_region_variant
nnp,,,,I,L,Wancho Naga,False,True,nnp_Latn,exact,nnp,exact_iso3,,no_match
nnq,,,,I,L,Ngindo,False,True,nnq_Latn,exact,nnq,exact_iso3,,no_match
nnr,,,,I,E,Narungga,False,False,,no_match,nnr,exact_iso3,,no_match
nnt,,,,I,E,Nanticoke,False,False,,no_match,nnt,exact_iso3,,no_match
nnu,,,,I,L,Dwang,False,True,,no_match,nnu,exact_iso3,,no_match
nnv,,,,I,E,Nugunu (Australia),False,False,,no_match,nnv,exact_iso3,,no_match
nnw,,,,I,L,Southern Nuni,False,True,nnw_Latn,exact,nnw,exact_iso3,,no_match
nny,,,,I,E,Nyangga,False,False,,no_match,nny,exact_iso3,,no_match
nnz,,,,I,L,Nda'nda',False,True,,no_match,nnz,exact_iso3,,no_match
noa,,,,I,L,Woun Meu,False,True,noa_Latn,exact,noa,exact_iso3,,no_match
nob,nob,nob,nb,I,L,Norwegian Bokmål,False,True,nob_Latn,exact,nob;nb,matched_multiple:iso3+iso1,nb-NO,matched_via_bcp47_region_variant
noc,,,,I,L,Nuk,False,True,,no_match,noc,exact_iso3,,no_match
nod,,,,I,L,Northern Thai,False,True,nod_Thai,exact,nod,exact_iso3,,no_match
noe,,,,I,L,Nimadi,False,True,,no_match,noe,exact_iso3,,no_match
nof,,,,I,L,Nomane,False,True,,no_match,nof,exact_iso3,,no_match
nog,nog,nog,,I,L,Nogai,False,True,nog_Cyrl,exact,nog,exact_iso3,,no_match
noh,,,,I,L,Nomu,False,True,,no_match,noh,exact_iso3,,no_match
noi,,,,I,L,Noiri,False,True,,no_match,noi,exact_iso3,,no_match
noj,,,,I,L,Nonuya,False,True,,no_match,noj,exact_iso3,,no_match
nok,,,,I,E,Nooksack,False,False,,no_match,nok,exact_iso3,,no_match
nol,,,,I,E,Nomlaki,False,False,,no_match,nol,exact_iso3,,no_match
non,non,non,,I,H,Old Norse,False,False,non_Latn,exact,non,exact_iso3,,no_match
nop,,,,I,L,Numanggang,False,True,nop_Latn,exact,nop,exact_iso3,,no_match
noq,,,,I,L,Ngongo,False,True,,no_match,noq,exact_iso3,,no_match
nor,nor,nor,no,M,L,Norwegian,True,True,,no_match,nor;no,matched_multiple:iso3+iso1,,no_match
nos,,,,I,L,Eastern Nisu,False,True,,no_match,nos,exact_iso3,,no_match
not,,,,I,L,Nomatsiguenga,False,True,not_Latn,exact,not,exact_iso3,,no_match
nou,,,,I,L,Ewage-Notu,False,True,nou_Latn,exact,nou,exact_iso3,,no_match
nov,,,,I,C,Novial,False,False,nov_Latn,exact,nov,exact_iso3,,no_match
now,,,,I,L,Nyambo,False,True,,no_match,now,exact_iso3,,no_match
noy,,,,I,L,Noy,False,True,,no_match,noy,exact_iso3,,no_match
noz,,,,I,L,Nayi,False,True,,no_match,noz,exact_iso3,,no_match
npa,,,,I,L,Nar Phu,False,True,,no_match,npa,exact_iso3,,no_match
npb,,,,I,L,Nupbikha,False,True,,no_match,npb,exact_iso3,,no_match
npg,,,,I,L,Ponyo-Gongwang Naga,False,True,,no_match,npg,exact_iso3,,no_match
nph,,,,I,L,Phom Naga,False,True,nph_Latn,exact,nph,exact_iso3,,no_match
npi,,,,I,L,Nepali (individual language),False,True,npi_Deva;npi_Latn,multi_script,npi,exact_iso3,,no_match
npl,,,,I,L,Southeastern Puebla Nahuatl,False,True,npl_Latn,exact,npl,exact_iso3,,no_match
npn,,,,I,L,Mondropolon,False,True,,no_match,npn,exact_iso3,,no_match
npo,,,,I,L,Pochuri Naga,False,True,npo_Latn,exact,npo,exact_iso3,,no_match
nps,,,,I,L,Nipsan,False,True,,no_match,nps,exact_iso3,,no_match
npu,,,,I,L,Puimei Naga,False,True,,no_match,npu,exact_iso3,,no_match
npx,,,,I,L,Noipx,False,True,,no_match,npx,exact_iso3,,no_match
npy,,,,I,L,Napu,False,True,npy_Latn,exact,npy,exact_iso3,,no_match
nqg,,,,I,L,Southern Nago,False,True,,no_match,nqg,exact_iso3,,no_match
nqk,,,,I,L,Kura Ede Nago,False,True,,no_match,nqk,exact_iso3,,no_match
nql,,,,I,L,Ngendelengo,False,True,,no_match,nql,exact_iso3,,no_match
nqm,,,,I,L,Ndom,False,True,,no_match,nqm,exact_iso3,,no_match
nqn,,,,I,L,Nen,False,True,,no_match,nqn,exact_iso3,,no_match
nqo,nqo,nqo,,I,L,N'Ko,False,True,nqo_Nkoo,exact,nqo,exact_iso3,nqo,exact_iso3
nqq,,,,I,L,Kyan-Karyaw Naga,False,True,,no_match,nqq,exact_iso3,,no_match
nqt,,,,I,L,Nteng,False,True,,no_match,nqt,exact_iso3,,no_match
nqy,,,,I,L,Akyaung Ari Naga,False,True,,no_match,nqy,exact_iso3,,no_match
nra,,,,I,L,Ngom,False,True,,no_match,nra,exact_iso3,,no_match
nrb,,,,I,L,Nara,False,True,,no_match,nrb,exact_iso3,,no_match
nrc,,,,I,H,Noric,False,False,,no_match,nrc,exact_iso3,,no_match
nre,,,,I,L,Southern Rengma Naga,False,True,nre_Latn,exact,nre,exact_iso3,,no_match
nrf,,,,I,L,Jèrriais,False,True,nrf_Latn,exact,nrf,exact_iso3,,no_match
nrg,,,,I,L,Narango,False,True,,no_match,nrg,exact_iso3,,no_match
nri,,,,I,L,Chokri Naga,False,True,nri_Latn,exact,nri,exact_iso3,,no_match
nrk,,,,I,L,Ngarla,False,True,,no_match,nrk,exact_iso3,,no_match
nrl,,,,I,L,Ngarluma,False,True,,no_match,nrl,exact_iso3,,no_match
nrm,,,,I,L,Narom,False,True,nrm_Latn,exact,nrm,exact_iso3,,no_match
nrn,,,,I,E,Norn,False,False,,no_match,nrn,exact_iso3,,no_match
nrp,,,,I,H,North Picene,False,False,,no_match,nrp,exact_iso3,,no_match
nrr,,,,I,E,Norra,False,False,,no_match,nrr,exact_iso3,,no_match
nrt,,,,I,E,Northern Kalapuya,False,False,,no_match,nrt,exact_iso3,,no_match
nru,,,,I,L,Narua,False,True,,no_match,nru,exact_iso3,,no_match
nrx,,,,I,E,Ngurmbur,False,False,,no_match,nrx,exact_iso3,,no_match
nrz,,,,I,L,Lala,False,True,,no_match,nrz,exact_iso3,,no_match
nsa,,,,I,L,Sangtam Naga,False,True,nsa_Latn,exact,nsa,exact_iso3,,no_match
nsb,,,,I,E,Lower Nossob,False,False,,no_match,nsb,exact_iso3,,no_match
nsc,,,,I,L,Nshi,False,True,,no_match,nsc,exact_iso3,,no_match
nsd,,,,I,L,Southern Nisu,False,True,,no_match,nsd,exact_iso3,,no_match
nse,,,,I,L,Nsenga,False,True,nse_Latn,exact,nse,exact_iso3,,no_match
nsf,,,,I,L,Northwestern Nisu,False,True,,no_match,nsf,exact_iso3,,no_match
nsg,,,,I,L,Ngasa,False,True,,no_match,nsg,exact_iso3,,no_match
nsh,,,,I,L,Ngoshie,False,True,,no_match,nsh,exact_iso3,,no_match
nsi,,,,I,L,Nigerian Sign Language,False,True,,no_match,nsi,exact_iso3,,no_match
nsk,,,,I,L,Naskapi,False,True,,no_match,nsk,exact_iso3,,no_match
nsl,,,,I,L,Norwegian Sign Language,False,True,,no_match,nsl,exact_iso3,,no_match
nsm,,,,I,L,Sumi Naga,False,True,nsm_Latn,exact,nsm,exact_iso3,,no_match
nsn,,,,I,L,Nehan,False,True,nsn_Latn,exact,nsn,exact_iso3,,no_match
nso,nso,nso,,I,L,Pedi,False,True,nso_Latn,exact,nso,exact_iso3,nso,exact_iso3
nsp,,,,I,L,Nepalese Sign Language,False,True,,no_match,nsp,exact_iso3,,no_match
nsq,,,,I,L,Northern Sierra Miwok,False,True,,no_match,nsq,exact_iso3,,no_match
nsr,,,,I,L,Maritime Sign Language,False,True,,no_match,nsr,exact_iso3,,no_match
nss,,,,I,L,Nali,False,True,nss_Latn,exact,nss,exact_iso3,,no_match
nst,,,,I,L,Tase Naga,False,True,nst_Latn,exact,nst,exact_iso3,,no_match
nsu,,,,I,L,Sierra Negra Nahuatl,False,True,nsu_Latn,exact,nsu,exact_iso3,,no_match
nsv,,,,I,L,Southwestern Nisu,False,True,,no_match,nsv,exact_iso3,,no_match
nsw,,,,I,L,Navut,False,True,,no_match,nsw,exact_iso3,,no_match
nsx,,,,I,L,Nsongo,False,True,,no_match,nsx,exact_iso3,,no_match
nsy,,,,I,L,Nasal,False,True,,no_match,nsy,exact_iso3,,no_match
nsz,,,,I,L,Nisenan,False,True,,no_match,nsz,exact_iso3,,no_match
ntd,,,,I,L,Northern Tidung,False,True,,no_match,ntd,exact_iso3,,no_match
ntg,,,,I,E,Ngantangarra,False,False,,no_match,ntg,exact_iso3,,no_match
nti,,,,I,L,Natioro,False,True,,no_match,nti,exact_iso3,,no_match
ntj,,,,I,L,Ngaanyatjarra,False,True,,no_match,ntj,exact_iso3,,no_match
ntk,,,,I,L,Ikoma-Nata-Isenye,False,True,,no_match,ntk,exact_iso3,,no_match
ntm,,,,I,L,Nateni,False,True,,no_match,ntm,exact_iso3,,no_match
nto,,,,I,L,Ntomba,False,True,,no_match,nto,exact_iso3,,no_match
ntp,,,,I,L,Northern Tepehuan,False,True,ntp_Latn,exact,ntp,exact_iso3,,no_match
ntr,,,,I,L,Delo,False,True,ntr_Latn,exact,ntr,exact_iso3,,no_match
ntu,,,,I,L,Natügu,False,True,ntu_Latn,exact,ntu,exact_iso3,,no_match
ntw,,,,I,E,Nottoway,False,False,,no_match,ntw,exact_iso3,,no_match
ntx,,,,I,L,Tangkhul Naga (Myanmar),False,True,,no_match,ntx,exact_iso3,,no_match
nty,,,,I,L,Mantsi,False,True,,no_match,nty,exact_iso3,,no_match
ntz,,,,I,L,Natanzi,False,True,,no_match,ntz,exact_iso3,,no_match
nua,,,,I,L,Yuanga,False,True,,no_match,nua,exact_iso3,,no_match
nuc,,,,I,E,Nukuini,False,False,,no_match,nuc,exact_iso3,,no_match
nud,,,,I,L,Ngala,False,True,,no_match,nud,exact_iso3,,no_match
nue,,,,I,L,Ngundu,False,True,,no_match,nue,exact_iso3,,no_match
nuf,,,,I,L,Nusu,False,True,,no_match,nuf,exact_iso3,,no_match
nug,,,,I,E,Nungali,False,False,,no_match,nug,exact_iso3,,no_match
nuh,,,,I,L,Ndunda,False,True,,no_match,nuh,exact_iso3,,no_match
nui,,,,I,L,Ngumbi,False,True,,no_match,nui,exact_iso3,,no_match
nuj,,,,I,L,Nyole,False,True,nuj_Latn,exact,nuj,exact_iso3,,no_match
nuk,,,,I,L,Nuu-chah-nulth,False,True,,no_match,nuk,exact_iso3,,no_match
nul,,,,I,E,Nusa Laut,False,False,,no_match,nul,exact_iso3,,no_match
num,,,,I,L,Niuafo'ou,False,True,,no_match,num,exact_iso3,,no_match
nun,,,,I,L,Anong,False,True,,no_match,nun,exact_iso3,,no_match
nuo,,,,I,L,Nguôn,False,True,,no_match,nuo,exact_iso3,,no_match
nup,,,,I,L,Nupe-Nupe-Tako,False,True,,no_match,nup,exact_iso3,,no_match
nuq,,,,I,L,Nukumanu,False,True,,no_match,nuq,exact_iso3,,no_match
nur,,,,I,L,Nukuria,False,True,,no_match,nur,exact_iso3,,no_match
nus,,,,I,L,Nuer,False,True,nus_Latn,exact,nus,exact_iso3,,no_match
nut,,,,I,L,Nung (Viet Nam),False,True,,no_match,nut,exact_iso3,,no_match
nuu,,,,I,L,Ngbundu,False,True,,no_match,nuu,exact_iso3,,no_match
nuv,,,,I,L,Northern Nuni,False,True,,no_match,nuv,exact_iso3,,no_match
nuw,,,,I,L,Nguluwan,False,True,,no_match,nuw,exact_iso3,,no_match
nux,,,,I,L,Mehek,False,True,,no_match,nux,exact_iso3,,no_match
nuy,,,,I,L,Nunggubuyu,False,True,nuy_Latn,exact,nuy,exact_iso3,,no_match
nuz,,,,I,L,Tlamacazapa Nahuatl,False,True,,no_match,nuz,exact_iso3,,no_match
nvh,,,,I,L,Nasarian,False,True,,no_match,nvh,exact_iso3,,no_match
nvm,,,,I,L,Namiae,False,True,nvm_Latn,exact,nvm,exact_iso3,,no_match
nvo,,,,I,L,Nyokon,False,True,,no_match,nvo,exact_iso3,,no_match
nwa,,,,I,E,Nawathinehena,False,False,,no_match,nwa,exact_iso3,,no_match
nwb,,,,I,L,Nyabwa,False,True,nwb_Latn,exact,nwb,exact_iso3,,no_match
nwc,nwc,nwc,,I,H,Classical Newari,False,False,,no_match,nwc,exact_iso3,,no_match
nwe,,,,I,L,Ngwe,False,True,,no_match,nwe,exact_iso3,,no_match
nwg,,,,I,E,Ngayawung,False,False,,no_match,nwg,exact_iso3,,no_match
nwi,,,,I,L,Southwest Tanna,False,True,nwi_Latn,exact,nwi,exact_iso3,,no_match
nwm,,,,I,L,Nyamusa-Molo,False,True,,no_match,nwm,exact_iso3,,no_match
nwo,,,,I,E,Nauo,False,False,,no_match,nwo,exact_iso3,,no_match
nwr,,,,I,L,Nawaru,False,True,,no_match,nwr,exact_iso3,,no_match
nww,,,,I,L,Ndwewe,False,True,,no_match,nww,exact_iso3,,no_match
nwx,,,,I,H,Middle Newar,False,False,nwx_Deva,exact,nwx,exact_iso3,,no_match
nwy,,,,I,E,Nottoway-Meherrin,False,False,,no_match,nwy,exact_iso3,,no_match
nxa,,,,I,L,Nauete,False,True,,no_match,nxa,exact_iso3,,no_match
nxd,,,,I,L,Ngando (Democratic Republic of Congo),False,True,nxd_Latn,exact,nxd,exact_iso3,,no_match
nxe,,,,I,L,Nage,False,True,,no_match,nxe,exact_iso3,,no_match
nxg,,,,I,L,Ngad'a,False,True,,no_match,nxg,exact_iso3,,no_match
nxi,,,,I,L,Nindi,False,True,,no_match,nxi,exact_iso3,,no_match
nxk,,,,I,L,Koki Naga,False,True,,no_match,nxk,exact_iso3,,no_match
nxl,,,,I,L,South Nuaulu,False,True,,no_match,nxl,exact_iso3,,no_match
nxm,,,,I,H,Numidian,False,False,,no_match,nxm,exact_iso3,,no_match
nxn,,,,I,E,Ngawun,False,False,,no_match,nxn,exact_iso3,,no_match
nxo,,,,I,L,Ndambomo,False,True,,no_match,nxo,exact_iso3,,no_match
nxq,,,,I,L,Naxi,False,True,,no_match,nxq,exact_iso3,,no_match
nxr,,,,I,L,Ninggerum,False,True,,no_match,nxr,exact_iso3,,no_match
nxx,,,,I,L,Nafri,False,True,,no_match,nxx,exact_iso3,,no_match
nya,nya,nya,ny,I,L,Chichewa,False,True,nya_Latn,exact,nya;ny,matched_multiple:iso3+iso1,ny,matched_via_bcp47
nyb,,,,I,L,Nyangbo,False,True,,no_match,nyb,exact_iso3,,no_match
nyc,,,,I,L,Nyanga-li,False,True,,no_match,nyc,exact_iso3,,no_match
nyd,,,,I,L,Nyore,False,True,,no_match,nyd,exact_iso3,,no_match
nye,,,,I,L,Nyengo,False,True,,no_match,nye,exact_iso3,,no_match
nyf,,,,I,L,Giryama,False,True,nyf_Latn,exact,nyf,exact_iso3,,no_match
nyg,,,,I,L,Nyindu,False,True,,no_match,nyg,exact_iso3,,no_match
nyh,,,,I,L,Nyikina,False,True,,no_match,nyh,exact_iso3,,no_match
nyi,,,,I,L,Ama (Sudan),False,True,,no_match,nyi,exact_iso3,,no_match
nyj,,,,I,L,Nyanga,False,True,,no_match,nyj,exact_iso3,,no_match
nyk,,,,I,L,Nyaneka,False,True,nyk_Latn,exact,nyk,exact_iso3,,no_match
nyl,,,,I,L,Nyeu,False,True,,no_match,nyl,exact_iso3,,no_match
nym,nym,nym,,I,L,Nyamwezi,False,True,,no_match,nym,exact_iso3,,no_match
nyn,nyn,nyn,,I,L,Nyankole,False,True,nyn_Latn,exact,nyn,exact_iso3,nyn,exact_iso3
nyo,nyo,nyo,,I,L,Nyoro,False,True,nyo_Latn,exact,nyo,exact_iso3,,no_match
nyp,,,,I,E,Nyang'i,False,False,,no_match,nyp,exact_iso3,,no_match
nyq,,,,I,L,Nayini,False,True,,no_match,nyq,exact_iso3,,no_match
nyr,,,,I,L,Nyiha (Malawi),False,True,,no_match,nyr,exact_iso3,,no_match
nys,,,,I,L,Nyungar,False,True,,no_match,nys,exact_iso3,,no_match
nyt,,,,I,E,Nyawaygi,False,False,,no_match,nyt,exact_iso3,,no_match
nyu,,,,I,L,Nyungwe,False,True,nyu_Latn,exact,nyu,exact_iso3,nyu,exact_iso3
nyv,,,,I,E,Nyulnyul,False,False,,no_match,nyv,exact_iso3,,no_match
nyw,,,,I,L,Nyaw,False,True,,no_match,nyw,exact_iso3,,no_match
nyx,,,,I,E,Nganyaywana,False,False,,no_match,nyx,exact_iso3,,no_match
nyy,,,,I,L,Nyakyusa-Ngonde,False,True,nyy_Latn,exact,nyy,exact_iso3,,no_match
nza,,,,I,L,Tigon Mbembe,False,True,nza_Latn,exact,nza,exact_iso3,,no_match
nzb,,,,I,L,Njebi,False,True,,no_match,nzb,exact_iso3,,no_match
nzd,,,,I,L,Nzadi,False,True,,no_match,nzd,exact_iso3,,no_match
nzi,nzi,nzi,,I,L,Nzima,False,True,nzi_Latn,exact,nzi,exact_iso3,,no_match
nzk,,,,I,L,Nzakara,False,True,,no_match,nzk,exact_iso3,,no_match
nzm,,,,I,L,Zeme Naga,False,True,nzm_Latn,exact,nzm,exact_iso3,,no_match
nzr,,,,I,L,Dir-Nyamzak-Mbarimi,False,True,,no_match,,no_match,,no_match
nzs,,,,I,L,New Zealand Sign Language,False,True,,no_match,nzs,exact_iso3,,no_match
nzu,,,,I,L,Teke-Nzikou,False,True,,no_match,nzu,exact_iso3,,no_match
nzy,,,,I,L,Nzakambay,False,True,,no_match,nzy,exact_iso3,,no_match
nzz,,,,I,L,Nanga Dama Dogon,False,True,,no_match,nzz,exact_iso3,,no_match
oaa,,,,I,L,Orok,False,True,,no_match,oaa,exact_iso3,,no_match
oac,,,,I,L,Oroch,False,True,,no_match,oac,exact_iso3,,no_match
oak,,,,I,L,Noakhali,False,True,,no_match,,no_match,,no_match
oar,,,,I,H,Old Aramaic (up to 700 BCE),False,False,,no_match,oar,exact_iso3,,no_match
oav,,,,I,H,Old Avar,False,False,,no_match,oav,exact_iso3,,no_match
obi,,,,I,E,Obispeño,False,False,,no_match,obi,exact_iso3,,no_match
obk,,,,I,L,Southern Bontok,False,True,,no_match,obk,exact_iso3,,no_match
obl,,,,I,L,Oblo,False,True,,no_match,obl,exact_iso3,,no_match
obm,,,,I,H,Moabite,False,False,,no_match,obm,exact_iso3,,no_match
obo,,,,I,L,Obo Manobo,False,True,obo_Latn,exact,obo,exact_iso3,,no_match
obr,,,,I,H,Old Burmese,False,False,,no_match,obr,exact_iso3,,no_match
obt,,,,I,H,Old Breton,False,False,,no_match,obt,exact_iso3,,no_match
obu,,,,I,L,Obulom,False,True,,no_match,obu,exact_iso3,,no_match
oca,,,,I,L,Ocaina,False,True,,no_match,oca,exact_iso3,,no_match
och,,,,I,H,Old Chinese,False,False,,no_match,och,exact_iso3,,no_match
oci,oci,oci,oc,I,L,Occitan (post 1500),False,True,oci_Latn,exact,oci;oc,matched_multiple:iso3+iso1,oc,matched_via_bcp47
ocm,,,,I,H,Old Cham,False,False,,no_match,ocm,exact_iso3,,no_match
oco,,,,I,H,Old Cornish,False,False,,no_match,oco,exact_iso3,,no_match
ocu,,,,I,L,Atzingo Matlatzinca,False,True,,no_match,ocu,exact_iso3,,no_match
oda,,,,I,L,Odut,False,True,,no_match,oda,exact_iso3,,no_match
odk,,,,I,L,Od,False,True,,no_match,odk,exact_iso3,odk,exact_iso3
odt,,,,I,H,Old Dutch,False,False,,no_match,odt,exact_iso3,,no_match
odu,,,,I,L,Odual,False,True,,no_match,odu,exact_iso3,,no_match
ofo,,,,I,E,Ofo,False,False,,no_match,ofo,exact_iso3,,no_match
ofs,,,,I,H,Old Frisian,False,False,,no_match,ofs,exact_iso3,,no_match
ofu,,,,I,L,Efutop,False,True,,no_match,ofu,exact_iso3,,no_match
ogb,,,,I,L,Ogbia,False,True,,no_match,ogb,exact_iso3,,no_match
ogc,,,,I,L,Ogbah,False,True,,no_match,ogc,exact_iso3,,no_match
oge,,,,I,H,Old Georgian,False,False,,no_match,oge,exact_iso3,,no_match
ogg,,,,I,L,Ogbogolo,False,True,,no_match,ogg,exact_iso3,,no_match
ogo,,,,I,L,Khana,False,True,ogo_Latn,exact,ogo,exact_iso3,,no_match
ogu,,,,I,L,Ogbronuagum,False,True,,no_match,ogu,exact_iso3,,no_match
oht,,,,I,H,Old Hittite,False,False,,no_match,oht,exact_iso3,,no_match
ohu,,,,I,H,Old Hungarian,False,False,,no_match,ohu,exact_iso3,,no_match
oia,,,,I,L,Oirata,False,True,,no_match,oia,exact_iso3,,no_match
oie,,,,I,L,Okolie,False,True,,no_match,oie,exact_iso3,,no_match
oin,,,,I,L,Inebu One,False,True,,no_match,oin,exact_iso3,,no_match
ojb,,,,I,L,Northwestern Ojibwa,False,True,ojb_Cans;ojb_Latn,multi_script,ojb,exact_iso3,,no_match
ojc,,,,I,L,Central Ojibwa,False,True,,no_match,ojc,exact_iso3,,no_match
ojg,,,,I,L,Eastern Ojibwa,False,True,,no_match,ojg,exact_iso3,,no_match
oji,oji,oji,oj,M,L,Ojibwa,True,True,,no_match,oji;oj,matched_multiple:iso3+iso1,,no_match
ojp,,,,I,H,Old Japanese,False,False,,no_match,ojp,exact_iso3,,no_match
ojs,,,,I,L,Severn Ojibwa,False,True,,no_match,ojs,exact_iso3,,no_match
ojv,,,,I,L,Ontong Java,False,True,,no_match,ojv,exact_iso3,,no_match
ojw,,,,I,L,Western Ojibwa,False,True,,no_match,ojw,exact_iso3,,no_match
oka,,,,I,L,Okanagan,False,True,,no_match,oka,exact_iso3,,no_match
okb,,,,I,L,Okobo,False,True,,no_match,okb,exact_iso3,,no_match
okc,,,,I,L,Kobo,False,True,,no_match,okc,exact_iso3,,no_match
okd,,,,I,L,Okodia,False,True,,no_match,okd,exact_iso3,,no_match
oke,,,,I,L,Okpe (Southwestern Edo),False,True,oke_Latn,exact,oke,exact_iso3,,no_match
okg,,,,I,E,Koko Babangk,False,False,,no_match,okg,exact_iso3,,no_match
okh,,,,I,L,Koresh-e Rostam,False,True,,no_match,okh,exact_iso3,,no_match
oki,,,,I,L,Okiek,False,True,,no_match,oki,exact_iso3,,no_match
okj,,,,I,E,Oko-Juwoi,False,False,,no_match,okj,exact_iso3,,no_match
okk,,,,I,L,Kwamtim One,False,True,,no_match,okk,exact_iso3,,no_match
okl,,,,I,E,Old Kentish Sign Language,False,False,,no_match,okl,exact_iso3,,no_match
okm,,,,I,H,Middle Korean (10th-16th cent.),False,False,,no_match,okm,exact_iso3,,no_match
okn,,,,I,L,Oki-No-Erabu,False,True,,no_match,okn,exact_iso3,,no_match
oko,,,,I,H,Old Korean (3rd-9th cent.),False,False,,no_match,oko,exact_iso3,,no_match
okr,,,,I,L,Kirike,False,True,,no_match,okr,exact_iso3,,no_match
oks,,,,I,L,Oko-Eni-Osayen,False,True,,no_match,oks,exact_iso3,,no_match
oku,,,,I,L,Oku,False,True,oku_Latn,exact,oku,exact_iso3,,no_match
okv,,,,I,L,Orokaiva,False,True,okv_Latn,exact,okv,exact_iso3,,no_match
okx,,,,I,L,Okpe (Northwestern Edo),False,True,,no_match,okx,exact_iso3,,no_match
okz,,,,I,H,Old Khmer,False,False,,no_match,okz,exact_iso3,,no_match
ola,,,,I,L,Walungge,False,True,,no_match,ola,exact_iso3,,no_match
olb,,,,I,L,Oli-Bodiman,False,True,,no_match,,no_match,,no_match
old,,,,I,L,Mochi,False,True,old_Latn,exact,old,exact_iso3,,no_match
ole,,,,I,L,Olekha,False,True,,no_match,ole,exact_iso3,,no_match
olk,,,,I,E,Olkol,False,False,,no_match,olk,exact_iso3,,no_match
olm,,,,I,L,Oloma,False,True,,no_match,olm,exact_iso3,,no_match
olo,,,,I,L,Livvi,False,True,olo_Latn,exact,olo,exact_iso3,,no_match
olr,,,,I,L,Olrat,False,True,,no_match,olr,exact_iso3,,no_match
olt,,,,I,H,Old Lithuanian,False,False,,no_match,olt,exact_iso3,,no_match
olu,,,,I,L,Kuvale,False,True,,no_match,olu,exact_iso3,,no_match
oma,,,,I,L,Omaha-Ponca,False,True,,no_match,oma,exact_iso3,,no_match
omb,,,,I,L,East Ambae,False,True,omb_Latn,exact,omb,exact_iso3,,no_match
omc,,,,I,E,Mochica,False,False,,no_match,omc,exact_iso3,,no_match
omg,,,,I,L,Omagua,False,True,,no_match,omg,exact_iso3,,no_match
omi,,,,I,L,Omi,False,True,,no_match,omi,exact_iso3,,no_match
omk,,,,I,E,Omok,False,False,,no_match,omk,exact_iso3,,no_match
oml,,,,I,L,Ombo,False,True,,no_match,oml,exact_iso3,,no_match
omn,,,,I,H,Minoan,False,False,,no_match,omn,exact_iso3,,no_match
omo,,,,I,L,Utarmbung,False,True,,no_match,omo,exact_iso3,,no_match
omp,,,,I,H,Old Manipuri,False,False,,no_match,omp,exact_iso3,,no_match
omr,,,,I,H,Old Marathi,False,False,,no_match,omr,exact_iso3,,no_match
omt,,,,I,L,Omotik,False,True,,no_match,omt,exact_iso3,,no_match
omu,,,,I,E,Omurano,False,False,,no_match,omu,exact_iso3,,no_match
omw,,,,I,L,South Tairora,False,True,omw_Latn,exact,omw,exact_iso3,,no_match
omx,,,,I,H,Old Mon,False,False,,no_match,omx,exact_iso3,,no_match
omy,,,,I,H,Old Malay,False,False,,no_match,omy,exact_iso3,,no_match
ona,,,,I,L,Ona,False,True,,no_match,ona,exact_iso3,,no_match
onb,,,,I,L,Lingao,False,True,,no_match,onb,exact_iso3,,no_match
one,,,,I,L,Oneida,False,True,,no_match,one,exact_iso3,,no_match
ong,,,,I,L,Olo,False,True,ong_Latn,exact,ong,exact_iso3,,no_match
oni,,,,I,L,Onin,False,True,,no_match,oni,exact_iso3,,no_match
onj,,,,I,L,Onjob,False,True,,no_match,onj,exact_iso3,,no_match
onk,,,,I,L,Kabore One,False,True,,no_match,onk,exact_iso3,,no_match
onn,,,,I,L,Onobasulu,False,True,,no_match,onn,exact_iso3,,no_match
ono,,,,I,L,Onondaga,False,True,,no_match,ono,exact_iso3,,no_match
onp,,,,I,L,Sartang,False,True,,no_match,onp,exact_iso3,,no_match
onr,,,,I,L,Northern One,False,True,,no_match,onr,exact_iso3,,no_match
ons,,,,I,L,Ono,False,True,ons_Latn,exact,ons,exact_iso3,,no_match
ont,,,,I,L,Ontenu,False,True,,no_match,ont,exact_iso3,,no_match
onu,,,,I,L,Unua,False,True,,no_match,onu,exact_iso3,,no_match
onw,,,,I,H,Old Nubian,False,False,,no_match,onw,exact_iso3,,no_match
onx,,,,I,L,Onin Based Pidgin,False,True,,no_match,onx,exact_iso3,,no_match
ood,,,,I,L,Tohono O'odham,False,True,ood_Latn,exact,ood,exact_iso3,,no_match
oog,,,,I,L,Ong,False,True,,no_match,oog,exact_iso3,,no_match
oon,,,,I,L,Önge,False,True,,no_match,oon,exact_iso3,,no_match
oor,,,,I,L,Oorlams,False,True,,no_match,oor,exact_iso3,,no_match
oos,,,,I,H,Old Ossetic,False,False,,no_match,oos,exact_iso3,,no_match
opa,,,,I,L,Okpamheri,False,True,,no_match,opa,exact_iso3,,no_match
opk,,,,I,L,Kopkaka,False,True,,no_match,opk,exact_iso3,,no_match
opm,,,,I,L,Oksapmin,False,True,opm_Latn,exact,opm,exact_iso3,,no_match
opo,,,,I,L,Opao,False,True,,no_match,opo,exact_iso3,,no_match
opt,,,,I,E,Opata,False,False,,no_match,opt,exact_iso3,,no_match
opy,,,,I,L,Ofayé,False,True,,no_match,opy,exact_iso3,,no_match
ora,,,,I,L,Oroha,False,True,,no_match,ora,exact_iso3,,no_match
orc,,,,I,L,Orma,False,True,,no_match,orc,exact_iso3,,no_match
ore,,,,I,L,Orejón,False,True,,no_match,ore,exact_iso3,,no_match
org,,,,I,L,Oring,False,True,,no_match,org,exact_iso3,,no_match
orh,,,,I,L,Oroqen,False,True,,no_match,orh,exact_iso3,,no_match
ori,ori,ori,or,M,L,Oriya (macrolanguage),True,True,,no_match,ori;or,matched_multiple:iso3+iso1,or,matched_via_bcp47
orm,orm,orm,om,M,L,Oromo,True,True,,no_match,orm;om,matched_multiple:iso3+iso1,om,matched_via_bcp47
orn,,,,I,L,Orang Kanaq,False,True,,no_match,orn,exact_iso3,,no_match
oro,,,,I,L,Orokolo,False,True,,no_match,oro,exact_iso3,,no_match
orr,,,,I,L,Oruma,False,True,,no_match,orr,exact_iso3,,no_match
ors,,,,I,L,Orang Seletar,False,True,,no_match,ors,exact_iso3,,no_match
ort,,,,I,L,Adivasi Oriya,False,True,,no_match,ort,exact_iso3,,no_match
oru,,,,I,L,Ormuri,False,True,,no_match,oru,exact_iso3,oru,exact_iso3
orv,,,,I,H,Old Russian,False,False,orv_Cyrl,exact,orv,exact_iso3,,no_match
orw,,,,I,L,Oro Win,False,True,,no_match,orw,exact_iso3,,no_match
orx,,,,I,L,Oro,False,True,,no_match,orx,exact_iso3,,no_match
ory,,,,I,L,Odia,False,True,ory_Latn;ory_Orya,multi_script,ory,exact_iso3,,no_match
orz,,,,I,L,Ormu,False,True,,no_match,orz,exact_iso3,,no_match
osa,osa,osa,,I,L,Osage,False,True,,no_match,osa,exact_iso3,,no_match
osc,,,,I,H,Oscan,False,False,,no_match,osc,exact_iso3,,no_match
osd,,,,I,L,Digor Ossetic,False,True,,no_match,,no_match,,no_match
osi,,,,I,L,Osing,False,True,,no_match,osi,exact_iso3,,no_match
osn,,,,I,H,Old Sundanese,False,False,,no_match,osn,exact_iso3,,no_match
oso,,,,I,L,Ososo,False,True,,no_match,oso,exact_iso3,,no_match
osp,,,,I,H,Old Spanish,False,False,,no_match,osp,exact_iso3,,no_match
oss,oss,oss,os,I,L,Iron Ossetic,False,True,oss_Cyrl,exact,oss;os,matched_multiple:iso3+iso1,os,matched_via_bcp47
ost,,,,I,L,Osatu,False,True,,no_match,ost,exact_iso3,,no_match
osu,,,,I,L,Southern One,False,True,,no_match,osu,exact_iso3,,no_match
osx,,,,I,H,Old Saxon,False,False,,no_match,osx,exact_iso3,,no_match
ota,ota,ota,,I,H,Ottoman Turkish (1500-1928),False,False,ota_Arab,exact,ota,exact_iso3,,no_match
otb,,,,I,H,Old Tibetan,False,False,,no_match,otb,exact_iso3,,no_match
otd,,,,I,L,Ot Danum,False,True,otd_Latn,exact,otd,exact_iso3,,no_match
ote,,,,I,L,Mezquital Otomi,False,True,ote_Latn,exact,ote,exact_iso3,,no_match
oti,,,,I,E,Oti,False,False,,no_match,oti,exact_iso3,,no_match
otk,,,,I,H,Old Turkish,False,False,,no_match,otk,exact_iso3,,no_match
otl,,,,I,L,Tilapa Otomi,False,True,,no_match,otl,exact_iso3,,no_match
otm,,,,I,L,Eastern Highland Otomi,False,True,otm_Latn,exact,otm,exact_iso3,,no_match
otn,,,,I,L,Tenango Otomi,False,True,otn_Latn,exact,otn,exact_iso3,,no_match
otq,,,,I,L,Querétaro Otomi,False,True,otq_Latn,exact,otq,exact_iso3,,no_match
otr,,,,I,L,Otoro,False,True,,no_match,otr,exact_iso3,,no_match
ots,,,,I,L,Estado de México Otomi,False,True,ots_Latn,exact,ots,exact_iso3,,no_match
ott,,,,I,L,Temoaya Otomi,False,True,,no_match,ott,exact_iso3,,no_match
otu,,,,I,E,Otuke,False,False,,no_match,otu,exact_iso3,,no_match
otw,,,,I,L,Ottawa,False,True,otw_Latn,exact,otw,exact_iso3,,no_match
otx,,,,I,L,Texcatepec Otomi,False,True,,no_match,otx,exact_iso3,,no_match
oty,,,,I,H,Old Tamil,False,False,,no_match,oty,exact_iso3,,no_match
otz,,,,I,L,Ixtenco Otomi,False,True,,no_match,otz,exact_iso3,,no_match
oua,,,,I,L,Tagargrent,False,True,,no_match,oua,exact_iso3,,no_match
oub,,,,I,L,Glio-Oubi,False,True,,no_match,oub,exact_iso3,,no_match
oue,,,,I,L,Oune,False,True,,no_match,oue,exact_iso3,,no_match
oui,,,,I,H,Old Uighur,False,False,,no_match,oui,exact_iso3,,no_match
oum,,,,I,E,Ouma,False,False,,no_match,oum,exact_iso3,,no_match
ovd,,,,I,L,Elfdalian,False,True,,no_match,ovd,exact_iso3,,no_match
owi,,,,I,L,Owiniga,False,True,,no_match,owi,exact_iso3,,no_match
owl,,,,I,H,Old Welsh,False,False,,no_match,owl,exact_iso3,,no_match
oyb,,,,I,L,Oy,False,True,,no_match,oyb,exact_iso3,,no_match
oyd,,,,I,L,Oyda,False,True,,no_match,oyd,exact_iso3,,no_match
oym,,,,I,L,Wayampi,False,True,oym_Latn,exact,oym,exact_iso3,,no_match
oyy,,,,I,L,Oya'oya,False,True,,no_match,oyy,exact_iso3,,no_match
ozm,,,,I,L,Koonzime,False,True,ozm_Latn,exact,ozm,exact_iso3,,no_match
pab,,,,I,L,Parecís,False,True,pab_Latn,exact,pab,exact_iso3,,no_match
pac,,,,I,L,Pacoh,False,True,,no_match,pac,exact_iso3,,no_match
pad,,,,I,L,Paumarí,False,True,pad_Latn,exact,pad,exact_iso3,,no_match
pae,,,,I,L,Pagibete,False,True,,no_match,pae,exact_iso3,,no_match
paf,,,,I,E,Paranawát,False,False,,no_match,paf,exact_iso3,,no_match
pag,pag,pag,,I,L,Pangasinan,False,True,pag_Latn,exact,pag,exact_iso3,,no_match
pah,,,,I,L,Tenharim,False,True,pah_Latn,exact,pah,exact_iso3,,no_match
pai,,,,I,L,Pe,False,True,,no_match,pai,exact_iso3,,no_match
pak,,,,I,L,Parakanã,False,True,,no_match,pak,exact_iso3,,no_match
pal,pal,pal,,I,H,Pahlavi,False,False,,no_match,pal,exact_iso3,,no_match
pam,pam,pam,,I,L,Pampanga,False,True,pam_Latn,exact,pam,exact_iso3,,no_match
pan,pan,pan,pa,I,L,Panjabi,False,True,pan_Guru;pan_Latn,multi_script,pan;pa,matched_multiple:iso3+iso1,pa-IN,matched_via_bcp47_region_variant
pao,,,,I,L,Northern Paiute,False,True,pao_Latn,exact,pao,exact_iso3,,no_match
pap,pap,pap,,I,L,Papiamento,False,True,pap_Latn,exact,pap,exact_iso3,pap;pap-AW,matched_multiple:exact_iso3+matched_via_bcp47_region_variant
paq,,,,I,L,Parya,False,True,,no_match,paq,exact_iso3,,no_match
par,,,,I,L,Panamint,False,True,,no_match,par,exact_iso3,,no_match
pas,,,,I,L,Papasena,False,True,,no_match,pas,exact_iso3,,no_match
pau,pau,pau,,I,L,Palauan,False,True,pau_Latn,exact,pau,exact_iso3,pau,exact_iso3
pav,,,,I,L,Pakaásnovos,False,True,,no_match,pav,exact_iso3,,no_match
paw,,,,I,L,Pawnee,False,True,,no_match,paw,exact_iso3,,no_match
pax,,,,I,E,Pankararé,False,False,,no_match,pax,exact_iso3,,no_match
pay,,,,I,L,Pech,False,True,,no_match,pay,exact_iso3,,no_match
paz,,,,I,E,Pankararú,False,False,,no_match,paz,exact_iso3,,no_match
pbb,,,,I,L,Páez,False,True,pbb_Latn,exact,pbb,exact_iso3,,no_match
pbc,,,,I,L,Patamona,False,True,pbc_Latn,exact,pbc,exact_iso3,,no_match
pbe,,,,I,L,Mezontla Popoloca,False,True,,no_match,pbe,exact_iso3,,no_match
pbf,,,,I,L,Coyotepec Popoloca,False,True,,no_match,pbf,exact_iso3,,no_match
pbg,,,,I,E,Paraujano,False,False,,no_match,pbg,exact_iso3,,no_match
pbh,,,,I,L,E'ñapa Woromaipu,False,True,,no_match,pbh,exact_iso3,,no_match
pbi,,,,I,L,Parkwa,False,True,pbi_Latn,exact,pbi,exact_iso3,,no_match
pbl,,,,I,L,Mak (Nigeria),False,True,,no_match,pbl,exact_iso3,,no_match
pbm,,,,I,L,Puebla Mazatec,False,True,,no_match,pbm,exact_iso3,,no_match
pbn,,,,I,L,Kpasam,False,True,,no_match,pbn,exact_iso3,,no_match
pbo,,,,I,L,Papel,False,True,,no_match,pbo,exact_iso3,,no_match
pbp,,,,I,L,Badyara,False,True,,no_match,pbp,exact_iso3,,no_match
pbr,,,,I,L,Pangwa,False,True,,no_match,pbr,exact_iso3,,no_match
pbs,,,,I,L,Central Pame,False,True,,no_match,pbs,exact_iso3,,no_match
pbt,,,,I,L,Southern Pashto,False,True,pbt_Arab,exact,pbt,exact_iso3,,no_match
pbu,,,,I,L,Northern Pashto,False,True,,no_match,pbu,exact_iso3,,no_match
pbv,,,,I,L,Pnar,False,True,,no_match,pbv,exact_iso3,,no_match
pby,,,,I,L,Pyu (Papua New Guinea),False,True,,no_match,pby,exact_iso3,,no_match
pca,,,,I,L,Santa Inés Ahuatempan Popoloca,False,True,,no_match,pca,exact_iso3,,no_match
pcb,,,,I,L,Pear,False,True,,no_match,pcb,exact_iso3,,no_match
pcc,,,,I,L,Bouyei,False,True,,no_match,pcc,exact_iso3,,no_match
pcd,,,,I,L,Picard,False,True,pcd_Latn,exact,pcd,exact_iso3,pcd,exact_iso3
pce,,,,I,L,Ruching Palaung,False,True,,no_match,pce,exact_iso3,,no_match
pcf,,,,I,L,Paliyan,False,True,,no_match,pcf,exact_iso3,,no_match
pcg,,,,I,L,Paniya,False,True,,no_match,pcg,exact_iso3,,no_match
pch,,,,I,L,Pardhan,False,True,,no_match,pch,exact_iso3,,no_match
pci,,,,I,L,Duruwa,False,True,,no_match,pci,exact_iso3,,no_match
pcj,,,,I,L,Parenga,False,True,,no_match,pcj,exact_iso3,,no_match
pck,,,,I,L,Paite Chin,False,True,pck_Latn,exact,pck,exact_iso3,,no_match
pcl,,,,I,L,Pardhi,False,True,,no_match,pcl,exact_iso3,,no_match
pcm,,,,I,L,Nigerian Pidgin,False,True,pcm_Latn,exact,pcm,exact_iso3,pcm,exact_iso3
pcn,,,,I,L,Piti,False,True,,no_match,pcn,exact_iso3,,no_match
pcp,,,,I,L,Pacahuara,False,True,,no_match,pcp,exact_iso3,,no_match
pcw,,,,I,L,Pyapun,False,True,,no_match,pcw,exact_iso3,,no_match
pda,,,,I,L,Anam,False,True,,no_match,pda,exact_iso3,,no_match
pdc,,,,I,L,Pennsylvania German,False,True,pdc_Latn,exact,pdc,exact_iso3,,no_match
pdi,,,,I,L,Pa Di,False,True,,no_match,pdi,exact_iso3,,no_match
pdn,,,,I,L,Podena,False,True,,no_match,pdn,exact_iso3,,no_match
pdo,,,,I,L,Padoe,False,True,,no_match,pdo,exact_iso3,,no_match
pdt,,,,I,L,Plautdietsch,False,True,pdt_Latn,exact,pdt,exact_iso3,,no_match
pdu,,,,I,L,Kayan,False,True,,no_match,pdu,exact_iso3,,no_match
pea,,,,I,L,Peranakan Indonesian,False,True,,no_match,pea,exact_iso3,,no_match
peb,,,,I,E,Eastern Pomo,False,False,,no_match,peb,exact_iso3,,no_match
ped,,,,I,L,Mala (Papua New Guinea),False,True,,no_match,ped,exact_iso3,,no_match
pee,,,,I,L,Taje,False,True,,no_match,pee,exact_iso3,,no_match
pef,,,,I,E,Northeastern Pomo,False,False,,no_match,pef,exact_iso3,,no_match
peg,,,,I,L,Pengo,False,True,,no_match,peg,exact_iso3,,no_match
peh,,,,I,L,Bonan,False,True,,no_match,peh,exact_iso3,,no_match
pei,,,,I,L,Chichimeca-Jonaz,False,True,,no_match,pei,exact_iso3,,no_match
pej,,,,I,E,Northern Pomo,False,False,,no_match,pej,exact_iso3,,no_match
pek,,,,I,L,Penchal,False,True,,no_match,pek,exact_iso3,,no_match
pel,,,,I,L,Pekal,False,True,,no_match,pel,exact_iso3,,no_match
pem,,,,I,L,Phende,False,True,pem_Latn,exact,pem,exact_iso3,,no_match
peo,peo,peo,,I,H,Old Persian (ca. 600-400 B.C.),False,False,,no_match,peo,exact_iso3,,no_match
pep,,,,I,L,Kunja,False,True,,no_match,pep,exact_iso3,,no_match
peq,,,,I,L,Southern Pomo,False,True,,no_match,peq,exact_iso3,,no_match
pes,,,,I,L,Iranian Persian,False,True,,no_match,pes,exact_iso3,,no_match
pev,,,,I,L,Pémono,False,True,,no_match,pev,exact_iso3,,no_match
pex,,,,I,L,Petats,False,True,,no_match,pex,exact_iso3,,no_match
pey,,,,I,L,Petjo,False,True,,no_match,pey,exact_iso3,,no_match
pez,,,,I,L,Eastern Penan,False,True,,no_match,pez,exact_iso3,pez,exact_iso3
pfa,,,,I,L,Pááfang,False,True,,no_match,pfa,exact_iso3,,no_match
pfe,,,,I,L,Pere,False,True,pfe_Latn,exact,pfe,exact_iso3,,no_match
pfl,,,,I,L,Pfaelzisch,False,True,pfl_Latn,exact,pfl,exact_iso3,,no_match
pga,,,,I,L,Sudanese Creole Arabic,False,True,,no_match,pga,exact_iso3,,no_match
pgd,,,,I,H,Gāndhārī,False,False,,no_match,pgd,exact_iso3,,no_match
pgg,,,,I,L,Pangwali,False,True,,no_match,pgg,exact_iso3,,no_match
pgi,,,,I,L,Pagi,False,True,,no_match,pgi,exact_iso3,,no_match
pgk,,,,I,L,Rerep,False,True,,no_match,pgk,exact_iso3,,no_match
pgl,,,,I,H,Primitive Irish,False,False,,no_match,pgl,exact_iso3,,no_match
pgn,,,,I,H,Paelignian,False,False,,no_match,pgn,exact_iso3,,no_match
pgs,,,,I,L,Pangseng,False,True,,no_match,pgs,exact_iso3,,no_match
pgu,,,,I,L,Pagu,False,True,,no_match,pgu,exact_iso3,,no_match
pgz,,,,I,L,Papua New Guinean Sign Language,False,True,,no_match,pgz,exact_iso3,,no_match
pha,,,,I,L,Pa-Hng,False,True,,no_match,pha,exact_iso3,,no_match
phd,,,,I,L,Phudagi,False,True,,no_match,phd,exact_iso3,,no_match
phg,,,,I,L,Phuong,False,True,,no_match,phg,exact_iso3,,no_match
phh,,,,I,L,Phukha,False,True,,no_match,phh,exact_iso3,,no_match
phj,,,,I,L,Pahari,False,True,,no_match,phj,exact_iso3,,no_match
phk,,,,I,L,Phake,False,True,,no_match,phk,exact_iso3,,no_match
phl,,,,I,L,Phalura,False,True,,no_match,phl,exact_iso3,phl,exact_iso3
phm,,,,I,L,Phimbi,False,True,phm_Latn,exact,phm,exact_iso3,,no_match
phn,phn,phn,,I,H,Phoenician,False,False,,no_match,phn,exact_iso3,,no_match
pho,,,,I,L,Phunoi,False,True,,no_match,pho,exact_iso3,,no_match
phq,,,,I,L,Phana',False,True,,no_match,phq,exact_iso3,,no_match
phr,,,,I,L,Pahari-Potwari,False,True,,no_match,phr,exact_iso3,phr,exact_iso3
pht,,,,I,L,Phu Thai,False,True,,no_match,pht,exact_iso3,,no_match
phu,,,,I,L,Phuan,False,True,,no_match,phu,exact_iso3,,no_match
phv,,,,I,L,Pahlavani,False,True,,no_match,phv,exact_iso3,,no_match
phw,,,,I,L,Phangduwali,False,True,,no_match,phw,exact_iso3,,no_match
pia,,,,I,L,Pima Bajo,False,True,,no_match,pia,exact_iso3,,no_match
pib,,,,I,L,Yine,False,True,pib_Latn,exact,pib,exact_iso3,,no_match
pic,,,,I,L,Pinji,False,True,,no_match,pic,exact_iso3,,no_match
pid,,,,I,L,Piaroa,False,True,,no_match,pid,exact_iso3,,no_match
pie,,,,I,E,Piro,False,False,,no_match,pie,exact_iso3,,no_match
pif,,,,I,L,Pingelapese,False,True,,no_match,pif,exact_iso3,,no_match
pig,,,,I,L,Pisabo,False,True,,no_match,pig,exact_iso3,,no_match
pih,,,,I,L,Pitcairn-Norfolk,False,True,,no_match,pih,exact_iso3,,no_match
pij,,,,I,E,Pijao,False,False,,no_match,pij,exact_iso3,,no_match
pil,,,,I,L,Yom,False,True,,no_match,pil,exact_iso3,,no_match
pim,,,,I,E,Powhatan,False,False,,no_match,pim,exact_iso3,,no_match
pin,,,,I,L,Piame,False,True,,no_match,pin,exact_iso3,,no_match
pio,,,,I,L,Piapoco,False,True,pio_Latn,exact,pio,exact_iso3,,no_match
pip,,,,I,L,Pero,False,True,,no_match,pip,exact_iso3,,no_match
pir,,,,I,L,Piratapuyo,False,True,pir_Latn,exact,pir,exact_iso3,,no_match
pis,,,,I,L,Pijin,False,True,pis_Latn,exact,pis,exact_iso3,,no_match
pit,,,,I,E,Pitta Pitta,False,False,,no_match,pit,exact_iso3,,no_match
piu,,,,I,L,Pintupi-Luritja,False,True,,no_match,piu,exact_iso3,,no_match
piv,,,,I,L,Pileni,False,True,,no_match,piv,exact_iso3,,no_match
piw,,,,I,L,Pimbwe,False,True,,no_match,piw,exact_iso3,,no_match
pix,,,,I,L,Piu,False,True,,no_match,pix,exact_iso3,,no_match
piy,,,,I,L,Piya-Kwonci,False,True,,no_match,piy,exact_iso3,,no_match
piz,,,,I,L,Pije,False,True,,no_match,piz,exact_iso3,,no_match
pjt,,,,I,L,Pitjantjatjara,False,True,pjt_Latn,exact,pjt,exact_iso3,,no_match
pka,,,,I,H,Ardhamāgadhī Prākrit,False,False,,no_match,pka,exact_iso3,,no_match
pkb,,,,I,L,Pokomo,False,True,pkb_Latn,exact,pkb,exact_iso3,,no_match
pkc,,,,I,H,Paekche,False,False,,no_match,pkc,exact_iso3,,no_match
pkg,,,,I,L,Pak-Tong,False,True,,no_match,pkg,exact_iso3,,no_match
pkh,,,,I,L,Pankhu,False,True,,no_match,pkh,exact_iso3,,no_match
pkn,,,,I,L,Pakanha,False,True,,no_match,pkn,exact_iso3,,no_match
pko,,,,I,L,Pökoot,False,True,,no_match,pko,exact_iso3,,no_match
pkp,,,,I,L,Pukapuka,False,True,,no_match,pkp,exact_iso3,,no_match
pkr,,,,I,L,Attapady Kurumba,False,True,,no_match,pkr,exact_iso3,,no_match
pks,,,,I,L,Pakistan Sign Language,False,True,,no_match,pks,exact_iso3,,no_match
pkt,,,,I,L,Maleng,False,True,,no_match,pkt,exact_iso3,,no_match
pku,,,,I,L,Paku,False,True,,no_match,pku,exact_iso3,,no_match
pla,,,,I,L,Miani,False,True,,no_match,pla,exact_iso3,,no_match
plb,,,,I,L,Polonombauk,False,True,,no_match,plb,exact_iso3,,no_match
plc,,,,I,L,Central Palawano,False,True,,no_match,plc,exact_iso3,,no_match
pld,,,,I,L,Polari,False,True,,no_match,pld,exact_iso3,,no_match
ple,,,,I,L,Palu'e,False,True,,no_match,ple,exact_iso3,,no_match
plg,,,,I,L,Pilagá,False,True,plg_Latn,exact,plg,exact_iso3,,no_match
plh,,,,I,L,Paulohi,False,True,,no_match,plh,exact_iso3,,no_match
pli,pli,pli,pi,I,H,Pali,False,False,,no_match,pli;pi,matched_multiple:iso3+iso1,,no_match
plk,,,,I,L,Kohistani Shina,False,True,,no_match,plk,exact_iso3,plk,exact_iso3
pll,,,,I,L,Shwe Palaung,False,True,,no_match,pll,exact_iso3,,no_match
pln,,,,I,L,Palenquero,False,True,,no_match,pln,exact_iso3,,no_match
plo,,,,I,L,Oluta Popoluca,False,True,,no_match,plo,exact_iso3,,no_match
plq,,,,I,H,Palaic,False,False,,no_match,plq,exact_iso3,,no_match
plr,,,,I,L,Palaka Senoufo,False,True,,no_match,plr,exact_iso3,,no_match
pls,,,,I,L,San Marcos Tlacoyalco Popoloca,False,True,pls_Latn,exact,pls,exact_iso3,,no_match
plt,,,,I,L,Plateau Malagasy,False,True,plt_Latn,exact,plt,exact_iso3,,no_match
plu,,,,I,L,Palikúr,False,True,plu_Latn,exact,plu,exact_iso3,,no_match
plv,,,,I,L,Southwest Palawano,False,True,,no_match,plv,exact_iso3,,no_match
plw,,,,I,L,Brooke's Point Palawano,False,True,plw_Latn,exact,plw,exact_iso3,,no_match
ply,,,,I,L,Bolyu,False,True,,no_match,ply,exact_iso3,,no_match
plz,,,,I,L,Paluan,False,True,,no_match,plz,exact_iso3,,no_match
pma,,,,I,L,Paama,False,True,pma_Latn,exact,pma,exact_iso3,,no_match
pmb,,,,I,L,Pambia,False,True,,no_match,pmb,exact_iso3,,no_match
pmd,,,,I,E,Pallanganmiddang,False,False,,no_match,pmd,exact_iso3,,no_match
pme,,,,I,L,Pwaamei,False,True,,no_match,pme,exact_iso3,,no_match
pmf,,,,I,L,Pamona,False,True,pmf_Latn,exact,pmf,exact_iso3,,no_match
pmh,,,,I,H,Māhārāṣṭri Prākrit,False,False,,no_match,pmh,exact_iso3,,no_match
pmi,,,,I,L,Northern Pumi,False,True,,no_match,pmi,exact_iso3,,no_match
pmj,,,,I,L,Southern Pumi,False,True,,no_match,pmj,exact_iso3,,no_match
pml,,,,I,E,Lingua Franca,False,False,,no_match,pml,exact_iso3,,no_match
pmm,,,,I,L,Pomo,False,True,,no_match,pmm,exact_iso3,,no_match
pmn,,,,I,L,Pam,False,True,,no_match,pmn,exact_iso3,,no_match
pmo,,,,I,L,Pom,False,True,,no_match,pmo,exact_iso3,,no_match
pmq,,,,I,L,Northern Pame,False,True,pmq_Latn,exact,pmq,exact_iso3,,no_match
pmr,,,,I,L,Paynamar,False,True,,no_match,pmr,exact_iso3,,no_match
pms,,,,I,L,Piemontese,False,True,pms_Latn,exact,pms,exact_iso3,,no_match
pmt,,,,I,L,Tuamotuan,False,True,,no_match,pmt,exact_iso3,,no_match
pmw,,,,I,L,Plains Miwok,False,True,,no_match,pmw,exact_iso3,,no_match
pmx,,,,I,L,Poumei Naga,False,True,pmx_Latn,exact,pmx,exact_iso3,,no_match
pmy,,,,I,L,Papuan Malay,False,True,,no_match,pmy,exact_iso3,,no_match
pmz,,,,I,E,Southern Pame,False,False,,no_match,pmz,exact_iso3,,no_match
pna,,,,I,L,Punan Bah-Biau,False,True,,no_match,pna,exact_iso3,,no_match
pnb,,,,I,L,Western Panjabi,False,True,pnb_Arab,exact,pnb,exact_iso3,,no_match
pnc,,,,I,L,Pannei,False,True,,no_match,pnc,exact_iso3,,no_match
pnd,,,,I,L,Mpinda,False,True,,no_match,pnd,exact_iso3,,no_match
pne,,,,I,L,Western Penan,False,True,pne_Latn,exact,pne,exact_iso3,pne,exact_iso3
png,,,,I,L,Pangu,False,True,,no_match,png,exact_iso3,,no_match
pnh,,,,I,L,Penrhyn,False,True,,no_match,pnh,exact_iso3,,no_match
pni,,,,I,L,Aoheng,False,True,,no_match,pni,exact_iso3,,no_match
pnj,,,,I,E,Pinjarup,False,False,,no_match,pnj,exact_iso3,,no_match
pnk,,,,I,L,Paunaka,False,True,,no_match,pnk,exact_iso3,,no_match
pnl,,,,I,L,Paleni,False,True,,no_match,pnl,exact_iso3,,no_match
pnm,,,,I,L,Punan Batu 1,False,True,,no_match,pnm,exact_iso3,,no_match
pnn,,,,I,L,Pinai-Hagahai,False,True,,no_match,pnn,exact_iso3,,no_match
pno,,,,I,E,Panobo,False,False,,no_match,pno,exact_iso3,,no_match
pnp,,,,I,L,Pancana,False,True,,no_match,pnp,exact_iso3,,no_match
pnq,,,,I,L,Pana (Burkina Faso),False,True,,no_match,pnq,exact_iso3,,no_match
pnr,,,,I,L,Panim,False,True,,no_match,pnr,exact_iso3,,no_match
pns,,,,I,L,Ponosakan,False,True,,no_match,pns,exact_iso3,,no_match
pnt,,,,I,L,Pontic,False,True,pnt_Grek,exact,pnt,exact_iso3,,no_match
pnu,,,,I,L,Jiongnai Bunu,False,True,,no_match,pnu,exact_iso3,,no_match
pnv,,,,I,L,Pinigura,False,True,,no_match,pnv,exact_iso3,,no_match
pnw,,,,I,L,Banyjima,False,True,,no_match,pnw,exact_iso3,,no_match
pnx,,,,I,L,Phong-Kniang,False,True,,no_match,pnx,exact_iso3,,no_match
pny,,,,I,L,Pinyin,False,True,pny_Latn,exact,pny,exact_iso3,,no_match
pnz,,,,I,L,Pana (Central African Republic),False,True,,no_match,pnz,exact_iso3,,no_match
poc,,,,I,L,Poqomam,False,True,,no_match,poc,exact_iso3,,no_match
poe,,,,I,L,San Juan Atzingo Popoloca,False,True,poe_Latn,exact,poe,exact_iso3,,no_match
pof,,,,I,L,Poke,False,True,,no_match,pof,exact_iso3,,no_match
pog,,,,I,E,Potiguára,False,False,,no_match,pog,exact_iso3,,no_match
poh,,,,I,L,Poqomchi',False,True,poh_Latn,exact,poh,exact_iso3,,no_match
poi,,,,I,L,Highland Popoluca,False,True,poi_Latn,exact,poi,exact_iso3,,no_match
pok,,,,I,L,Pokangá,False,True,,no_match,pok,exact_iso3,,no_match
pol,pol,pol,pl,I,L,Polish,False,True,pol_Latn,exact,pol;pl,matched_multiple:iso3+iso1,pl,matched_via_bcp47
pom,,,,I,L,Southeastern Pomo,False,True,,no_match,pom,exact_iso3,,no_match
pon,pon,pon,,I,L,Pohnpeian,False,True,pon_Latn,exact,pon,exact_iso3,,no_match
poo,,,,I,E,Central Pomo,False,False,,no_match,poo,exact_iso3,,no_match
pop,,,,I,L,Pwapwâ,False,True,,no_match,pop,exact_iso3,,no_match
poq,,,,I,L,Texistepec Popoluca,False,True,,no_match,poq,exact_iso3,,no_match
por,por,por,pt,I,L,Portuguese,False,True,por_Latn,exact,por;pt,matched_multiple:iso3+iso1,pt,matched_via_bcp47
pos,,,,I,L,Sayula Popoluca,False,True,pos_Latn,exact,pos,exact_iso3,,no_match
pot,,,,I,L,Potawatomi,False,True,pot_Latn,exact,pot,exact_iso3,,no_match
pov,,,,I,L,Upper Guinea Crioulo,False,True,pov_Latn,exact,pov,exact_iso3,,no_match
pow,,,,I,L,San Felipe Otlaltepec Popoloca,False,True,,no_match,pow,exact_iso3,,no_match
pox,,,,I,E,Polabian,False,False,,no_match,pox,exact_iso3,,no_match
poy,,,,I,L,Pogolo,False,True,poy_Latn,exact,poy,exact_iso3,,no_match
ppe,,,,I,L,Papi,False,True,,no_match,ppe,exact_iso3,,no_match
ppi,,,,I,L,Paipai,False,True,,no_match,ppi,exact_iso3,,no_match
ppk,,,,I,L,Uma,False,True,ppk_Latn,exact,ppk,exact_iso3,,no_match
ppl,,,,I,L,Pipil,False,True,,no_match,ppl,exact_iso3,,no_match
ppm,,,,I,L,Papuma,False,True,,no_match,ppm,exact_iso3,,no_match
ppn,,,,I,L,Papapana,False,True,,no_match,ppn,exact_iso3,,no_match
ppo,,,,I,L,Folopa,False,True,ppo_Latn,exact,ppo,exact_iso3,,no_match
ppp,,,,I,L,Pelende,False,True,,no_match,ppp,exact_iso3,,no_match
ppq,,,,I,L,Pei,False,True,,no_match,ppq,exact_iso3,,no_match
pps,,,,I,L,San Luís Temalacayuca Popoloca,False,True,pps_Latn,exact,pps,exact_iso3,,no_match
ppt,,,,I,L,Pare,False,True,,no_match,ppt,exact_iso3,,no_match
ppu,,,,I,E,Papora,False,False,,no_match,ppu,exact_iso3,,no_match
pqa,,,,I,L,Pa'a,False,True,,no_match,pqa,exact_iso3,,no_match
pqm,,,,I,L,Malecite-Passamaquoddy,False,True,,no_match,pqm,exact_iso3,,no_match
prc,,,,I,L,Parachi,False,True,,no_match,prc,exact_iso3,,no_match
prd,,,,I,L,Parsi-Dari,False,True,,no_match,prd,exact_iso3,,no_match
pre,,,,I,L,Principense,False,True,,no_match,pre,exact_iso3,,no_match
prf,,,,I,L,Paranan,False,True,prf_Latn,exact,prf,exact_iso3,,no_match
prg,,,,I,L,Prussian,False,True,prg_Latn,exact,prg,exact_iso3,,no_match
prh,,,,I,L,Porohanon,False,True,,no_match,prh,exact_iso3,,no_match
pri,,,,I,L,Paicî,False,True,pri_Latn,exact,pri,exact_iso3,,no_match
prk,,,,I,L,Parauk,False,True,,no_match,prk,exact_iso3,,no_match
prl,,,,I,L,Peruvian Sign Language,False,True,,no_match,prl,exact_iso3,,no_match
prm,,,,I,L,Kibiri,False,True,,no_match,prm,exact_iso3,,no_match
prn,,,,I,L,Prasuni,False,True,,no_match,prn,exact_iso3,,no_match
pro,pro,pro,,I,H,Old Provençal (to 1500),False,False,,no_match,pro,exact_iso3,,no_match
prq,,,,I,L,Ashéninka Perené,False,True,prq_Latn,exact,prq,exact_iso3,prq,exact_iso3
prr,,,,I,E,Puri,False,False,,no_match,prr,exact_iso3,,no_match
prs,,,,I,L,Dari,False,True,,no_match,prs,exact_iso3,,no_match
prt,,,,I,L,Phai,False,True,,no_match,prt,exact_iso3,,no_match
pru,,,,I,L,Puragi,False,True,,no_match,pru,exact_iso3,,no_match
prw,,,,I,L,Parawen,False,True,,no_match,prw,exact_iso3,,no_match
prx,,,,I,L,Purik,False,True,,no_match,prx,exact_iso3,,no_match
prz,,,,I,L,Providencia Sign Language,False,True,,no_match,prz,exact_iso3,,no_match
psa,,,,I,L,Asue Awyu,False,True,,no_match,psa,exact_iso3,,no_match
psc,,,,I,L,Iranian Sign Language,False,True,,no_match,psc,exact_iso3,,no_match
psd,,,,I,L,Plains Indian Sign Language,False,True,,no_match,psd,exact_iso3,,no_match
pse,,,,I,L,Central Malay,False,True,pse_Latn,exact,pse,exact_iso3,,no_match
psg,,,,I,L,Penang Sign Language,False,True,,no_match,psg,exact_iso3,,no_match
psh,,,,I,L,Southwest Pashai,False,True,,no_match,psh,exact_iso3,,no_match
psi,,,,I,L,Southeast Pashai,False,True,,no_match,psi,exact_iso3,,no_match
psl,,,,I,L,Puerto Rican Sign Language,False,True,,no_match,psl,exact_iso3,,no_match
psm,,,,I,E,Pauserna,False,False,,no_match,psm,exact_iso3,,no_match
psn,,,,I,L,Panasuan,False,True,,no_match,psn,exact_iso3,,no_match
pso,,,,I,L,Polish Sign Language,False,True,,no_match,pso,exact_iso3,,no_match
psp,,,,I,L,Philippine Sign Language,False,True,,no_match,psp,exact_iso3,,no_match
psq,,,,I,L,Pasi,False,True,,no_match,psq,exact_iso3,,no_match
psr,,,,I,L,Portuguese Sign Language,False,True,,no_match,psr,exact_iso3,,no_match
pss,,,,I,L,Kaulong,False,True,pss_Latn,exact,pss,exact_iso3,,no_match
pst,,,,I,L,Central Pashto,False,True,,no_match,pst,exact_iso3,,no_match
psu,,,,I,H,Sauraseni Prākrit,False,False,,no_match,psu,exact_iso3,,no_match
psw,,,,I,L,Port Sandwich,False,True,,no_match,psw,exact_iso3,,no_match
psy,,,,I,E,Piscataway,False,False,,no_match,psy,exact_iso3,,no_match
pta,,,,I,L,Pai Tavytera,False,True,,no_match,pta,exact_iso3,,no_match
pth,,,,I,E,Pataxó Hã-Ha-Hãe,False,False,,no_match,pth,exact_iso3,,no_match
pti,,,,I,L,Pindiini,False,True,,no_match,pti,exact_iso3,,no_match
ptn,,,,I,L,Patani,False,True,,no_match,ptn,exact_iso3,,no_match
pto,,,,I,L,Zo'é,False,True,,no_match,pto,exact_iso3,,no_match
ptp,,,,I,L,Patep,False,True,ptp_Latn,exact,ptp,exact_iso3,,no_match
ptq,,,,I,L,Pattapu,False,True,,no_match,ptq,exact_iso3,,no_match
ptr,,,,I,L,Piamatsina,False,True,,no_match,ptr,exact_iso3,,no_match
ptt,,,,I,L,Enrekang,False,True,,no_match,ptt,exact_iso3,,no_match
ptu,,,,I,L,Bambam,False,True,ptu_Latn,exact,ptu,exact_iso3,,no_match
ptv,,,,I,L,Port Vato,False,True,,no_match,ptv,exact_iso3,,no_match
ptw,,,,I,E,Pentlatch,False,False,,no_match,ptw,exact_iso3,,no_match
pty,,,,I,L,Pathiya,False,True,,no_match,pty,exact_iso3,,no_match
pua,,,,I,L,Western Highland Purepecha,False,True,,no_match,pua,exact_iso3,pua,exact_iso3
pub,,,,I,L,Purum,False,True,,no_match,pub,exact_iso3,,no_match
puc,,,,I,L,Punan Merap,False,True,,no_match,puc,exact_iso3,,no_match
pud,,,,I,L,Punan Aput,False,True,,no_match,pud,exact_iso3,,no_match
pue,,,,I,E,Puelche,False,False,,no_match,pue,exact_iso3,,no_match
puf,,,,I,L,Punan Merah,False,True,,no_match,puf,exact_iso3,,no_match
pug,,,,I,L,Phuie,False,True,,no_match,pug,exact_iso3,,no_match
pui,,,,I,L,Puinave,False,True,pui_Latn,exact,pui,exact_iso3,,no_match
puj,,,,I,L,Punan Tubu,False,True,,no_match,puj,exact_iso3,,no_match
pum,,,,I,L,Puma,False,True,,no_match,pum,exact_iso3,,no_match
puo,,,,I,L,Puoc,False,True,,no_match,puo,exact_iso3,,no_match
pup,,,,I,L,Pulabu,False,True,,no_match,pup,exact_iso3,,no_match
puq,,,,I,E,Puquina,False,False,,no_match,puq,exact_iso3,,no_match
pur,,,,I,L,Puruborá,False,True,,no_match,pur,exact_iso3,,no_match
pus,pus,pus,ps,M,L,Pushto,True,True,,no_match,pus;ps,matched_multiple:iso3+iso1,ps,matched_via_bcp47
put,,,,I,L,Putoh,False,True,,no_match,put,exact_iso3,,no_match
puu,,,,I,L,Punu,False,True,,no_match,puu,exact_iso3,,no_match
puw,,,,I,L,Puluwatese,False,True,,no_match,puw,exact_iso3,,no_match
pux,,,,I,L,Puare,False,True,,no_match,pux,exact_iso3,,no_match
puy,,,,I,E,Purisimeño,False,False,,no_match,puy,exact_iso3,,no_match
pwa,,,,I,L,Pawaia,False,True,,no_match,pwa,exact_iso3,,no_match
pwb,,,,I,L,Panawa,False,True,,no_match,pwb,exact_iso3,,no_match
pwg,,,,I,L,Gapapaiwa,False,True,pwg_Latn,exact,pwg,exact_iso3,,no_match
pwi,,,,I,E,Patwin,False,False,,no_match,pwi,exact_iso3,,no_match
pwm,,,,I,L,Molbog,False,True,,no_match,pwm,exact_iso3,,no_match
pwn,,,,I,L,Paiwan,False,True,pwn_Latn,exact,pwn,exact_iso3,pwn,exact_iso3
pwo,,,,I,L,Pwo Western Karen,False,True,,no_match,pwo,exact_iso3,,no_match
pwr,,,,I,L,Powari,False,True,,no_match,pwr,exact_iso3,,no_match
pww,,,,I,L,Pwo Northern Karen,False,True,pww_Thai,exact,pww,exact_iso3,,no_match
pxm,,,,I,L,Quetzaltepec Mixe,False,True,pxm_Latn,exact,pxm,exact_iso3,,no_match
pye,,,,I,L,Pye Krumen,False,True,,no_match,pye,exact_iso3,,no_match
pym,,,,I,L,Fyam,False,True,,no_match,pym,exact_iso3,,no_match
pyn,,,,I,L,Poyanáwa,False,True,,no_match,pyn,exact_iso3,,no_match
pys,,,,I,L,Paraguayan Sign Language,False,True,,no_match,pys,exact_iso3,,no_match
pyu,,,,I,L,Puyuma,False,True,,no_match,pyu,exact_iso3,,no_match
pyx,,,,I,H,Pyu (Myanmar),False,False,,no_match,pyx,exact_iso3,,no_match
pyy,,,,I,L,Pyen,False,True,,no_match,pyy,exact_iso3,,no_match
pze,,,,I,L,Pesse,False,True,,no_match,,no_match,,no_match
pzh,,,,I,L,Pazeh,False,True,,no_match,pzh,exact_iso3,,no_match
pzn,,,,I,L,Jejara Naga,False,True,,no_match,pzn,exact_iso3,,no_match
qua,,,,I,L,Quapaw,False,True,,no_match,qua,exact_iso3,,no_match
qub,,,,I,L,Huallaga Huánuco Quechua,False,True,qub_Latn,exact,qub,exact_iso3,,no_match
quc,,,,I,L,K'iche',False,True,quc_Latn,exact,quc,exact_iso3,quc,exact_iso3
qud,,,,I,L,Calderón Highland Quichua,False,True,,no_match,qud,exact_iso3,,no_match
que,que,que,qu,M,L,Quechua,True,True,,no_match,que;qu,matched_multiple:iso3+iso1,,no_match
quf,,,,I,L,Lambayeque Quechua,False,True,quf_Latn,exact,quf,exact_iso3,,no_match
qug,,,,I,L,Chimborazo Highland Quichua,False,True,qug_Latn,exact,qug,exact_iso3,qug,exact_iso3
quh,,,,I,L,South Bolivian Quechua,False,True,quh_Latn,exact,quh,exact_iso3,,no_match
qui,,,,I,L,Quileute,False,True,,no_match,qui,exact_iso3,,no_match
quk,,,,I,L,Chachapoyas Quechua,False,True,,no_match,quk,exact_iso3,,no_match
qul,,,,I,L,North Bolivian Quechua,False,True,qul_Latn,exact,qul,exact_iso3,,no_match
qum,,,,I,L,Sipacapense,False,True,,no_match,qum,exact_iso3,,no_match
qun,,,,I,E,Quinault,False,False,,no_match,qun,exact_iso3,,no_match
qup,,,,I,L,Southern Pastaza Quechua,False,True,qup_Latn,exact,qup,exact_iso3,qup,exact_iso3
quq,,,,I,L,Quinqui,False,True,,no_match,quq,exact_iso3,,no_match
qur,,,,I,L,Yanahuanca Pasco Quechua,False,True,,no_match,qur,exact_iso3,qur,exact_iso3
qus,,,,I,L,Santiago del Estero Quichua,False,True,qus_Latn,exact,qus,exact_iso3,qus,exact_iso3
quv,,,,I,L,Sacapulteco,False,True,,no_match,quv,exact_iso3,,no_match
quw,,,,I,L,Tena Lowland Quichua,False,True,quw_Latn,exact,quw,exact_iso3,,no_match
qux,,,,I,L,Yauyos Quechua,False,True,,no_match,qux,exact_iso3,qux,exact_iso3
quy,,,,I,L,Ayacucho Quechua,False,True,quy_Latn,exact,quy,exact_iso3,quy,exact_iso3
quz,,,,I,L,Cusco Quechua,False,True,quz_Latn,exact,quz,exact_iso3,,no_match
qva,,,,I,L,Ambo-Pasco Quechua,False,True,qva_Latn,exact,qva,exact_iso3,qva,exact_iso3
qvc,,,,I,L,Cajamarca Quechua,False,True,qvc_Latn,exact,qvc,exact_iso3,,no_match
qve,,,,I,L,Eastern Apurímac Quechua,False,True,qve_Latn,exact,qve,exact_iso3,,no_match
qvh,,,,I,L,Huamalíes-Dos de Mayo Huánuco Quechua,False,True,qvh_Latn,exact,qvh,exact_iso3,,no_match
qvi,,,,I,L,Imbabura Highland Quichua,False,True,qvi_Latn,exact,qvi,exact_iso3,qvi,exact_iso3
qvj,,,,I,L,Loja Highland Quichua,False,True,,no_match,qvj,exact_iso3,qvj,exact_iso3
qvl,,,,I,L,Cajatambo North Lima Quechua,False,True,,no_match,qvl,exact_iso3,qvl,exact_iso3
qvm,,,,I,L,Margos-Yarowilca-Lauricocha Quechua,False,True,qvm_Latn,exact,qvm,exact_iso3,,no_match
qvn,,,,I,L,North Junín Quechua,False,True,qvn_Latn,exact,qvn,exact_iso3,,no_match
qvo,,,,I,L,Napo Lowland Quechua,False,True,qvo_Latn,exact,qvo,exact_iso3,,no_match
qvp,,,,I,L,Pacaraos Quechua,False,True,,no_match,qvp,exact_iso3,,no_match
qvs,,,,I,L,San Martín Quechua,False,True,qvs_Latn,exact,qvs,exact_iso3,,no_match
qvw,,,,I,L,Huaylla Wanca Quechua,False,True,qvw_Latn,exact,qvw,exact_iso3,,no_match
qvy,,,,I,L,Queyu,False,True,,no_match,qvy,exact_iso3,,no_match
qvz,,,,I,L,Northern Pastaza Quichua,False,True,qvz_Latn,exact,qvz,exact_iso3,,no_match
qwa,,,,I,L,Corongo Ancash Quechua,False,True,,no_match,qwa,exact_iso3,qwa,exact_iso3
qwc,,,,I,H,Classical Quechua,False,False,,no_match,qwc,exact_iso3,,no_match
qwh,,,,I,L,Huaylas Ancash Quechua,False,True,qwh_Latn,exact,qwh,exact_iso3,,no_match
qwm,,,,I,E,Kuman (Russia),False,False,,no_match,qwm,exact_iso3,,no_match
qws,,,,I,L,Sihuas Ancash Quechua,False,True,,no_match,qws,exact_iso3,qws,exact_iso3
qwt,,,,I,E,Kwalhioqua-Tlatskanai,False,False,,no_match,qwt,exact_iso3,,no_match
qxa,,,,I,L,Chiquián Ancash Quechua,False,True,,no_match,qxa,exact_iso3,qxa,exact_iso3
qxc,,,,I,L,Chincha Quechua,False,True,,no_match,qxc,exact_iso3,,no_match
qxh,,,,I,L,Panao Huánuco Quechua,False,True,qxh_Latn,exact,qxh,exact_iso3,,no_match
qxl,,,,I,L,Salasaca Highland Quichua,False,True,qxl_Latn,exact,qxl,exact_iso3,,no_match
qxn,,,,I,L,Northern Conchucos Ancash Quechua,False,True,qxn_Latn,exact,qxn,exact_iso3,,no_match
qxo,,,,I,L,Southern Conchucos Ancash Quechua,False,True,qxo_Latn,exact,qxo,exact_iso3,,no_match
qxp,,,,I,L,Puno Quechua,False,True,,no_match,qxp,exact_iso3,qxp,exact_iso3
qxq,,,,I,L,Qashqa'i,False,True,,no_match,qxq,exact_iso3,qxq,exact_iso3
qxr,,,,I,L,Cañar Highland Quichua,False,True,qxr_Latn,exact,qxr,exact_iso3,,no_match
qxs,,,,I,L,Southern Qiang,False,True,,no_match,qxs,exact_iso3,,no_match
qxt,,,,I,L,Santa Ana de Tusi Pasco Quechua,False,True,,no_match,qxt,exact_iso3,qxt,exact_iso3
qxu,,,,I,L,Arequipa-La Unión Quechua,False,True,,no_match,qxu,exact_iso3,qxu,exact_iso3
qxw,,,,I,L,Jauja Wanca Quechua,False,True,,no_match,qxw,exact_iso3,qxw,exact_iso3
qya,,,,I,C,Quenya,False,False,,no_match,qya,exact_iso3,,no_match
qyp,,,,I,E,Quiripi,False,False,,no_match,qyp,exact_iso3,,no_match
raa,,,,I,L,Dungmali,False,True,,no_match,raa,exact_iso3,,no_match
rab,,,,I,L,Camling,False,True,,no_match,rab,exact_iso3,,no_match
rac,,,,I,L,Rasawa,False,True,,no_match,rac,exact_iso3,,no_match
rad,,,,I,L,Rade,False,True,rad_Latn,exact,rad,exact_iso3,,no_match
raf,,,,I,L,Western Meohang,False,True,,no_match,raf,exact_iso3,,no_match
rag,,,,I,L,Logooli,False,True,,no_match,rag,exact_iso3,,no_match
rah,,,,I,L,Rabha,False,True,,no_match,rah,exact_iso3,,no_match
rai,,,,I,L,Ramoaaina,False,True,rai_Latn,exact,rai,exact_iso3,,no_match
raj,raj,raj,,M,L,Rajasthani,True,True,,no_match,raj,exact_iso3,,no_match
rak,,,,I,L,Tulu-Bohuai,False,True,,no_match,rak,exact_iso3,,no_match
ral,,,,I,L,Ralte,False,True,,no_match,ral,exact_iso3,,no_match
ram,,,,I,L,Canela,False,True,,no_match,ram,exact_iso3,,no_match
ran,,,,I,L,Riantana,False,True,,no_match,ran,exact_iso3,,no_match
rao,,,,I,L,Rao,False,True,,no_match,rao,exact_iso3,,no_match
rap,rap,rap,,I,L,Rapanui,False,True,rap_Latn,exact,rap,exact_iso3,,no_match
raq,,,,I,L,Saam,False,True,,no_match,raq,exact_iso3,,no_match
rar,rar,rar,,I,L,Rarotongan,False,True,rar_Latn,exact,rar,exact_iso3,,no_match
ras,,,,I,L,Tegali,False,True,,no_match,ras,exact_iso3,,no_match
rat,,,,I,L,Razajerdi,False,True,,no_match,rat,exact_iso3,,no_match
rau,,,,I,L,Raute,False,True,,no_match,rau,exact_iso3,,no_match
rav,,,,I,L,Sampang,False,True,rav_Deva,exact,rav,exact_iso3,,no_match
raw,,,,I,L,Rawang,False,True,raw_Latn,exact,raw,exact_iso3,,no_match
rax,,,,I,L,Rang,False,True,,no_match,rax,exact_iso3,,no_match
ray,,,,I,L,Rapa,False,True,,no_match,ray,exact_iso3,,no_match
raz,,,,I,L,Rahambuu,False,True,,no_match,raz,exact_iso3,,no_match
rbb,,,,I,L,Rumai Palaung,False,True,,no_match,rbb,exact_iso3,,no_match
rbk,,,,I,L,Northern Bontok,False,True,,no_match,rbk,exact_iso3,,no_match
rbl,,,,I,L,Miraya Bikol,False,True,,no_match,rbl,exact_iso3,,no_match
rbp,,,,I,E,Barababaraba,False,False,,no_match,rbp,exact_iso3,,no_match
rcf,,,,I,L,Réunion Creole French,False,True,rcf_Latn,exact,rcf,exact_iso3,,no_match
rdb,,,,I,L,Rudbari,False,True,,no_match,rdb,exact_iso3,,no_match
rea,,,,I,L,Rerau,False,True,,no_match,rea,exact_iso3,,no_match
reb,,,,I,L,Rembong,False,True,,no_match,reb,exact_iso3,,no_match
ree,,,,I,L,Rejang Kayan,False,True,,no_match,ree,exact_iso3,,no_match
reg,,,,I,L,Kara (Tanzania),False,True,,no_match,reg,exact_iso3,,no_match
rei,,,,I,L,Reli,False,True,,no_match,rei,exact_iso3,,no_match
rej,,,,I,L,Rejang,False,True,rej_Latn,exact,rej,exact_iso3,,no_match
rel,,,,I,L,Rendille,False,True,rel_Latn,exact,rel,exact_iso3,,no_match
rem,,,,I,E,Remo,False,False,,no_match,rem,exact_iso3,,no_match
ren,,,,I,L,Rengao,False,True,,no_match,ren,exact_iso3,,no_match
rer,,,,I,E,Rer Bare,False,False,,no_match,rer,exact_iso3,,no_match
res,,,,I,L,Reshe,False,True,,no_match,res,exact_iso3,,no_match
ret,,,,I,L,Retta,False,True,,no_match,ret,exact_iso3,,no_match
rey,,,,I,L,Reyesano,False,True,,no_match,rey,exact_iso3,,no_match
rga,,,,I,L,Roria,False,True,,no_match,rga,exact_iso3,,no_match
rge,,,,I,L,Romano-Greek,False,True,,no_match,rge,exact_iso3,,no_match
rgk,,,,I,E,Rangkas,False,False,,no_match,rgk,exact_iso3,,no_match
rgn,,,,I,L,Romagnol,False,True,,no_match,rgn,exact_iso3,,no_match
rgr,,,,I,L,Resígaro,False,True,,no_match,rgr,exact_iso3,,no_match
rgs,,,,I,L,Southern Roglai,False,True,,no_match,rgs,exact_iso3,,no_match
rgu,,,,I,L,Ringgou,False,True,rgu_Latn,exact,rgu,exact_iso3,,no_match
rhg,,,,I,L,Rohingya,False,True,rhg_Latn,exact,rhg,exact_iso3,,no_match
rhp,,,,I,L,Yahang,False,True,,no_match,rhp,exact_iso3,,no_match
ria,,,,I,L,Riang (India),False,True,ria_Latn,exact,ria,exact_iso3,,no_match
rib,,,,I,L,Bribri Sign Language,False,True,,no_match,rib,exact_iso3,,no_match
rif,,,,I,L,Tarifit,False,True,,no_match,rif,exact_iso3,rif,exact_iso3
ril,,,,I,L,Riang Lang,False,True,,no_match,ril,exact_iso3,,no_match
rim,,,,I,L,Nyaturu,False,True,rim_Latn,exact,rim,exact_iso3,,no_match
rin,,,,I,L,Nungu,False,True,,no_match,rin,exact_iso3,,no_match
rir,,,,I,L,Ribun,False,True,,no_match,rir,exact_iso3,,no_match
rit,,,,I,L,Ritharrngu,False,True,,no_match,rit,exact_iso3,,no_match
riu,,,,I,L,Riung,False,True,,no_match,riu,exact_iso3,,no_match
rjg,,,,I,L,Rajong,False,True,,no_match,rjg,exact_iso3,,no_match
rji,,,,I,L,Raji,False,True,,no_match,rji,exact_iso3,,no_match
rjs,,,,I,L,Rajbanshi,False,True,rjs_Deva,exact,rjs,exact_iso3,,no_match
rka,,,,I,L,Kraol,False,True,,no_match,rka,exact_iso3,,no_match
rkb,,,,I,L,Rikbaktsa,False,True,rkb_Latn,exact,rkb,exact_iso3,,no_match
rkh,,,,I,L,Rakahanga-Manihiki,False,True,,no_match,rkh,exact_iso3,,no_match
rki,,,,I,L,Rakhine,False,True,,no_match,rki,exact_iso3,rki,exact_iso3
rkm,,,,I,L,Marka,False,True,,no_match,rkm,exact_iso3,,no_match
rkt,,,,I,L,Rangpuri,False,True,,no_match,rkt,exact_iso3,,no_match
rkw,,,,I,E,Arakwal,False,False,,no_match,rkw,exact_iso3,,no_match
rma,,,,I,L,Rama,False,True,,no_match,rma,exact_iso3,,no_match
rmb,,,,I,L,Rembarrnga,False,True,,no_match,rmb,exact_iso3,,no_match
rmc,,,,I,L,Carpathian Romani,False,True,rmc_Latn,exact,rmc,exact_iso3,,no_match
rmd,,,,I,E,Traveller Danish,False,False,,no_match,rmd,exact_iso3,,no_match
rme,,,,I,L,Angloromani,False,True,rme_Latn,exact,rme,exact_iso3,,no_match
rmf,,,,I,L,Kalo Finnish Romani,False,True,,no_match,rmf,exact_iso3,,no_match
rmg,,,,I,L,Traveller Norwegian,False,True,,no_match,rmg,exact_iso3,,no_match
rmh,,,,I,L,Murkim,False,True,,no_match,rmh,exact_iso3,,no_match
rmi,,,,I,L,Lomavren,False,True,,no_match,rmi,exact_iso3,,no_match
rmk,,,,I,L,Romkun,False,True,,no_match,rmk,exact_iso3,,no_match
rml,,,,I,L,Baltic Romani,False,True,rml_Latn,exact,rml,exact_iso3,,no_match
rmm,,,,I,L,Roma,False,True,,no_match,rmm,exact_iso3,,no_match
rmn,,,,I,L,Balkan Romani,False,True,rmn_Cyrl;rmn_Grek;rmn_Latn,multi_script,rmn,exact_iso3,,no_match
rmo,,,,I,L,Sinte Romani,False,True,rmo_Latn,exact,rmo,exact_iso3,,no_match
rmp,,,,I,L,Rempi,False,True,,no_match,rmp,exact_iso3,,no_match
rmq,,,,I,L,Caló,False,True,rmq_Latn,exact,rmq,exact_iso3,,no_match
rms,,,,I,L,Romanian Sign Language,False,True,,no_match,rms,exact_iso3,,no_match
rmt,,,,I,L,Domari,False,True,,no_match,rmt,exact_iso3,,no_match
rmu,,,,I,L,Tavringer Romani,False,True,,no_match,rmu,exact_iso3,,no_match
rmv,,,,I,C,Romanova,False,False,,no_match,rmv,exact_iso3,,no_match
rmw,,,,I,L,Welsh Romani,False,True,,no_match,rmw,exact_iso3,,no_match
rmx,,,,I,L,Romam,False,True,,no_match,rmx,exact_iso3,,no_match
rmy,,,,I,L,Vlax Romani,False,True,rmy_Cyrl;rmy_Latn,multi_script,rmy,exact_iso3,,no_match
rmz,,,,I,L,Marma,False,True,,no_match,rmz,exact_iso3,,no_match
rnb,,,,I,L,Brunca Sign Language,False,True,,no_match,rnb,exact_iso3,,no_match
rnd,,,,I,L,Ruund,False,True,rnd_Latn,exact,rnd,exact_iso3,,no_match
rng,,,,I,L,Ronga,False,True,rng_Latn,exact,rng,exact_iso3,,no_match
rnl,,,,I,L,Ranglong,False,True,rnl_Latn,exact,rnl,exact_iso3,,no_match
rnn,,,,I,L,Roon,False,True,,no_match,rnn,exact_iso3,,no_match
rnp,,,,I,L,Rongpo,False,True,,no_match,rnp,exact_iso3,,no_match
rnr,,,,I,E,Nari Nari,False,False,,no_match,rnr,exact_iso3,,no_match
rnw,,,,I,L,Rungwa,False,True,,no_match,rnw,exact_iso3,,no_match
rob,,,,I,L,Tae',False,True,,no_match,rob,exact_iso3,,no_match
roc,,,,I,L,Cacgia Roglai,False,True,,no_match,roc,exact_iso3,,no_match
rod,,,,I,L,Rogo,False,True,,no_match,rod,exact_iso3,,no_match
roe,,,,I,L,Ronji,False,True,,no_match,roe,exact_iso3,,no_match
rof,,,,I,L,Rombo,False,True,,no_match,rof,exact_iso3,rof,exact_iso3
rog,,,,I,L,Northern Roglai,False,True,,no_match,rog,exact_iso3,,no_match
roh,roh,roh,rm,I,L,Romansh,False,True,roh_Latn,exact,roh;rm,matched_multiple:iso3+iso1,rm-sursilv;rm-vallader,matched_multiple:matched_via_bcp47_region_variant
rol,,,,I,L,Romblomanon,False,True,,no_match,rol,exact_iso3,,no_match
rom,rom,rom,,M,L,Romany,True,True,,no_match,rom,exact_iso3,,no_match
ron,rum,ron,ro,I,L,Romanian,False,True,ron_Cyrl;ron_Latn,multi_script,ron;ro,matched_multiple:iso3+iso1,ro,matched_via_bcp47
roo,,,,I,L,Rotokas,False,True,roo_Latn,exact,roo,exact_iso3,,no_match
rop,,,,I,L,Kriol,False,True,rop_Latn,exact,rop,exact_iso3,,no_match
ror,,,,I,L,Rongga,False,True,,no_match,ror,exact_iso3,,no_match
rou,,,,I,L,Runga,False,True,,no_match,rou,exact_iso3,,no_match
row,,,,I,L,Dela-Oenale,False,True,row_Latn,exact,row,exact_iso3,,no_match
rpn,,,,I,L,Repanbitip,False,True,,no_match,rpn,exact_iso3,,no_match
rpt,,,,I,L,Rapting,False,True,,no_match,rpt,exact_iso3,,no_match
rri,,,,I,L,Ririo,False,True,,no_match,rri,exact_iso3,,no_match
rrm,,,,I,E,Moriori,False,False,,no_match,,no_match,,no_match
rro,,,,I,L,Waima,False,True,rro_Latn,exact,rro,exact_iso3,,no_match
rrt,,,,I,E,Arritinngithigh,False,False,,no_match,rrt,exact_iso3,,no_match
rsb,,,,I,L,Romano-Serbian,False,True,,no_match,rsb,exact_iso3,,no_match
rsk,,,,I,L,Ruthenian,False,True,,no_match,rsk,exact_iso3,,no_match
rsl,,,,I,L,Russian Sign Language,False,True,,no_match,rsl,exact_iso3,,no_match
rsm,,,,I,L,Miriwoong Sign Language,False,True,,no_match,rsm,exact_iso3,,no_match
rsn,,,,I,L,Rwandan Sign Language,False,True,,no_match,rsn,exact_iso3,,no_match
rsw,,,,I,L,Rishiwa,False,True,,no_match,rsw,exact_iso3,,no_match
rtc,,,,I,L,Rungtu Chin,False,True,,no_match,rtc,exact_iso3,,no_match
rth,,,,I,L,Ratahan,False,True,,no_match,rth,exact_iso3,,no_match
rtm,,,,I,L,Rotuman,False,True,rtm_Latn,exact,rtm,exact_iso3,,no_match
rts,,,,I,E,Yurats,False,False,,no_match,rts,exact_iso3,,no_match
rtw,,,,I,L,Rathawi,False,True,,no_match,rtw,exact_iso3,,no_match
rub,,,,I,L,Gungu,False,True,rub_Latn,exact,rub,exact_iso3,,no_match
ruc,,,,I,L,Ruuli,False,True,,no_match,ruc,exact_iso3,ruc,exact_iso3
rue,,,,I,L,Rusyn,False,True,rue_Cyrl,exact,rue,exact_iso3,,no_match
ruf,,,,I,L,Luguru,False,True,ruf_Latn,exact,ruf,exact_iso3,,no_match
rug,,,,I,L,Roviana,False,True,rug_Latn,exact,rug,exact_iso3,,no_match
ruh,,,,I,L,Ruga,False,True,,no_match,ruh,exact_iso3,,no_match
rui,,,,I,L,Rufiji,False,True,,no_match,rui,exact_iso3,,no_match
ruk,,,,I,L,Che,False,True,,no_match,ruk,exact_iso3,,no_match
run,run,run,rn,I,L,Rundi,False,True,run_Latn,exact,run;rn,matched_multiple:iso3+iso1,rn,matched_via_bcp47
ruo,,,,I,L,Istro Romanian,False,True,,no_match,ruo,exact_iso3,,no_match
rup,rup,rup,,I,L,Macedo-Romanian,False,True,rup_Latn,exact,rup,exact_iso3,rup,exact_iso3
ruq,,,,I,L,Megleno Romanian,False,True,,no_match,ruq,exact_iso3,,no_match
rus,rus,rus,ru,I,L,Russian,False,True,rus_Cyrl,exact,rus;ru,matched_multiple:iso3+iso1,ru,matched_via_bcp47
rut,,,,I,L,Rutul,False,True,,no_match,rut,exact_iso3,,no_match
ruu,,,,I,L,Lanas Lobu,False,True,,no_match,ruu,exact_iso3,,no_match
ruy,,,,I,L,Mala (Nigeria),False,True,,no_match,ruy,exact_iso3,,no_match
ruz,,,,I,L,Ruma,False,True,,no_match,ruz,exact_iso3,,no_match
rwa,,,,I,L,Rawo,False,True,,no_match,rwa,exact_iso3,,no_match
rwk,,,,I,L,Rwa,False,True,,no_match,rwk,exact_iso3,,no_match
rwl,,,,I,L,Ruwila,False,True,,no_match,rwl,exact_iso3,,no_match
rwm,,,,I,L,Amba (Uganda),False,True,,no_match,rwm,exact_iso3,rwm,exact_iso3
rwo,,,,I,L,Rawa,False,True,rwo_Latn,exact,rwo,exact_iso3,,no_match
rwr,,,,I,L,Marwari (India),False,True,,no_match,rwr,exact_iso3,,no_match
rxd,,,,I,L,Ngardi,False,True,,no_match,rxd,exact_iso3,,no_match
rxw,,,,I,E,Karuwali,False,False,,no_match,rxw,exact_iso3,,no_match
ryn,,,,I,L,Northern Amami-Oshima,False,True,,no_match,ryn,exact_iso3,,no_match
rys,,,,I,L,Yaeyama,False,True,,no_match,rys,exact_iso3,,no_match
ryu,,,,I,L,Central Okinawan,False,True,,no_match,ryu,exact_iso3,,no_match
rzh,,,,I,L,Rāziḥī,False,True,,no_match,rzh,exact_iso3,,no_match
saa,,,,I,L,Saba,False,True,,no_match,saa,exact_iso3,,no_match
sab,,,,I,L,Buglere,False,True,sab_Latn,exact,sab,exact_iso3,,no_match
sac,,,,I,L,Meskwaki,False,True,,no_match,sac,exact_iso3,,no_match
sad,sad,sad,,I,L,Sandawe,False,True,,no_match,sad,exact_iso3,,no_match
sae,,,,I,L,Sabanê,False,True,,no_match,sae,exact_iso3,,no_match
saf,,,,I,L,Safaliba,False,True,,no_match,saf,exact_iso3,,no_match
sag,sag,sag,sg,I,L,Sango,False,True,sag_Latn,exact,sag;sg,matched_multiple:iso3+iso1,sg,matched_via_bcp47
sah,sah,sah,,I,L,Yakut,False,True,sah_Cyrl,exact,sah,exact_iso3,sah,exact_iso3
saj,,,,I,L,Sahu,False,True,,no_match,saj,exact_iso3,,no_match
sak,,,,I,L,Sake,False,True,,no_match,sak,exact_iso3,,no_match
sam,sam,sam,,I,E,Samaritan Aramaic,False,False,,no_match,sam,exact_iso3,,no_match
san,san,san,sa,M,H,Sanskrit,True,False,san_Deva;san_Latn,multi_script,san;sa,matched_multiple:iso3+iso1,,no_match
sao,,,,I,L,Sause,False,True,,no_match,sao,exact_iso3,,no_match
saq,,,,I,L,Samburu,False,True,,no_match,saq,exact_iso3,,no_match
sar,,,,I,E,Saraveca,False,False,,no_match,sar,exact_iso3,,no_match
sas,sas,sas,,I,L,Sasak,False,True,sas_Latn,exact,sas,exact_iso3,,no_match
sat,sat,sat,,I,L,Santali,False,True,sat_Latn;sat_Olck,multi_script,sat,exact_iso3,sat,exact_iso3
sau,,,,I,L,Saleman,False,True,,no_match,sau,exact_iso3,,no_match
sav,,,,I,L,Saafi-Saafi,False,True,,no_match,sav,exact_iso3,,no_match
saw,,,,I,L,Sawi,False,True,,no_match,saw,exact_iso3,,no_match
sax,,,,I,L,Sa,False,True,,no_match,sax,exact_iso3,,no_match
say,,,,I,L,Saya,False,True,,no_match,say,exact_iso3,,no_match
saz,,,,I,L,Saurashtra,False,True,,no_match,saz,exact_iso3,,no_match
sba,,,,I,L,Ngambay,False,True,sba_Latn,exact,sba,exact_iso3,sba,exact_iso3
sbb,,,,I,L,Simbo,False,True,,no_match,sbb,exact_iso3,,no_match
sbc,,,,I,L,Kele (Papua New Guinea),False,True,,no_match,sbc,exact_iso3,,no_match
sbd,,,,I,L,Southern Samo,False,True,sbd_Latn,exact,sbd,exact_iso3,,no_match
sbe,,,,I,L,Saliba,False,True,sbe_Latn,exact,sbe,exact_iso3,,no_match
sbf,,,,I,L,Chabu,False,True,,no_match,sbf,exact_iso3,,no_match
sbg,,,,I,L,Seget,False,True,,no_match,sbg,exact_iso3,,no_match
sbh,,,,I,L,Sori-Harengan,False,True,,no_match,sbh,exact_iso3,,no_match
sbi,,,,I,L,Seti,False,True,,no_match,sbi,exact_iso3,,no_match
sbj,,,,I,L,Surbakhal,False,True,,no_match,sbj,exact_iso3,,no_match
sbk,,,,I,L,Safwa,False,True,,no_match,sbk,exact_iso3,,no_match
sbl,,,,I,L,Botolan Sambal,False,True,sbl_Latn,exact,sbl,exact_iso3,,no_match
sbm,,,,I,L,Sagala,False,True,,no_match,sbm,exact_iso3,,no_match
sbn,,,,I,L,Sindhi Bhil,False,True,,no_match,sbn,exact_iso3,sbn,exact_iso3
sbo,,,,I,L,Sabüm,False,True,,no_match,sbo,exact_iso3,,no_match
sbp,,,,I,L,Sangu (Tanzania),False,True,,no_match,sbp,exact_iso3,,no_match
sbq,,,,I,L,Sileibi,False,True,,no_match,sbq,exact_iso3,,no_match
sbr,,,,I,L,Sembakung Murut,False,True,,no_match,sbr,exact_iso3,,no_match
sbs,,,,I,L,Subiya,False,True,sbs_Latn,exact,sbs,exact_iso3,,no_match
sbt,,,,I,L,Kimki,False,True,,no_match,sbt,exact_iso3,,no_match
sbu,,,,I,L,Stod Bhoti,False,True,,no_match,sbu,exact_iso3,,no_match
sbv,,,,I,H,Sabine,False,False,,no_match,sbv,exact_iso3,,no_match
sbw,,,,I,L,Simba,False,True,,no_match,sbw,exact_iso3,,no_match
sbx,,,,I,L,Seberuang,False,True,,no_match,sbx,exact_iso3,,no_match
sby,,,,I,L,Soli,False,True,sby_Latn,exact,sby,exact_iso3,,no_match
sbz,,,,I,L,Sara Kaba,False,True,,no_match,sbz,exact_iso3,,no_match
scb,,,,I,L,Chut,False,True,,no_match,scb,exact_iso3,,no_match
sce,,,,I,L,Dongxiang,False,True,,no_match,sce,exact_iso3,,no_match
scf,,,,I,L,San Miguel Creole French,False,True,,no_match,scf,exact_iso3,,no_match
scg,,,,I,L,Sanggau,False,True,,no_match,scg,exact_iso3,,no_match
sch,,,,I,L,Sakachep,False,True,,no_match,sch,exact_iso3,,no_match
sci,,,,I,L,Sri Lankan Creole Malay,False,True,,no_match,sci,exact_iso3,,no_match
sck,,,,I,L,Sadri,False,True,sck_Deva,exact,sck,exact_iso3,,no_match
scl,,,,I,L,Shina,False,True,,no_match,scl,exact_iso3,scl,exact_iso3
scn,scn,scn,,I,L,Sicilian,False,True,scn_Latn,exact,scn,exact_iso3,scn,exact_iso3
sco,sco,sco,,I,L,Scots,False,True,sco_Latn,exact,sco,exact_iso3,sco,exact_iso3
scp,,,,I,L,Hyolmo,False,True,,no_match,scp,exact_iso3,,no_match
scq,,,,I,L,Sa'och,False,True,,no_match,scq,exact_iso3,,no_match
scs,,,,I,L,North Slavey,False,True,,no_match,scs,exact_iso3,,no_match
sct,,,,I,L,Southern Katang,False,True,,no_match,sct,exact_iso3,,no_match
scu,,,,I,L,Shumcho,False,True,,no_match,scu,exact_iso3,,no_match
scv,,,,I,L,Sheni,False,True,,no_match,scv,exact_iso3,,no_match
scw,,,,I,L,Sha,False,True,,no_match,scw,exact_iso3,,no_match
scx,,,,I,H,Sicel,False,False,,no_match,scx,exact_iso3,,no_match
scz,,,,I,L,Shaetlan,False,True,,no_match,,no_match,,no_match
sda,,,,I,L,Toraja-Sa'dan,False,True,sda_Latn,exact,sda,exact_iso3,,no_match
sdb,,,,I,L,Shabak,False,True,,no_match,sdb,exact_iso3,,no_match
sdc,,,,I,L,Sassarese Sardinian,False,True,sdc_Latn,exact,sdc,exact_iso3,,no_match
sde,,,,I,L,Surubu,False,True,,no_match,sde,exact_iso3,,no_match
sdf,,,,I,L,Sarli,False,True,,no_match,sdf,exact_iso3,,no_match
sdg,,,,I,L,Savi,False,True,,no_match,sdg,exact_iso3,,no_match
sdh,,,,I,L,Southern Kurdish,False,True,sdh_Arab,exact,sdh,exact_iso3,sdh,exact_iso3
sdj,,,,I,L,Suundi,False,True,,no_match,sdj,exact_iso3,,no_match
sdk,,,,I,L,Sos Kundi,False,True,,no_match,sdk,exact_iso3,,no_match
sdl,,,,I,L,Saudi Arabian Sign Language,False,True,,no_match,sdl,exact_iso3,,no_match
sdn,,,,I,L,Gallurese Sardinian,False,True,,no_match,sdn,exact_iso3,,no_match
sdo,,,,I,L,Bukar-Sadung Bidayuh,False,True,sdo_Latn,exact,sdo,exact_iso3,sdo,exact_iso3
sdp,,,,I,L,Sherdukpen,False,True,,no_match,sdp,exact_iso3,,no_match
sdq,,,,I,L,Semandang,False,True,sdq_Latn,exact,sdq,exact_iso3,,no_match
sdr,,,,I,L,Oraon Sadri,False,True,,no_match,sdr,exact_iso3,,no_match
sds,,,,I,E,Sened,False,False,,no_match,sds,exact_iso3,,no_match
sdt,,,,I,E,Shuadit,False,False,,no_match,sdt,exact_iso3,,no_match
sdu,,,,I,L,Sarudu,False,True,,no_match,sdu,exact_iso3,,no_match
sdx,,,,I,L,Sibu Melanau,False,True,,no_match,sdx,exact_iso3,,no_match
sdz,,,,I,L,Sallands,False,True,,no_match,sdz,exact_iso3,,no_match
sea,,,,I,L,Semai,False,True,,no_match,sea,exact_iso3,,no_match
seb,,,,I,L,Shempire Senoufo,False,True,,no_match,seb,exact_iso3,,no_match
sec,,,,I,L,Sechelt,False,True,,no_match,sec,exact_iso3,,no_match
sed,,,,I,L,Sedang,False,True,,no_match,sed,exact_iso3,,no_match
see,,,,I,L,Seneca,False,True,,no_match,see,exact_iso3,,no_match
sef,,,,I,L,Cebaara Senoufo,False,True,,no_match,sef,exact_iso3,,no_match
seg,,,,I,L,Segeju,False,True,,no_match,seg,exact_iso3,,no_match
seh,,,,I,L,Sena,False,True,seh_Latn,exact,seh,exact_iso3,seh,exact_iso3
sei,,,,I,L,Seri,False,True,,no_match,sei,exact_iso3,sei,exact_iso3
sej,,,,I,L,Sene,False,True,,no_match,sej,exact_iso3,,no_match
sek,,,,I,L,Sekani,False,True,,no_match,sek,exact_iso3,,no_match
sel,sel,sel,,I,L,Selkup,False,True,,no_match,sel,exact_iso3,,no_match
sen,,,,I,L,Nanerigé Sénoufo,False,True,,no_match,sen,exact_iso3,,no_match
seo,,,,I,L,Suarmin,False,True,,no_match,seo,exact_iso3,,no_match
sep,,,,I,L,Sìcìté Sénoufo,False,True,,no_match,sep,exact_iso3,,no_match
seq,,,,I,L,Senara Sénoufo,False,True,,no_match,seq,exact_iso3,,no_match
ser,,,,I,L,Serrano,False,True,,no_match,ser,exact_iso3,,no_match
ses,,,,I,L,Koyraboro Senni Songhai,False,True,ses_Latn,exact,ses,exact_iso3,,no_match
set,,,,I,L,Sentani,False,True,,no_match,set,exact_iso3,,no_match
seu,,,,I,L,Serui-Laut,False,True,,no_match,seu,exact_iso3,,no_match
sev,,,,I,L,Nyarafolo Senoufo,False,True,,no_match,sev,exact_iso3,,no_match
sew,,,,I,L,Sewa Bay,False,True,,no_match,sew,exact_iso3,,no_match
sey,,,,I,L,Secoya,False,True,sey_Latn,exact,sey,exact_iso3,,no_match
sez,,,,I,L,Senthang Chin,False,True,,no_match,sez,exact_iso3,,no_match
sfb,,,,I,L,Langue des signes de Belgique Francophone,False,True,,no_match,sfb,exact_iso3,,no_match
sfe,,,,I,L,Eastern Subanen,False,True,,no_match,sfe,exact_iso3,,no_match
sfm,,,,I,L,Small Flowery Miao,False,True,,no_match,sfm,exact_iso3,,no_match
sfs,,,,I,L,South African Sign Language,False,True,,no_match,sfs,exact_iso3,,no_match
sfw,,,,I,L,Sehwi,False,True,sfw_Latn,exact,sfw,exact_iso3,,no_match
sga,sga,sga,,I,H,Old Irish (to 900),False,False,,no_match,sga,exact_iso3,,no_match
sgb,,,,I,L,Mag-antsi Ayta,False,True,sgb_Latn,exact,sgb,exact_iso3,,no_match
sgc,,,,I,L,Kipsigis,False,True,sgc_Latn,exact,sgc,exact_iso3,,no_match
sgd,,,,I,L,Surigaonon,False,True,,no_match,sgd,exact_iso3,,no_match
sge,,,,I,L,Segai,False,True,,no_match,sge,exact_iso3,,no_match
sgg,,,,I,L,Swiss-German Sign Language,False,True,,no_match,sgg,exact_iso3,,no_match
sgh,,,,I,L,Shughni,False,True,sgh_Cyrl,exact,sgh,exact_iso3,,no_match
sgi,,,,I,L,Suga,False,True,,no_match,sgi,exact_iso3,,no_match
sgj,,,,I,L,Surgujia,False,True,,no_match,sgj,exact_iso3,,no_match
sgk,,,,I,L,Sangkong,False,True,,no_match,sgk,exact_iso3,,no_match
sgm,,,,I,E,Singa,False,False,,no_match,sgm,exact_iso3,,no_match
sgp,,,,I,L,Singpho,False,True,,no_match,sgp,exact_iso3,,no_match
sgr,,,,I,L,Sangisari,False,True,,no_match,sgr,exact_iso3,,no_match
sgs,,,,I,L,Samogitian,False,True,sgs_Latn,exact,sgs,exact_iso3,,no_match
sgt,,,,I,L,Brokpake,False,True,,no_match,sgt,exact_iso3,,no_match
sgu,,,,I,L,Salas,False,True,,no_match,sgu,exact_iso3,,no_match
sgw,,,,I,L,Sebat Bet Gurage,False,True,sgw_Ethi,exact,sgw,exact_iso3,,no_match
sgx,,,,I,L,Sierra Leone Sign Language,False,True,,no_match,sgx,exact_iso3,,no_match
sgy,,,,I,L,Sanglechi,False,True,,no_match,sgy,exact_iso3,,no_match
sgz,,,,I,L,Sursurunga,False,True,sgz_Latn,exact,sgz,exact_iso3,,no_match
sha,,,,I,L,Shall-Zwall,False,True,,no_match,sha,exact_iso3,,no_match
shb,,,,I,L,Ninam,False,True,,no_match,shb,exact_iso3,,no_match
shc,,,,I,L,Sonde,False,True,,no_match,shc,exact_iso3,,no_match
shd,,,,I,L,Kundal Shahi,False,True,,no_match,shd,exact_iso3,,no_match
she,,,,I,L,Sheko,False,True,,no_match,she,exact_iso3,,no_match
shg,,,,I,L,Shua,False,True,,no_match,shg,exact_iso3,,no_match
shh,,,,I,L,Shoshoni,False,True,,no_match,shh,exact_iso3,,no_match
shi,,,,I,L,Tachelhit,False,True,shi_Latn,exact,shi,exact_iso3,shi,exact_iso3
shj,,,,I,L,Shatt,False,True,,no_match,shj,exact_iso3,,no_match
shk,,,,I,L,Shilluk,False,True,shk_Latn,exact,shk,exact_iso3,,no_match
shl,,,,I,L,Shendu,False,True,,no_match,shl,exact_iso3,,no_match
shm,,,,I,L,Shahrudi,False,True,,no_match,shm,exact_iso3,,no_match
shn,shn,shn,,I,L,Shan,False,True,shn_Mymr,exact,shn,exact_iso3,shn,exact_iso3
sho,,,,I,L,Shanga,False,True,,no_match,sho,exact_iso3,,no_match
shp,,,,I,L,Shipibo-Conibo,False,True,shp_Latn,exact,shp,exact_iso3,,no_match
shq,,,,I,L,Sala,False,True,,no_match,shq,exact_iso3,,no_match
shr,,,,I,L,Shi,False,True,,no_match,shr,exact_iso3,,no_match
shs,,,,I,L,Shuswap,False,True,,no_match,shs,exact_iso3,,no_match
sht,,,,I,E,Shasta,False,False,,no_match,sht,exact_iso3,,no_match
shu,,,,I,L,Chadian Arabic,False,True,shu_Arab,exact,shu,exact_iso3,,no_match
shv,,,,I,L,Shehri,False,True,,no_match,shv,exact_iso3,,no_match
shw,,,,I,L,Shwai,False,True,,no_match,shw,exact_iso3,,no_match
shx,,,,I,L,She,False,True,,no_match,shx,exact_iso3,,no_match
shy,,,,I,L,Tachawit,False,True,,no_match,shy,exact_iso3,,no_match
shz,,,,I,L,Syenara Senoufo,False,True,,no_match,shz,exact_iso3,,no_match
sia,,,,I,E,Akkala Sami,False,False,,no_match,sia,exact_iso3,,no_match
sib,,,,I,L,Sebop,False,True,,no_match,sib,exact_iso3,,no_match
sid,sid,sid,,I,L,Sidamo,False,True,sid_Latn,exact,sid,exact_iso3,,no_match
sie,,,,I,L,Simaa,False,True,,no_match,sie,exact_iso3,,no_match
sif,,,,I,L,Siamou,False,True,,no_match,sif,exact_iso3,,no_match
sig,,,,I,L,Paasaal,False,True,sig_Latn,exact,sig,exact_iso3,,no_match
sih,,,,I,L,Zire,False,True,,no_match,sih,exact_iso3,,no_match
sii,,,,I,L,Shom Peng,False,True,,no_match,sii,exact_iso3,,no_match
sij,,,,I,L,Numbami,False,True,,no_match,sij,exact_iso3,,no_match
sik,,,,I,L,Sikiana,False,True,,no_match,sik,exact_iso3,,no_match
sil,,,,I,L,Tumulung Sisaala,False,True,sil_Latn,exact,sil,exact_iso3,,no_match
sim,,,,I,L,Mende (Papua New Guinea),False,True,sim_Latn,exact,sim,exact_iso3,,no_match
sin,sin,sin,si,I,L,Sinhala,False,True,sin_Sinh,exact,sin;si,matched_multiple:iso3+iso1,si,matched_via_bcp47
sip,,,,I,L,Sikkimese,False,True,,no_match,sip,exact_iso3,,no_match
siq,,,,I,L,Sonia,False,True,,no_match,siq,exact_iso3,,no_match
sir,,,,I,L,Siri,False,True,,no_match,sir,exact_iso3,,no_match
sis,,,,I,E,Siuslaw,False,False,,no_match,sis,exact_iso3,,no_match
siu,,,,I,L,Sinagen,False,True,,no_match,siu,exact_iso3,,no_match
siv,,,,I,L,Sumariup,False,True,,no_match,siv,exact_iso3,,no_match
siw,,,,I,L,Siwai,False,True,,no_match,siw,exact_iso3,,no_match
six,,,,I,L,Sumau,False,True,,no_match,six,exact_iso3,,no_match
siy,,,,I,L,Sivandi,False,True,,no_match,siy,exact_iso3,,no_match
siz,,,,I,L,Siwi,False,True,,no_match,siz,exact_iso3,,no_match
sja,,,,I,L,Epena,False,True,sja_Latn,exact,sja,exact_iso3,,no_match
sjb,,,,I,L,Sajau Basap,False,True,,no_match,sjb,exact_iso3,,no_match
sjc,,,,I,L,Shaojiang Chinese,False,True,,no_match,,no_match,,no_match
sjd,,,,I,L,Kildin Sami,False,True,,no_match,sjd,exact_iso3,,no_match
sje,,,,I,L,Pite Sami,False,True,,no_match,sje,exact_iso3,,no_match
sjg,,,,I,L,Assangori,False,True,,no_match,sjg,exact_iso3,,no_match
sjk,,,,I,E,Kemi Sami,False,False,,no_match,sjk,exact_iso3,,no_match
sjl,,,,I,L,Sajalong,False,True,,no_match,sjl,exact_iso3,,no_match
sjm,,,,I,L,Mapun,False,True,,no_match,sjm,exact_iso3,,no_match
sjn,,,,I,C,Sindarin,False,False,,no_match,sjn,exact_iso3,,no_match
sjo,,,,I,L,Xibe,False,True,sjo_Mong,exact,sjo,exact_iso3,,no_match
sjp,,,,I,L,Surjapuri,False,True,,no_match,sjp,exact_iso3,,no_match
sjr,,,,I,L,Siar-Lak,False,True,,no_match,sjr,exact_iso3,,no_match
sjs,,,,I,E,Senhaja De Srair,False,False,,no_match,sjs,exact_iso3,,no_match
sjt,,,,I,L,Ter Sami,False,True,,no_match,sjt,exact_iso3,,no_match
sju,,,,I,L,Ume Sami,False,True,sju_Latn,exact,sju,exact_iso3,,no_match
sjw,,,,I,L,Shawnee,False,True,,no_match,sjw,exact_iso3,,no_match
ska,,,,I,L,Skagit,False,True,,no_match,ska,exact_iso3,,no_match
skb,,,,I,L,Saek,False,True,,no_match,skb,exact_iso3,,no_match
skc,,,,I,L,Ma Manda,False,True,,no_match,skc,exact_iso3,,no_match
skd,,,,I,L,Southern Sierra Miwok,False,True,,no_match,skd,exact_iso3,,no_match
ske,,,,I,L,Seke (Vanuatu),False,True,,no_match,ske,exact_iso3,,no_match
skf,,,,I,L,Sakirabiá,False,True,,no_match,skf,exact_iso3,,no_match
skg,,,,I,L,Sakalava Malagasy,False,True,skg_Latn,exact,skg,exact_iso3,,no_match
skh,,,,I,L,Sikule,False,True,,no_match,skh,exact_iso3,,no_match
ski,,,,I,L,Sika,False,True,,no_match,ski,exact_iso3,,no_match
skj,,,,I,L,Seke (Nepal),False,True,,no_match,skj,exact_iso3,,no_match
skm,,,,I,L,Kutong,False,True,,no_match,skm,exact_iso3,,no_match
skn,,,,I,L,Kolibugan Subanon,False,True,,no_match,skn,exact_iso3,,no_match
sko,,,,I,L,Seko Tengah,False,True,,no_match,sko,exact_iso3,,no_match
skp,,,,I,L,Sekapan,False,True,,no_match,skp,exact_iso3,,no_match
skq,,,,I,L,Sininkere,False,True,,no_match,skq,exact_iso3,,no_match
skr,,,,I,L,Saraiki,False,True,skr_Arab,exact,skr,exact_iso3,skr,exact_iso3
sks,,,,I,L,Maia,False,True,,no_match,sks,exact_iso3,,no_match
skt,,,,I,L,Sakata,False,True,,no_match,skt,exact_iso3,,no_match
sku,,,,I,L,Sakao,False,True,,no_match,sku,exact_iso3,,no_match
skv,,,,I,L,Skou,False,True,,no_match,skv,exact_iso3,,no_match
skw,,,,I,E,Skepi Creole Dutch,False,False,,no_match,skw,exact_iso3,,no_match
skx,,,,I,L,Seko Padang,False,True,,no_match,skx,exact_iso3,,no_match
sky,,,,I,L,Sikaiana,False,True,,no_match,sky,exact_iso3,,no_match
skz,,,,I,L,Sekar,False,True,,no_match,skz,exact_iso3,,no_match
slc,,,,I,L,Sáliba,False,True,,no_match,slc,exact_iso3,,no_match
sld,,,,I,L,Sissala,False,True,sld_Latn,exact,sld,exact_iso3,,no_match
sle,,,,I,L,Sholaga,False,True,,no_match,sle,exact_iso3,,no_match
slf,,,,I,L,Swiss-Italian Sign Language,False,True,,no_match,slf,exact_iso3,,no_match
slg,,,,I,L,Selungai Murut,False,True,,no_match,slg,exact_iso3,,no_match
slh,,,,I,L,Southern Puget Sound Salish,False,True,,no_match,slh,exact_iso3,,no_match
sli,,,,I,L,Lower Silesian,False,True,,no_match,sli,exact_iso3,,no_match
slj,,,,I,L,Salumá,False,True,,no_match,slj,exact_iso3,,no_match
slk,slo,slk,sk,I,L,Slovak,False,True,slk_Latn,exact,slk;sk,matched_multiple:iso3+iso1,sk,matched_via_bcp47
sll,,,,I,L,Salt-Yui,False,True,sll_Latn,exact,sll,exact_iso3,,no_match
slm,,,,I,L,Pangutaran Sama,False,True,,no_match,slm,exact_iso3,,no_match
sln,,,,I,E,Salinan,False,False,,no_match,sln,exact_iso3,,no_match
slp,,,,I,L,Lamaholot,False,True,,no_match,slp,exact_iso3,,no_match
slr,,,,I,L,Salar,False,True,,no_match,slr,exact_iso3,,no_match
sls,,,,I,L,Singapore Sign Language,False,True,,no_match,sls,exact_iso3,,no_match
slt,,,,I,L,Sila,False,True,,no_match,slt,exact_iso3,,no_match
slu,,,,I,L,Selaru,False,True,,no_match,slu,exact_iso3,,no_match
slv,slv,slv,sl,I,L,Slovenian,False,True,slv_Latn,exact,slv;sl,matched_multiple:iso3+iso1,sl,matched_via_bcp47
slw,,,,I,L,Sialum,False,True,,no_match,slw,exact_iso3,,no_match
slx,,,,I,L,Salampasu,False,True,,no_match,slx,exact_iso3,,no_match
sly,,,,I,L,Selayar,False,True,,no_match,sly,exact_iso3,,no_match
slz,,,,I,L,Ma'ya,False,True,,no_match,slz,exact_iso3,,no_match
sma,sma,sma,,I,L,Southern Sami,False,True,sma_Latn,exact,sma,exact_iso3,,no_match
smb,,,,I,L,Simbari,False,True,,no_match,smb,exact_iso3,,no_match
smc,,,,I,E,Som,False,False,,no_match,smc,exact_iso3,,no_match
sme,sme,sme,se,I,L,Northern Sami,False,True,sme_Latn,exact,sme;se,matched_multiple:iso3+iso1,,no_match
smf,,,,I,L,Auwe,False,True,,no_match,smf,exact_iso3,,no_match
smg,,,,I,L,Simbali,False,True,,no_match,smg,exact_iso3,,no_match
smh,,,,I,L,Samei,False,True,,no_match,smh,exact_iso3,,no_match
smj,smj,smj,,I,L,Lule Sami,False,True,smj_Latn,exact,smj,exact_iso3,,no_match
smk,,,,I,L,Bolinao,False,True,smk_Latn,exact,smk,exact_iso3,,no_match
sml,,,,I,L,Central Sama,False,True,sml_Latn,exact,sml,exact_iso3,,no_match
smm,,,,I,L,Musasa,False,True,,no_match,smm,exact_iso3,,no_match
smn,smn,smn,,I,L,Inari Sami,False,True,smn_Latn,exact,smn,exact_iso3,,no_match
smo,smo,smo,sm,I,L,Samoan,False,True,smo_Latn,exact,smo;sm,matched_multiple:iso3+iso1,,no_match
smp,,,,I,E,Samaritan,False,False,,no_match,smp,exact_iso3,,no_match
smq,,,,I,L,Samo,False,True,,no_match,smq,exact_iso3,,no_match
smr,,,,I,L,Simeulue,False,True,,no_match,smr,exact_iso3,,no_match
sms,sms,sms,,I,L,Skolt Sami,False,True,sms_Latn,exact,sms,exact_iso3,,no_match
smt,,,,I,L,Simte,False,True,smt_Latn,exact,smt,exact_iso3,,no_match
smu,,,,I,E,Somray,False,False,,no_match,smu,exact_iso3,,no_match
smv,,,,I,L,Samvedi,False,True,,no_match,smv,exact_iso3,,no_match
smw,,,,I,L,Sumbawa,False,True,,no_match,smw,exact_iso3,,no_match
smx,,,,I,L,Samba,False,True,,no_match,smx,exact_iso3,,no_match
smy,,,,I,L,Semnani,False,True,,no_match,smy,exact_iso3,,no_match
smz,,,,I,L,Simeku,False,True,,no_match,smz,exact_iso3,,no_match
sna,sna,sna,sn,I,L,Shona,False,True,sna_Latn,exact,sna;sn,matched_multiple:iso3+iso1,sn,matched_via_bcp47
snc,,,,I,L,Sinaugoro,False,True,snc_Latn,exact,snc,exact_iso3,,no_match
snd,snd,snd,sd,I,L,Sindhi,False,True,snd_Arab;snd_Deva;snd_Latn,multi_script,snd;sd,matched_multiple:iso3+iso1,sd,matched_via_bcp47
sne,,,,I,L,Bau Bidayuh,False,True,,no_match,sne,exact_iso3,,no_match
snf,,,,I,L,Noon,False,True,snf_Latn,exact,snf,exact_iso3,,no_match
sng,,,,I,L,Sanga (Democratic Republic of Congo),False,True,,no_match,sng,exact_iso3,,no_match
sni,,,,I,E,Sensi,False,False,,no_match,sni,exact_iso3,,no_match
snj,,,,I,L,Riverain Sango,False,True,,no_match,snj,exact_iso3,,no_match
snk,snk,snk,,I,L,Soninke,False,True,,no_match,snk,exact_iso3,snk,exact_iso3
snl,,,,I,L,Sangil,False,True,,no_match,snl,exact_iso3,,no_match
snm,,,,I,L,Southern Ma'di,False,True,,no_match,snm,exact_iso3,,no_match
snn,,,,I,L,Siona,False,True,snn_Latn,exact,snn,exact_iso3,,no_match
sno,,,,I,L,Snohomish,False,True,,no_match,sno,exact_iso3,,no_match
snp,,,,I,L,Siane,False,True,snp_Latn,exact,snp,exact_iso3,,no_match
snq,,,,I,L,Sangu (Gabon),False,True,,no_match,snq,exact_iso3,,no_match
snr,,,,I,L,Sihan,False,True,,no_match,snr,exact_iso3,,no_match
sns,,,,I,L,South West Bay,False,True,,no_match,sns,exact_iso3,,no_match
snu,,,,I,L,Senggi,False,True,,no_match,snu,exact_iso3,,no_match
snv,,,,I,L,Sa'ban,False,True,,no_match,snv,exact_iso3,snv,exact_iso3
snw,,,,I,L,Selee,False,True,snw_Latn,exact,snw,exact_iso3,,no_match
snx,,,,I,L,Sam,False,True,,no_match,snx,exact_iso3,,no_match
sny,,,,I,L,Saniyo-Hiyewe,False,True,sny_Latn,exact,sny,exact_iso3,,no_match
snz,,,,I,L,Kou,False,True,,no_match,snz,exact_iso3,,no_match
soa,,,,I,L,Thai Song,False,True,,no_match,soa,exact_iso3,,no_match
sob,,,,I,L,Sobei,False,True,,no_match,sob,exact_iso3,,no_match
soc,,,,I,L,So (Democratic Republic of Congo),False,True,,no_match,soc,exact_iso3,,no_match
sod,,,,I,L,Songoora,False,True,,no_match,sod,exact_iso3,,no_match
soe,,,,I,L,Songomeno,False,True,soe_Latn,exact,soe,exact_iso3,,no_match
sog,sog,sog,,I,H,Sogdian,False,False,,no_match,sog,exact_iso3,,no_match
soh,,,,I,L,Aka,False,True,,no_match,soh,exact_iso3,,no_match
soi,,,,I,L,Sonha,False,True,,no_match,soi,exact_iso3,,no_match
soj,,,,I,L,Soi,False,True,,no_match,soj,exact_iso3,,no_match
sok,,,,I,L,Sokoro,False,True,,no_match,sok,exact_iso3,,no_match
sol,,,,I,L,Solos,False,True,,no_match,sol,exact_iso3,,no_match
som,som,som,so,I,L,Somali,False,True,som_Latn,exact,som;so,matched_multiple:iso3+iso1,so,matched_via_bcp47
soo,,,,I,L,Songo,False,True,,no_match,soo,exact_iso3,,no_match
sop,,,,I,L,Songe,False,True,sop_Latn,exact,sop,exact_iso3,,no_match
soq,,,,I,L,Kanasi,False,True,soq_Latn,exact,soq,exact_iso3,,no_match
sor,,,,I,L,Somrai,False,True,,no_match,sor,exact_iso3,,no_match
sos,,,,I,L,Seeku,False,True,,no_match,sos,exact_iso3,,no_match
sot,sot,sot,st,I,L,Southern Sotho,False,True,sot_Latn,exact,sot;st,matched_multiple:iso3+iso1,st,matched_via_bcp47
sou,,,,I,L,Southern Thai,False,True,,no_match,sou,exact_iso3,,no_match
sov,,,,I,L,Sonsorol,False,True,,no_match,sov,exact_iso3,,no_match
sow,,,,I,L,Sowanda,False,True,,no_match,sow,exact_iso3,,no_match
sox,,,,I,L,Swo,False,True,,no_match,sox,exact_iso3,,no_match
soy,,,,I,L,Miyobe,False,True,soy_Latn,exact,soy,exact_iso3,,no_match
soz,,,,I,L,Temi,False,True,,no_match,soz,exact_iso3,,no_match
spa,spa,spa,es,I,L,Spanish,False,True,spa_Latn,exact,spa;es,matched_multiple:iso3+iso1,es,matched_via_bcp47
spb,,,,I,L,Sepa (Indonesia),False,True,,no_match,spb,exact_iso3,,no_match
spc,,,,I,L,Sapé,False,True,,no_match,spc,exact_iso3,,no_match
spd,,,,I,L,Saep,False,True,,no_match,spd,exact_iso3,,no_match
spe,,,,I,L,Sepa (Papua New Guinea),False,True,,no_match,spe,exact_iso3,,no_match
spg,,,,I,L,Sian,False,True,,no_match,spg,exact_iso3,,no_match
spi,,,,I,L,Saponi,False,True,,no_match,spi,exact_iso3,,no_match
spk,,,,I,L,Sengo,False,True,,no_match,spk,exact_iso3,,no_match
spl,,,,I,L,Selepet,False,True,spl_Latn,exact,spl,exact_iso3,,no_match
spm,,,,I,L,Akukem,False,True,spm_Latn,exact,spm,exact_iso3,,no_match
spn,,,,I,L,Sanapaná,False,True,,no_match,spn,exact_iso3,,no_match
spo,,,,I,L,Spokane,False,True,,no_match,spo,exact_iso3,,no_match
spp,,,,I,L,Supyire Senoufo,False,True,spp_Latn,exact,spp,exact_iso3,,no_match
spq,,,,I,L,Loreto-Ucayali Spanish,False,True,,no_match,spq,exact_iso3,,no_match
spr,,,,I,L,Saparua,False,True,,no_match,spr,exact_iso3,,no_match
sps,,,,I,L,Saposa,False,True,sps_Latn,exact,sps,exact_iso3,,no_match
spt,,,,I,L,Spiti Bhoti,False,True,,no_match,spt,exact_iso3,,no_match
spu,,,,I,L,Sapuan,False,True,,no_match,spu,exact_iso3,,no_match
spv,,,,I,L,Sambalpuri,False,True,,no_match,spv,exact_iso3,,no_match
spx,,,,I,H,South Picene,False,False,,no_match,spx,exact_iso3,,no_match
spy,,,,I,L,Sabaot,False,True,spy_Latn,exact,spy,exact_iso3,,no_match
sqa,,,,I,L,Shama-Sambuga,False,True,,no_match,sqa,exact_iso3,,no_match
sqh,,,,I,L,Shau,False,True,,no_match,sqh,exact_iso3,,no_match
sqi,alb,sqi,sq,M,L,Albanian,True,True,,no_match,sqi;sq;alb,matched_multiple:iso3+iso1+iso2b,sq,matched_via_bcp47
sqk,,,,I,L,Albanian Sign Language,False,True,,no_match,sqk,exact_iso3,,no_match
sqm,,,,I,L,Suma,False,True,,no_match,sqm,exact_iso3,,no_match
sqn,,,,I,E,Susquehannock,False,False,,no_match,sqn,exact_iso3,,no_match
sqo,,,,I,L,Sorkhei,False,True,,no_match,sqo,exact_iso3,,no_match
sqq,,,,I,L,Sou,False,True,,no_match,sqq,exact_iso3,,no_match
sqr,,,,I,H,Siculo Arabic,False,False,,no_match,sqr,exact_iso3,,no_match
sqs,,,,I,L,Sri Lankan Sign Language,False,True,,no_match,sqs,exact_iso3,,no_match
sqt,,,,I,L,Soqotri,False,True,,no_match,sqt,exact_iso3,,no_match
squ,,,,I,L,Squamish,False,True,,no_match,squ,exact_iso3,,no_match
sqx,,,,I,L,Kufr Qassem Sign Language (KQSL),False,True,,no_match,sqx,exact_iso3,,no_match
sra,,,,I,L,Saruga,False,True,,no_match,sra,exact_iso3,,no_match
srb,,,,I,L,Sora,False,True,,no_match,srb,exact_iso3,,no_match
src,,,,I,L,Logudorese Sardinian,False,True,,no_match,src,exact_iso3,,no_match
srd,srd,srd,sc,M,L,Sardinian,True,True,srd_Latn,exact,srd;sc,matched_multiple:iso3+iso1,sc,matched_via_bcp47
sre,,,,I,L,Sara,False,True,,no_match,sre,exact_iso3,,no_match
srf,,,,I,L,Nafi,False,True,,no_match,srf,exact_iso3,,no_match
srg,,,,I,L,Sulod,False,True,,no_match,srg,exact_iso3,,no_match
srh,,,,I,L,Sarikoli,False,True,,no_match,srh,exact_iso3,,no_match
sri,,,,I,L,Siriano,False,True,sri_Latn,exact,sri,exact_iso3,,no_match
srk,,,,I,L,Serudung Murut,False,True,,no_match,srk,exact_iso3,,no_match
srl,,,,I,L,Isirawa,False,True,,no_match,srl,exact_iso3,,no_match
srm,,,,I,L,Saramaccan,False,True,srm_Latn,exact,srm,exact_iso3,,no_match
srn,srn,srn,,I,L,Sranan Tongo,False,True,srn_Latn,exact,srn,exact_iso3,,no_match
sro,,,,I,L,Campidanese Sardinian,False,True,,no_match,sro,exact_iso3,,no_match
srp,srp,srp,sr,I,L,Serbian,False,True,srp_Cyrl;srp_Latn,multi_script,srp;sr,matched_multiple:iso3+iso1,sr,matched_via_bcp47
srq,,,,I,L,Sirionó,False,True,srq_Latn,exact,srq,exact_iso3,,no_match
srr,srr,srr,,I,L,Serer,False,True,srr_Latn,exact,srr,exact_iso3,,no_match
srs,,,,I,L,Tsuut'ina,False,True,,no_match,srs,exact_iso3,,no_match
srt,,,,I,L,Sauri,False,True,,no_match,srt,exact_iso3,,no_match
sru,,,,I,L,Suruí,False,True,,no_match,sru,exact_iso3,,no_match
srv,,,,I,L,Southern Sorsoganon,False,True,,no_match,srv,exact_iso3,,no_match
srw,,,,I,L,Serua,False,True,,no_match,srw,exact_iso3,,no_match
srx,,,,I,L,Sirmauri,False,True,,no_match,srx,exact_iso3,,no_match
sry,,,,I,L,Sera,False,True,,no_match,sry,exact_iso3,,no_match
srz,,,,I,L,Shahmirzadi,False,True,,no_match,srz,exact_iso3,,no_match
ssb,,,,I,L,Southern Sama,False,True,,no_match,ssb,exact_iso3,,no_match
ssc,,,,I,L,Suba-Simbiti,False,True,,no_match,ssc,exact_iso3,,no_match
ssd,,,,I,L,Siroi,False,True,ssd_Latn,exact,ssd,exact_iso3,,no_match
sse,,,,I,L,Balangingi,False,True,,no_match,sse,exact_iso3,,no_match
ssf,,,,I,L,Thao,False,True,,no_match,ssf,exact_iso3,,no_match
ssg,,,,I,L,Seimat,False,True,ssg_Latn,exact,ssg,exact_iso3,,no_match
ssh,,,,I,L,Shihhi Arabic,False,True,,no_match,ssh,exact_iso3,,no_match
ssi,,,,I,L,Sansi,False,True,,no_match,ssi,exact_iso3,ssi,exact_iso3
ssj,,,,I,L,Sausi,False,True,,no_match,ssj,exact_iso3,,no_match
ssk,,,,I,L,Sunam,False,True,,no_match,ssk,exact_iso3,,no_match
ssl,,,,I,L,Western Sisaala,False,True,,no_match,ssl,exact_iso3,,no_match
ssm,,,,I,L,Semnam,False,True,,no_match,ssm,exact_iso3,,no_match
ssn,,,,I,L,Waata,False,True,,no_match,ssn,exact_iso3,,no_match
sso,,,,I,L,Sissano,False,True,,no_match,sso,exact_iso3,,no_match
ssp,,,,I,L,Spanish Sign Language,False,True,,no_match,ssp,exact_iso3,,no_match
ssq,,,,I,L,So'a,False,True,,no_match,ssq,exact_iso3,,no_match
ssr,,,,I,L,Swiss-French Sign Language,False,True,,no_match,ssr,exact_iso3,,no_match
sss,,,,I,L,Sô,False,True,,no_match,sss,exact_iso3,,no_match
sst,,,,I,L,Sinasina,False,True,,no_match,sst,exact_iso3,,no_match
ssu,,,,I,L,Susuami,False,True,,no_match,ssu,exact_iso3,,no_match
ssv,,,,I,L,Shark Bay,False,True,,no_match,ssv,exact_iso3,,no_match
ssw,ssw,ssw,ss,I,L,Swati,False,True,ssw_Latn,exact,ssw;ss,matched_multiple:iso3+iso1,ss,matched_via_bcp47
ssx,,,,I,L,Samberigi,False,True,ssx_Latn,exact,ssx,exact_iso3,,no_match
ssy,,,,I,L,Saho,False,True,,no_match,ssy,exact_iso3,,no_match
ssz,,,,I,L,Sengseng,False,True,,no_match,ssz,exact_iso3,,no_match
sta,,,,I,L,Settla,False,True,,no_match,sta,exact_iso3,,no_match
stb,,,,I,L,Northern Subanen,False,True,,no_match,stb,exact_iso3,,no_match
std,,,,I,L,Sentinel,False,True,,no_match,std,exact_iso3,,no_match
ste,,,,I,L,Liana-Seti,False,True,,no_match,ste,exact_iso3,,no_match
stf,,,,I,L,Seta,False,True,,no_match,stf,exact_iso3,,no_match
stg,,,,I,L,Trieng,False,True,,no_match,stg,exact_iso3,,no_match
sth,,,,I,L,Shelta,False,True,,no_match,sth,exact_iso3,,no_match
sti,,,,I,L,Bulo Stieng,False,True,,no_match,sti,exact_iso3,,no_match
stj,,,,I,L,Matya Samo,False,True,,no_match,stj,exact_iso3,,no_match
stk,,,,I,L,Arammba,False,True,,no_match,stk,exact_iso3,,no_match
stl,,,,I,L,Stellingwerfs,False,True,,no_match,stl,exact_iso3,,no_match
stm,,,,I,L,Setaman,False,True,,no_match,stm,exact_iso3,,no_match
stn,,,,I,L,Owa,False,True,stn_Latn,exact,stn,exact_iso3,,no_match
sto,,,,I,L,Stoney,False,True,,no_match,sto,exact_iso3,,no_match
stp,,,,I,L,Southeastern Tepehuan,False,True,stp_Latn,exact,stp,exact_iso3,,no_match
stq,,,,I,L,Saterfriesisch,False,True,stq_Latn,exact,stq,exact_iso3,,no_match
str,,,,I,L,Straits Salish,False,True,,no_match,str,exact_iso3,,no_match
sts,,,,I,L,Shumashti,False,True,,no_match,sts,exact_iso3,,no_match
stt,,,,I,L,Budeh Stieng,False,True,,no_match,stt,exact_iso3,,no_match
stu,,,,I,L,Samtao,False,True,,no_match,stu,exact_iso3,,no_match
stv,,,,I,L,Silt'e,False,True,,no_match,stv,exact_iso3,,no_match
stw,,,,I,L,Satawalese,False,True,,no_match,stw,exact_iso3,,no_match
sty,,,,I,L,Siberian Tatar,False,True,,no_match,sty,exact_iso3,,no_match
sua,,,,I,L,Sulka,False,True,sua_Latn,exact,sua,exact_iso3,,no_match
sub,,,,I,L,Suku,False,True,,no_match,sub,exact_iso3,,no_match
suc,,,,I,L,Western Subanon,False,True,suc_Latn,exact,suc,exact_iso3,,no_match
sue,,,,I,L,Suena,False,True,sue_Latn,exact,sue,exact_iso3,,no_match
sug,,,,I,L,Suganga,False,True,,no_match,sug,exact_iso3,,no_match
sui,,,,I,L,Suki,False,True,,no_match,sui,exact_iso3,,no_match
suj,,,,I,L,Shubi,False,True,,no_match,suj,exact_iso3,,no_match
suk,suk,suk,,I,L,Sukuma,False,True,suk_Latn,exact,suk,exact_iso3,,no_match
sun,sun,sun,su,I,L,Sundanese,False,True,sun_Latn,exact,sun;su,matched_multiple:iso3+iso1,su,matched_via_bcp47
suo,,,,I,L,Bouni,False,True,,no_match,suo,exact_iso3,,no_match
suq,,,,I,L,Tirmaga-Chai Suri,False,True,,no_match,suq,exact_iso3,,no_match
sur,,,,I,L,Mwaghavul,False,True,sur_Latn,exact,sur,exact_iso3,,no_match
sus,sus,sus,,I,L,Susu,False,True,sus_Arab;sus_Latn,multi_script,sus,exact_iso3,,no_match
sut,,,,I,E,Subtiaba,False,False,,no_match,sut,exact_iso3,,no_match
suv,,,,I,L,Puroik,False,True,,no_match,suv,exact_iso3,,no_match
suw,,,,I,L,Sumbwa,False,True,,no_match,suw,exact_iso3,,no_match
sux,sux,sux,,I,H,Sumerian,False,False,,no_match,sux,exact_iso3,,no_match
suy,,,,I,L,Suyá,False,True,,no_match,suy,exact_iso3,,no_match
suz,,,,I,L,Sunwar,False,True,suz_Deva,exact,suz,exact_iso3,,no_match
sva,,,,I,L,Svan,False,True,,no_match,sva,exact_iso3,sva,exact_iso3
svb,,,,I,L,Ulau-Suain,False,True,,no_match,svb,exact_iso3,,no_match
svc,,,,I,L,Vincentian Creole English,False,True,,no_match,svc,exact_iso3,,no_match
sve,,,,I,L,Serili,False,True,,no_match,sve,exact_iso3,,no_match
svk,,,,I,L,Slovakian Sign Language,False,True,,no_match,svk,exact_iso3,,no_match
svm,,,,I,L,Slavomolisano,False,True,,no_match,svm,exact_iso3,,no_match
svs,,,,I,L,Savosavo,False,True,,no_match,svs,exact_iso3,,no_match
svx,,,,I,H,Skalvian,False,False,,no_match,svx,exact_iso3,,no_match
swa,swa,swa,sw,M,L,Swahili (macrolanguage),True,True,,no_match,swa;sw,matched_multiple:iso3+iso1,sw,matched_via_bcp47
swb,,,,I,L,Maore Comorian,False,True,swb_Latn,exact,swb,exact_iso3,swb,exact_iso3
swc,,,,I,L,Congo Swahili,False,True,swc_Latn,exact,swc,exact_iso3,,no_match
swe,swe,swe,sv,I,L,Swedish,False,True,swe_Latn,exact,swe;sv,matched_multiple:iso3+iso1,sv-SE,matched_via_bcp47_region_variant
swf,,,,I,L,Sere,False,True,,no_match,swf,exact_iso3,,no_match
swg,,,,I,L,Swabian,False,True,swg_Latn,exact,swg,exact_iso3,,no_match
swh,,,,I,L,Swahili (individual language),False,True,swh_Latn,exact,swh,exact_iso3,,no_match
swi,,,,I,L,Sui,False,True,,no_match,swi,exact_iso3,,no_match
swj,,,,I,L,Sira,False,True,,no_match,swj,exact_iso3,,no_match
swk,,,,I,L,Malawi Sena,False,True,swk_Latn,exact,swk,exact_iso3,,no_match
swl,,,,I,L,Swedish Sign Language,False,True,,no_match,swl,exact_iso3,,no_match
swm,,,,I,L,Samosa,False,True,,no_match,swm,exact_iso3,,no_match
swn,,,,I,L,Sawknah,False,True,,no_match,swn,exact_iso3,,no_match
swo,,,,I,L,Shanenawa,False,True,,no_match,swo,exact_iso3,,no_match
swp,,,,I,L,Suau,False,True,swp_Latn,exact,swp,exact_iso3,,no_match
swq,,,,I,L,Sharwa,False,True,,no_match,swq,exact_iso3,,no_match
swr,,,,I,L,Saweru,False,True,,no_match,swr,exact_iso3,,no_match
sws,,,,I,L,Seluwasan,False,True,,no_match,sws,exact_iso3,,no_match
swt,,,,I,L,Sawila,False,True,,no_match,swt,exact_iso3,,no_match
swu,,,,I,L,Suwawa,False,True,,no_match,swu,exact_iso3,,no_match
swv,,,,I,L,Shekhawati,False,True,,no_match,swv,exact_iso3,,no_match
sww,,,,I,E,Sowa,False,False,,no_match,sww,exact_iso3,,no_match
swx,,,,I,L,Suruahá,False,True,,no_match,swx,exact_iso3,,no_match
swy,,,,I,L,Sarua,False,True,,no_match,swy,exact_iso3,,no_match
sxb,,,,I,L,Suba,False,True,sxb_Latn,exact,sxb,exact_iso3,,no_match
sxc,,,,I,H,Sicanian,False,False,,no_match,sxc,exact_iso3,,no_match
sxe,,,,I,L,Sighu,False,True,,no_match,sxe,exact_iso3,,no_match
sxg,,,,I,L,Shuhi,False,True,,no_match,sxg,exact_iso3,,no_match
sxk,,,,I,E,Southern Kalapuya,False,False,,no_match,sxk,exact_iso3,,no_match
sxl,,,,I,E,Selian,False,False,,no_match,sxl,exact_iso3,,no_match
sxm,,,,I,L,Samre,False,True,,no_match,sxm,exact_iso3,,no_match
sxn,,,,I,L,Sangir,False,True,sxn_Latn,exact,sxn,exact_iso3,,no_match
sxo,,,,I,H,Sorothaptic,False,False,,no_match,sxo,exact_iso3,,no_match
sxr,,,,I,L,Saaroa,False,True,,no_match,sxr,exact_iso3,,no_match
sxs,,,,I,L,Sasaru,False,True,,no_match,sxs,exact_iso3,,no_match
sxu,,,,I,L,Upper Saxon,False,True,,no_match,sxu,exact_iso3,,no_match
sxw,,,,I,L,Saxwe Gbe,False,True,,no_match,sxw,exact_iso3,,no_match
sya,,,,I,L,Siang,False,True,,no_match,sya,exact_iso3,,no_match
syb,,,,I,L,Central Subanen,False,True,syb_Latn,exact,syb,exact_iso3,,no_match
syc,syc,syc,,I,H,Classical Syriac,False,False,syc_Syrc,exact,syc,exact_iso3,,no_match
syi,,,,I,L,Seki,False,True,,no_match,syi,exact_iso3,,no_match
syk,,,,I,L,Sukur,False,True,,no_match,syk,exact_iso3,,no_match
syl,,,,I,L,Sylheti,False,True,syl_Beng;syl_Latn,multi_script,syl,exact_iso3,,no_match
sym,,,,I,L,Maya Samo,False,True,,no_match,sym,exact_iso3,,no_match
syn,,,,I,L,Senaya,False,True,,no_match,syn,exact_iso3,,no_match
syo,,,,I,L,Suoy,False,True,,no_match,syo,exact_iso3,,no_match
syr,syr,syr,,M,L,Syriac,True,True,,no_match,syr,exact_iso3,syr,exact_iso3
sys,,,,I,L,Sinyar,False,True,,no_match,sys,exact_iso3,,no_match
syw,,,,I,L,Kagate,False,True,,no_match,syw,exact_iso3,,no_match
syx,,,,I,L,Samay,False,True,,no_match,syx,exact_iso3,,no_match
syy,,,,I,L,Al-Sayyid Bedouin Sign Language,False,True,,no_match,syy,exact_iso3,,no_match
sza,,,,I,L,Semelai,False,True,,no_match,sza,exact_iso3,,no_match
szb,,,,I,L,Ngalum,False,True,,no_match,szb,exact_iso3,,no_match
szc,,,,I,L,Semaq Beri,False,True,,no_match,szc,exact_iso3,,no_match
sze,,,,I,L,Seze,False,True,,no_match,sze,exact_iso3,,no_match
szg,,,,I,L,Sengele,False,True,,no_match,szg,exact_iso3,,no_match
szl,,,,I,L,Silesian,False,True,szl_Latn,exact,szl,exact_iso3,,no_match
szn,,,,I,L,Sula,False,True,,no_match,szn,exact_iso3,,no_match
szp,,,,I,L,Suabo,False,True,,no_match,szp,exact_iso3,,no_match
szs,,,,I,L,Solomon Islands Sign Language,False,True,,no_match,szs,exact_iso3,,no_match
szv,,,,I,L,Isubu,False,True,,no_match,szv,exact_iso3,,no_match
szw,,,,I,L,Sawai,False,True,,no_match,szw,exact_iso3,,no_match
szy,,,,I,L,Sakizaya,False,True,szy_Latn,exact,szy,exact_iso3,szy,exact_iso3
taa,,,,I,L,Lower Tanana,False,True,,no_match,taa,exact_iso3,,no_match
tab,,,,I,L,Tabassaran,False,True,tab_Cyrl,exact,tab,exact_iso3,,no_match
tac,,,,I,L,Lowland Tarahumara,False,True,tac_Latn,exact,tac,exact_iso3,,no_match
tad,,,,I,L,Tause,False,True,,no_match,tad,exact_iso3,,no_match
tae,,,,I,L,Tariana,False,True,,no_match,tae,exact_iso3,,no_match
taf,,,,I,L,Tapirapé,False,True,,no_match,taf,exact_iso3,,no_match
tag,,,,I,L,Tagoi,False,True,,no_match,tag,exact_iso3,,no_match
tah,tah,tah,ty,I,L,Tahitian,False,True,tah_Latn,exact,tah;ty,matched_multiple:iso3+iso1,ty,matched_via_bcp47
taj,,,,I,L,Eastern Tamang,False,True,taj_Deva,exact,taj,exact_iso3,,no_match
tak,,,,I,L,Tala,False,True,,no_match,tak,exact_iso3,,no_match
tal,,,,I,L,Tal,False,True,,no_match,tal,exact_iso3,,no_match
tam,tam,tam,ta,I,L,Tamil,False,True,tam_Latn;tam_Taml,multi_script,tam;ta,matched_multiple:iso3+iso1,ta,matched_via_bcp47
tan,,,,I,L,Tangale,False,True,,no_match,tan,exact_iso3,,no_match
tao,,,,I,L,Yami,False,True,,no_match,tao,exact_iso3,,no_match
tap,,,,I,L,Taabwa,False,True,tap_Latn,exact,tap,exact_iso3,,no_match
taq,,,,I,L,Tamasheq,False,True,taq_Latn;taq_Tfng,multi_script,taq,exact_iso3,,no_match
tar,,,,I,L,Central Tarahumara,False,True,tar_Latn,exact,tar,exact_iso3,tar,exact_iso3
tas,,,,I,E,Tay Boi,False,False,,no_match,tas,exact_iso3,,no_match
tat,tat,tat,tt,I,L,Tatar,False,True,tat_Cyrl;tat_Latn,multi_script,tat;tt,matched_multiple:iso3+iso1,tt,matched_via_bcp47
tau,,,,I,L,Upper Tanana,False,True,,no_match,tau,exact_iso3,,no_match
tav,,,,I,L,Tatuyo,False,True,tav_Latn,exact,tav,exact_iso3,,no_match
taw,,,,I,L,Tai,False,True,taw_Latn,exact,taw,exact_iso3,,no_match
tax,,,,I,L,Tamki,False,True,,no_match,tax,exact_iso3,,no_match
tay,,,,I,L,Atayal,False,True,tay_Latn,exact,tay,exact_iso3,tay,exact_iso3
taz,,,,I,L,Tocho,False,True,,no_match,taz,exact_iso3,,no_match
tba,,,,I,L,Aikanã,False,True,,no_match,tba,exact_iso3,,no_match
tbc,,,,I,L,Takia,False,True,tbc_Latn,exact,tbc,exact_iso3,,no_match
tbd,,,,I,L,Kaki Ae,False,True,,no_match,tbd,exact_iso3,,no_match
tbe,,,,I,L,Tanimbili,False,True,,no_match,tbe,exact_iso3,,no_match
tbf,,,,I,L,Mandara,False,True,,no_match,tbf,exact_iso3,,no_match
tbg,,,,I,L,North Tairora,False,True,tbg_Latn,exact,tbg,exact_iso3,,no_match
tbh,,,,I,E,Dharawal,False,False,,no_match,tbh,exact_iso3,,no_match
tbi,,,,I,L,Gaam,False,True,,no_match,tbi,exact_iso3,,no_match
tbj,,,,I,L,Tiang,False,True,,no_match,tbj,exact_iso3,,no_match
tbk,,,,I,L,Calamian Tagbanwa,False,True,tbk_Latn,exact,tbk,exact_iso3,,no_match
tbl,,,,I,L,Tboli,False,True,tbl_Latn,exact,tbl,exact_iso3,,no_match
tbm,,,,I,L,Tagbu,False,True,,no_match,tbm,exact_iso3,,no_match
tbn,,,,I,L,Barro Negro Tunebo,False,True,,no_match,tbn,exact_iso3,,no_match
tbo,,,,I,L,Tawala,False,True,tbo_Latn,exact,tbo,exact_iso3,,no_match
tbp,,,,I,L,Taworta,False,True,,no_match,tbp,exact_iso3,,no_match
tbr,,,,I,L,Tumtum,False,True,,no_match,tbr,exact_iso3,,no_match
tbs,,,,I,L,Tanguat,False,True,,no_match,tbs,exact_iso3,,no_match
tbt,,,,I,L,Tembo (Kitembo),False,True,,no_match,tbt,exact_iso3,,no_match
tbu,,,,I,E,Tubar,False,False,,no_match,tbu,exact_iso3,,no_match
tbv,,,,I,L,Tobo,False,True,,no_match,tbv,exact_iso3,,no_match
tbw,,,,I,L,Tagbanwa,False,True,tbw_Latn,exact,tbw,exact_iso3,,no_match
tbx,,,,I,L,Kapin,False,True,,no_match,tbx,exact_iso3,,no_match
tby,,,,I,L,Tabaru,False,True,tby_Latn,exact,tby,exact_iso3,,no_match
tbz,,,,I,L,Ditammari,False,True,tbz_Latn,exact,tbz,exact_iso3,,no_match
tca,,,,I,L,Ticuna,False,True,tca_Latn,exact,tca,exact_iso3,,no_match
tcb,,,,I,L,Tanacross,False,True,,no_match,tcb,exact_iso3,,no_match
tcc,,,,I,L,Datooga,False,True,tcc_Latn,exact,tcc,exact_iso3,,no_match
tcd,,,,I,L,Tafi,False,True,,no_match,tcd,exact_iso3,,no_match
tce,,,,I,L,Southern Tutchone,False,True,,no_match,tce,exact_iso3,,no_match
tcf,,,,I,L,Malinaltepec Me'phaa,False,True,tcf_Latn,exact,tcf,exact_iso3,,no_match
tcg,,,,I,L,Tamagario,False,True,,no_match,tcg,exact_iso3,,no_match
tch,,,,I,L,Turks And Caicos Creole English,False,True,,no_match,tch,exact_iso3,,no_match
tci,,,,I,L,Wára,False,True,,no_match,tci,exact_iso3,,no_match
tck,,,,I,L,Tchitchege,False,True,,no_match,tck,exact_iso3,,no_match
tcl,,,,I,E,Taman (Myanmar),False,False,,no_match,tcl,exact_iso3,,no_match
tcm,,,,I,L,Tanahmerah,False,True,,no_match,tcm,exact_iso3,,no_match
tcn,,,,I,L,Tichurong,False,True,,no_match,tcn,exact_iso3,,no_match
tco,,,,I,L,Taungyo,False,True,,no_match,tco,exact_iso3,,no_match
tcp,,,,I,L,Tawr Chin,False,True,,no_match,tcp,exact_iso3,,no_match
tcq,,,,I,L,Kaiy,False,True,,no_match,tcq,exact_iso3,,no_match
tcs,,,,I,L,Torres Strait Creole,False,True,tcs_Latn,exact,tcs,exact_iso3,,no_match
tct,,,,I,L,T'en,False,True,,no_match,tct,exact_iso3,,no_match
tcu,,,,I,L,Southeastern Tarahumara,False,True,,no_match,tcu,exact_iso3,,no_match
tcw,,,,I,L,Tecpatlán Totonac,False,True,,no_match,tcw,exact_iso3,,no_match
tcx,,,,I,L,Toda,False,True,,no_match,tcx,exact_iso3,,no_match
tcy,,,,I,L,Tulu,False,True,tcy_Knda,exact,tcy,exact_iso3,,no_match
tcz,,,,I,L,Thado Chin,False,True,tcz_Latn,exact,tcz,exact_iso3,,no_match
tda,,,,I,L,Tagdal,False,True,,no_match,tda,exact_iso3,,no_match
tdb,,,,I,L,Panchpargania,False,True,,no_match,tdb,exact_iso3,,no_match
tdc,,,,I,L,Emberá-Tadó,False,True,,no_match,tdc,exact_iso3,,no_match
tdd,,,,I,L,Tai Nüa,False,True,,no_match,tdd,exact_iso3,,no_match
tde,,,,I,L,Tiranige Diga Dogon,False,True,,no_match,tde,exact_iso3,,no_match
tdf,,,,I,L,Talieng,False,True,,no_match,tdf,exact_iso3,,no_match
tdg,,,,I,L,Western Tamang,False,True,,no_match,tdg,exact_iso3,,no_match
tdh,,,,I,L,Thulung,False,True,,no_match,tdh,exact_iso3,,no_match
tdi,,,,I,L,Tomadino,False,True,,no_match,tdi,exact_iso3,,no_match
tdj,,,,I,L,Tajio,False,True,,no_match,tdj,exact_iso3,,no_match
tdk,,,,I,L,Tambas,False,True,,no_match,tdk,exact_iso3,,no_match
tdl,,,,I,L,Sur,False,True,,no_match,tdl,exact_iso3,,no_match
tdm,,,,I,L,Taruma,False,True,,no_match,tdm,exact_iso3,,no_match
tdn,,,,I,L,Tondano,False,True,,no_match,tdn,exact_iso3,,no_match
tdo,,,,I,L,Teme,False,True,,no_match,tdo,exact_iso3,,no_match
tdq,,,,I,L,Tita,False,True,,no_match,tdq,exact_iso3,,no_match
tdr,,,,I,L,Todrah,False,True,,no_match,tdr,exact_iso3,,no_match
tds,,,,I,L,Doutai,False,True,,no_match,tds,exact_iso3,,no_match
tdt,,,,I,L,Tetun Dili,False,True,,no_match,tdt,exact_iso3,,no_match
tdv,,,,I,L,Toro,False,True,,no_match,tdv,exact_iso3,,no_match
tdx,,,,I,L,Tandroy-Mahafaly Malagasy,False,True,,no_match,tdx,exact_iso3,,no_match
tdy,,,,I,L,Tadyawan,False,True,,no_match,tdy,exact_iso3,,no_match
tea,,,,I,L,Temiar,False,True,,no_match,tea,exact_iso3,,no_match
teb,,,,I,E,Tetete,False,False,,no_match,teb,exact_iso3,,no_match
tec,,,,I,L,Terik,False,True,,no_match,tec,exact_iso3,,no_match
ted,,,,I,L,Tepo Krumen,False,True,ted_Latn,exact,ted,exact_iso3,,no_match
tee,,,,I,L,Huehuetla Tepehua,False,True,tee_Latn,exact,tee,exact_iso3,,no_match
tef,,,,I,L,Teressa,False,True,,no_match,tef,exact_iso3,,no_match
teg,,,,I,L,Teke-Tege,False,True,,no_match,teg,exact_iso3,teg,exact_iso3
teh,,,,I,L,Tehuelche,False,True,,no_match,teh,exact_iso3,,no_match
tei,,,,I,L,Torricelli,False,True,,no_match,tei,exact_iso3,,no_match
tek,,,,I,L,Ibali Teke,False,True,,no_match,tek,exact_iso3,,no_match
tel,tel,tel,te,I,L,Telugu,False,True,tel_Latn;tel_Telu,multi_script,tel;te,matched_multiple:iso3+iso1,te,matched_via_bcp47
tem,tem,tem,,I,L,Timne,False,True,tem_Latn,exact,tem,exact_iso3,,no_match
ten,,,,I,E,Tama (Colombia),False,False,,no_match,ten,exact_iso3,,no_match
teo,,,,I,L,Teso,False,True,teo_Latn,exact,teo,exact_iso3,,no_match
tep,,,,I,E,Tepecano,False,False,,no_match,tep,exact_iso3,,no_match
teq,,,,I,L,Temein,False,True,,no_match,teq,exact_iso3,,no_match
ter,ter,ter,,I,L,Tereno,False,True,ter_Latn,exact,ter,exact_iso3,,no_match
tes,,,,I,L,Tengger,False,True,,no_match,tes,exact_iso3,,no_match
tet,tet,tet,,I,L,Tetum,False,True,tet_Latn,exact,tet,exact_iso3,,no_match
teu,,,,I,L,Soo,False,True,,no_match,teu,exact_iso3,,no_match
tev,,,,I,L,Teor,False,True,,no_match,tev,exact_iso3,,no_match
tew,,,,I,L,Tewa (USA),False,True,tew_Latn,exact,tew,exact_iso3,,no_match
tex,,,,I,L,Tennet,False,True,,no_match,tex,exact_iso3,,no_match
tey,,,,I,L,Tulishi,False,True,,no_match,tey,exact_iso3,,no_match
tez,,,,I,L,Tetserret,False,True,,no_match,tez,exact_iso3,,no_match
tfi,,,,I,L,Tofin Gbe,False,True,,no_match,tfi,exact_iso3,,no_match
tfn,,,,I,L,Tanaina,False,True,,no_match,tfn,exact_iso3,,no_match
tfo,,,,I,L,Tefaro,False,True,,no_match,tfo,exact_iso3,,no_match
tfr,,,,I,L,Teribe,False,True,tfr_Latn,exact,tfr,exact_iso3,,no_match
tft,,,,I,L,Ternate,False,True,,no_match,tft,exact_iso3,,no_match
tga,,,,I,L,Sagalla,False,True,,no_match,tga,exact_iso3,,no_match
tgb,,,,I,L,Tobilung,False,True,,no_match,tgb,exact_iso3,,no_match
tgc,,,,I,L,Tigak,False,True,,no_match,tgc,exact_iso3,,no_match
tgd,,,,I,L,Ciwogai,False,True,,no_match,tgd,exact_iso3,,no_match
tge,,,,I,L,Eastern Gorkha Tamang,False,True,,no_match,tge,exact_iso3,,no_match
tgf,,,,I,L,Chalikha,False,True,,no_match,tgf,exact_iso3,,no_match
tgh,,,,I,L,Tobagonian Creole English,False,True,,no_match,tgh,exact_iso3,,no_match
tgi,,,,I,L,Lawunuia,False,True,,no_match,tgi,exact_iso3,,no_match
tgj,,,,I,L,Tagin,False,True,,no_match,tgj,exact_iso3,,no_match
tgk,tgk,tgk,tg,I,L,Tajik,False,True,tgk_Cyrl,exact,tgk;tg,matched_multiple:iso3+iso1,tg,matched_via_bcp47
tgl,tgl,tgl,tl,I,L,Tagalog,False,True,,no_match,tgl;tl,matched_multiple:iso3+iso1,tl,matched_via_bcp47
tgn,,,,I,L,Tandaganon,False,True,,no_match,tgn,exact_iso3,,no_match
tgo,,,,I,L,Sudest,False,True,tgo_Latn,exact,tgo,exact_iso3,,no_match
tgp,,,,I,L,Tangoa,False,True,tgp_Latn,exact,tgp,exact_iso3,,no_match
tgq,,,,I,L,Tring,False,True,,no_match,tgq,exact_iso3,,no_match
tgr,,,,I,L,Tareng,False,True,,no_match,tgr,exact_iso3,,no_match
tgs,,,,I,L,Nume,False,True,,no_match,tgs,exact_iso3,,no_match
tgt,,,,I,L,Central Tagbanwa,False,True,,no_match,tgt,exact_iso3,,no_match
tgu,,,,I,L,Tanggu,False,True,,no_match,tgu,exact_iso3,,no_match
tgv,,,,I,E,Tingui-Boto,False,False,,no_match,tgv,exact_iso3,,no_match
tgw,,,,I,L,Tagwana Senoufo,False,True,,no_match,tgw,exact_iso3,,no_match
tgx,,,,I,L,Tagish,False,True,,no_match,tgx,exact_iso3,,no_match
tgy,,,,I,E,Togoyo,False,False,,no_match,tgy,exact_iso3,,no_match
tgz,,,,I,E,Tagalaka,False,False,,no_match,tgz,exact_iso3,,no_match
tha,tha,tha,th,I,L,Thai,False,True,tha_Thai,exact,tha;th,matched_multiple:iso3+iso1,th,matched_via_bcp47
thd,,,,I,L,Kuuk Thaayorre,False,True,,no_match,thd,exact_iso3,,no_match
the,,,,I,L,Chitwania Tharu,False,True,,no_match,the,exact_iso3,,no_match
thf,,,,I,L,Thangmi,False,True,,no_match,thf,exact_iso3,,no_match
thh,,,,I,L,Northern Tarahumara,False,True,,no_match,thh,exact_iso3,,no_match
thi,,,,I,L,Tai Long,False,True,,no_match,thi,exact_iso3,,no_match
thk,,,,I,L,Tharaka,False,True,thk_Latn,exact,thk,exact_iso3,,no_match
thl,,,,I,L,Dangaura Tharu,False,True,thl_Deva,exact,thl,exact_iso3,,no_match
thm,,,,I,L,Aheu,False,True,,no_match,thm,exact_iso3,,no_match
thn,,,,I,L,Thachanadan,False,True,,no_match,thn,exact_iso3,,no_match
thp,,,,I,L,Thompson,False,True,,no_match,thp,exact_iso3,,no_match
thq,,,,I,L,Kochila Tharu,False,True,,no_match,thq,exact_iso3,,no_match
thr,,,,I,L,Rana Tharu,False,True,,no_match,thr,exact_iso3,,no_match
ths,,,,I,L,Thakali,False,True,,no_match,ths,exact_iso3,,no_match
tht,,,,I,L,Tahltan,False,True,,no_match,tht,exact_iso3,,no_match
thu,,,,I,L,Thuri,False,True,,no_match,thu,exact_iso3,,no_match
thv,,,,I,L,Tahaggart Tamahaq,False,True,,no_match,thv,exact_iso3,,no_match
thy,,,,I,L,Tha,False,True,,no_match,thy,exact_iso3,,no_match
thz,,,,I,L,Tayart Tamajeq,False,True,,no_match,thz,exact_iso3,,no_match
tia,,,,I,L,Tidikelt Tamazight,False,True,,no_match,tia,exact_iso3,,no_match
tic,,,,I,L,Tira,False,True,,no_match,tic,exact_iso3,,no_match
tif,,,,I,L,Tifal,False,True,tif_Latn,exact,tif,exact_iso3,,no_match
tig,tig,tig,,I,L,Tigre,False,True,tig_Ethi,exact,tig,exact_iso3,tig,exact_iso3
tih,,,,I,L,Timugon Murut,False,True,tih_Latn,exact,tih,exact_iso3,,no_match
tii,,,,I,L,Tiene,False,True,,no_match,tii,exact_iso3,,no_match
tij,,,,I,L,Tilung,False,True,,no_match,tij,exact_iso3,,no_match
tik,,,,I,L,Tikar,False,True,tik_Latn,exact,tik,exact_iso3,,no_match
til,,,,I,E,Tillamook,False,False,,no_match,til,exact_iso3,,no_match
tim,,,,I,L,Timbe,False,True,tim_Latn,exact,tim,exact_iso3,,no_match
tin,,,,I,L,Tindi,False,True,,no_match,tin,exact_iso3,,no_match
tio,,,,I,L,Teop,False,True,,no_match,tio,exact_iso3,,no_match
tip,,,,I,L,Trimuris,False,True,,no_match,tip,exact_iso3,,no_match
tiq,,,,I,L,Tiéfo,False,True,,no_match,tiq,exact_iso3,,no_match
tir,tir,tir,ti,I,L,Tigrinya,False,True,tir_Ethi,exact,tir;ti,matched_multiple:iso3+iso1,ti,matched_via_bcp47
tis,,,,I,L,Masadiit Itneg,False,True,,no_match,tis,exact_iso3,,no_match
tit,,,,I,L,Tinigua,False,True,,no_match,tit,exact_iso3,,no_match
tiu,,,,I,L,Adasen,False,True,,no_match,tiu,exact_iso3,,no_match
tiv,tiv,tiv,,I,L,Tiv,False,True,tiv_Latn,exact,tiv,exact_iso3,tiv,exact_iso3
tiw,,,,I,L,Tiwi,False,True,,no_match,tiw,exact_iso3,,no_match
tix,,,,I,L,Southern Tiwa,False,True,,no_match,tix,exact_iso3,,no_match
tiy,,,,I,L,Tiruray,False,True,tiy_Latn,exact,tiy,exact_iso3,,no_match
tiz,,,,I,L,Tai Hongjin,False,True,,no_match,tiz,exact_iso3,,no_match
tja,,,,I,L,Tajuasohn,False,True,,no_match,tja,exact_iso3,,no_match
tjg,,,,I,L,Tunjung,False,True,,no_match,tjg,exact_iso3,,no_match
tji,,,,I,L,Northern Tujia,False,True,,no_match,tji,exact_iso3,,no_match
tjj,,,,I,L,Tjungundji,False,True,,no_match,tjj,exact_iso3,,no_match
tjl,,,,I,L,Tai Laing,False,True,,no_match,tjl,exact_iso3,,no_match
tjm,,,,I,E,Timucua,False,False,,no_match,tjm,exact_iso3,,no_match
tjn,,,,I,E,Tonjon,False,False,,no_match,tjn,exact_iso3,,no_match
tjo,,,,I,L,Temacine Tamazight,False,True,,no_match,tjo,exact_iso3,,no_match
tjp,,,,I,L,Tjupany,False,True,,no_match,tjp,exact_iso3,,no_match
tjs,,,,I,L,Southern Tujia,False,True,,no_match,tjs,exact_iso3,,no_match
tju,,,,I,E,Tjurruru,False,False,,no_match,tju,exact_iso3,,no_match
tjw,,,,I,L,Djabwurrung,False,True,,no_match,tjw,exact_iso3,,no_match
tka,,,,I,E,Truká,False,False,,no_match,tka,exact_iso3,,no_match
tkb,,,,I,L,Buksa,False,True,,no_match,tkb,exact_iso3,,no_match
tkd,,,,I,L,Tukudede,False,True,,no_match,tkd,exact_iso3,,no_match
tke,,,,I,L,Takwane,False,True,tke_Latn,exact,tke,exact_iso3,,no_match
tkf,,,,I,E,Tukumanféd,False,False,,no_match,tkf,exact_iso3,,no_match
tkg,,,,I,L,Tesaka Malagasy,False,True,,no_match,tkg,exact_iso3,,no_match
tkl,tkl,tkl,,I,L,Tokelau,False,True,tkl_Latn,exact,tkl,exact_iso3,,no_match
tkm,,,,I,E,Takelma,False,False,,no_match,tkm,exact_iso3,,no_match
tkn,,,,I,L,Toku-No-Shima,False,True,,no_match,tkn,exact_iso3,,no_match
tkp,,,,I,L,Tikopia,False,True,,no_match,tkp,exact_iso3,,no_match
tkq,,,,I,L,Tee,False,True,,no_match,tkq,exact_iso3,,no_match
tkr,,,,I,L,Tsakhur,False,True,tkr_Cyrl,exact,tkr,exact_iso3,,no_match
tks,,,,I,L,Takestani,False,True,,no_match,tks,exact_iso3,,no_match
tkt,,,,I,L,Kathoriya Tharu,False,True,,no_match,tkt,exact_iso3,,no_match
tku,,,,I,L,Upper Necaxa Totonac,False,True,tku_Latn,exact,tku,exact_iso3,,no_match
tkv,,,,I,L,Mur Pano,False,True,,no_match,tkv,exact_iso3,,no_match
tkw,,,,I,L,Teanu,False,True,,no_match,tkw,exact_iso3,,no_match
tkx,,,,I,L,Tangko,False,True,,no_match,tkx,exact_iso3,,no_match
tkz,,,,I,L,Takua,False,True,,no_match,tkz,exact_iso3,,no_match
tla,,,,I,L,Southwestern Tepehuan,False,True,,no_match,tla,exact_iso3,,no_match
tlb,,,,I,L,Tobelo,False,True,tlb_Latn,exact,tlb,exact_iso3,,no_match
tlc,,,,I,L,Yecuatla Totonac,False,True,,no_match,tlc,exact_iso3,,no_match
tld,,,,I,L,Talaud,False,True,,no_match,tld,exact_iso3,,no_match
tlf,,,,I,L,Telefol,False,True,tlf_Latn,exact,tlf,exact_iso3,,no_match
tlg,,,,I,L,Tofanma,False,True,,no_match,tlg,exact_iso3,,no_match
tlh,tlh,tlh,,I,C,Klingon,False,False,tlh_Latn,exact,tlh,exact_iso3,,no_match
tli,tli,tli,,I,L,Tlingit,False,True,,no_match,tli,exact_iso3,tli,exact_iso3
tlj,,,,I,L,Talinga-Bwisi,False,True,tlj_Latn,exact,tlj,exact_iso3,,no_match
tlk,,,,I,L,Taloki,False,True,,no_match,tlk,exact_iso3,,no_match
tll,,,,I,L,Tetela,False,True,tll_Latn,exact,tll,exact_iso3,,no_match
tlm,,,,I,L,Tolomako,False,True,,no_match,tlm,exact_iso3,,no_match
tln,,,,I,L,Talondo',False,True,,no_match,tln,exact_iso3,,no_match
tlo,,,,I,L,Talodi,False,True,,no_match,tlo,exact_iso3,,no_match
tlp,,,,I,L,Filomena Mata-Coahuitlán Totonac,False,True,,no_match,tlp,exact_iso3,,no_match
tlq,,,,I,L,Tai Loi,False,True,,no_match,tlq,exact_iso3,,no_match
tlr,,,,I,L,Talise,False,True,,no_match,tlr,exact_iso3,,no_match
tls,,,,I,L,Tambotalo,False,True,,no_match,tls,exact_iso3,,no_match
tlt,,,,I,L,Sou Nama,False,True,,no_match,tlt,exact_iso3,,no_match
tlu,,,,I,L,Tulehu,False,True,,no_match,tlu,exact_iso3,,no_match
tlv,,,,I,L,Taliabu,False,True,,no_match,tlv,exact_iso3,,no_match
tlx,,,,I,L,Khehek,False,True,,no_match,tlx,exact_iso3,,no_match
tly,,,,I,L,Talysh,False,True,tly_Latn,exact,tly,exact_iso3,,no_match
tma,,,,I,L,Tama (Chad),False,True,,no_match,tma,exact_iso3,,no_match
tmb,,,,I,L,Katbol,False,True,,no_match,tmb,exact_iso3,,no_match
tmc,,,,I,L,Tumak,False,True,tmc_Latn,exact,tmc,exact_iso3,,no_match
tmd,,,,I,L,Haruai,False,True,tmd_Latn,exact,tmd,exact_iso3,,no_match
tme,,,,I,E,Tremembé,False,False,,no_match,tme,exact_iso3,,no_match
tmf,,,,I,L,Toba-Maskoy,False,True,,no_match,tmf,exact_iso3,,no_match
tmg,,,,I,E,Ternateño,False,False,,no_match,tmg,exact_iso3,,no_match
tmh,tmh,tmh,,M,L,Tamashek,True,True,,no_match,tmh,exact_iso3,,no_match
tmi,,,,I,L,Tutuba,False,True,,no_match,tmi,exact_iso3,,no_match
tmj,,,,I,L,Samarokena,False,True,,no_match,tmj,exact_iso3,,no_match
tml,,,,I,L,Tamnim Citak,False,True,,no_match,tml,exact_iso3,,no_match
tmm,,,,I,L,Tai Thanh,False,True,,no_match,tmm,exact_iso3,,no_match
tmn,,,,I,L,Taman (Indonesia),False,True,,no_match,tmn,exact_iso3,,no_match
tmo,,,,I,L,Temoq,False,True,,no_match,tmo,exact_iso3,,no_match
tmq,,,,I,L,Tumleo,False,True,,no_match,tmq,exact_iso3,,no_match
tmr,,,,I,E,Jewish Babylonian Aramaic (ca. 200-1200 CE),False,False,,no_match,tmr,exact_iso3,,no_match
tms,,,,I,L,Tima,False,True,,no_match,tms,exact_iso3,,no_match
tmt,,,,I,L,Tasmate,False,True,,no_match,tmt,exact_iso3,,no_match
tmu,,,,I,L,Iau,False,True,,no_match,tmu,exact_iso3,,no_match
tmv,,,,I,L,Tembo (Motembo),False,True,,no_match,tmv,exact_iso3,,no_match
tmw,,,,I,L,Temuan,False,True,,no_match,tmw,exact_iso3,,no_match
tmy,,,,I,L,Tami,False,True,,no_match,tmy,exact_iso3,,no_match
tmz,,,,I,E,Tamanaku,False,False,,no_match,tmz,exact_iso3,,no_match
tna,,,,I,L,Tacana,False,True,tna_Latn,exact,tna,exact_iso3,,no_match
tnb,,,,I,L,Western Tunebo,False,True,,no_match,tnb,exact_iso3,,no_match
tnc,,,,I,L,Tanimuca-Retuarã,False,True,tnc_Latn,exact,tnc,exact_iso3,,no_match
tnd,,,,I,L,Angosturas Tunebo,False,True,,no_match,tnd,exact_iso3,,no_match
tng,,,,I,L,Tobanga,False,True,,no_match,tng,exact_iso3,,no_match
tnh,,,,I,L,Maiani,False,True,,no_match,tnh,exact_iso3,,no_match
tni,,,,I,L,Tandia,False,True,,no_match,tni,exact_iso3,,no_match
tnk,,,,I,L,Kwamera,False,True,tnk_Latn,exact,tnk,exact_iso3,,no_match
tnl,,,,I,L,Lenakel,False,True,,no_match,tnl,exact_iso3,,no_match
tnm,,,,I,L,Tabla,False,True,,no_match,tnm,exact_iso3,,no_match
tnn,,,,I,L,North Tanna,False,True,tnn_Latn,exact,tnn,exact_iso3,,no_match
tno,,,,I,L,Toromono,False,True,,no_match,tno,exact_iso3,,no_match
tnp,,,,I,L,Whitesands,False,True,tnp_Latn,exact,tnp,exact_iso3,,no_match
tnq,,,,I,E,Taino,False,False,,no_match,tnq,exact_iso3,,no_match
tnr,,,,I,L,Ménik,False,True,tnr_Latn,exact,tnr,exact_iso3,,no_match
tns,,,,I,L,Tenis,False,True,,no_match,tns,exact_iso3,,no_match
tnt,,,,I,L,Tontemboan,False,True,,no_match,tnt,exact_iso3,,no_match
tnu,,,,I,L,Tay Khang,False,True,,no_match,tnu,exact_iso3,,no_match
tnv,,,,I,L,Tangchangya,False,True,,no_match,tnv,exact_iso3,,no_match
tnw,,,,I,L,Tonsawang,False,True,,no_match,tnw,exact_iso3,,no_match
tnx,,,,I,L,Tanema,False,True,,no_match,tnx,exact_iso3,,no_match
tny,,,,I,L,Tongwe,False,True,,no_match,tny,exact_iso3,,no_match
tnz,,,,I,L,Ten'edn,False,True,,no_match,tnz,exact_iso3,,no_match
tob,,,,I,L,Toba,False,True,tob_Latn,exact,tob,exact_iso3,tob,exact_iso3
toc,,,,I,L,Coyutla Totonac,False,True,toc_Latn,exact,toc,exact_iso3,,no_match
tod,,,,I,L,Toma,False,True,tod_Latn,exact,tod,exact_iso3,,no_match
tof,,,,I,L,Gizrra,False,True,,no_match,tof,exact_iso3,,no_match
tog,tog,tog,,I,L,Tonga (Nyasa),False,True,tog_Latn,exact,tog,exact_iso3,,no_match
toh,,,,I,L,Gitonga,False,True,toh_Latn,exact,toh,exact_iso3,,no_match
toi,,,,I,L,Tonga (Zambia),False,True,toi_Latn,exact,toi,exact_iso3,,no_match
toj,,,,I,L,Tojolabal,False,True,toj_Latn,exact,toj,exact_iso3,,no_match
tok,,,,I,C,Toki Pona,False,False,tok_Latn,exact,tok,exact_iso3,tok,exact_iso3
tol,,,,I,E,Tolowa,False,False,,no_match,tol,exact_iso3,,no_match
tom,,,,I,L,Tombulu,False,True,,no_match,tom,exact_iso3,,no_match
ton,ton,ton,to,I,L,Tonga (Tonga Islands),False,True,ton_Latn,exact,ton;to,matched_multiple:iso3+iso1,,no_match
too,,,,I,L,Xicotepec De Juárez Totonac,False,True,too_Latn,exact,too,exact_iso3,,no_match
top,,,,I,L,Papantla Totonac,False,True,top_Latn,exact,top,exact_iso3,top,exact_iso3
toq,,,,I,L,Toposa,False,True,,no_match,toq,exact_iso3,,no_match
tor,,,,I,L,Togbo-Vara Banda,False,True,,no_match,tor,exact_iso3,,no_match
tos,,,,I,L,Highland Totonac,False,True,tos_Latn,exact,tos,exact_iso3,,no_match
tou,,,,I,L,Tho,False,True,,no_match,tou,exact_iso3,,no_match
tov,,,,I,L,Upper Taromi,False,True,,no_match,tov,exact_iso3,,no_match
tow,,,,I,L,Jemez,False,True,,no_match,tow,exact_iso3,,no_match
tox,,,,I,L,Tobian,False,True,,no_match,tox,exact_iso3,,no_match
toy,,,,I,L,Topoiyo,False,True,,no_match,toy,exact_iso3,,no_match
toz,,,,I,L,To,False,True,,no_match,toz,exact_iso3,,no_match
tpa,,,,I,L,Taupota,False,True,tpa_Latn,exact,tpa,exact_iso3,,no_match
tpc,,,,I,L,Azoyú Me'phaa,False,True,,no_match,tpc,exact_iso3,,no_match
tpe,,,,I,L,Tippera,False,True,,no_match,tpe,exact_iso3,,no_match
tpf,,,,I,L,Tarpia,False,True,,no_match,tpf,exact_iso3,,no_match
tpg,,,,I,L,Kula,False,True,,no_match,tpg,exact_iso3,,no_match
tpi,tpi,tpi,,I,L,Tok Pisin,False,True,tpi_Latn,exact,tpi,exact_iso3,,no_match
tpj,,,,I,L,Tapieté,False,True,,no_match,tpj,exact_iso3,,no_match
tpk,,,,I,E,Tupinikin,False,False,,no_match,tpk,exact_iso3,,no_match
tpl,,,,I,L,Tlacoapa Me'phaa,False,True,,no_match,tpl,exact_iso3,,no_match
tpm,,,,I,L,Tampulma,False,True,tpm_Latn,exact,tpm,exact_iso3,,no_match
tpn,,,,I,E,Tupinambá,False,False,,no_match,tpn,exact_iso3,,no_match
tpo,,,,I,L,Tai Pao,False,True,,no_match,tpo,exact_iso3,,no_match
tpp,,,,I,L,Pisaflores Tepehua,False,True,tpp_Latn,exact,tpp,exact_iso3,,no_match
tpq,,,,I,L,Tukpa,False,True,,no_match,tpq,exact_iso3,,no_match
tpr,,,,I,L,Tuparí,False,True,,no_match,tpr,exact_iso3,,no_match
tpt,,,,I,L,Tlachichilco Tepehua,False,True,tpt_Latn,exact,tpt,exact_iso3,,no_match
tpu,,,,I,L,Tampuan,False,True,,no_match,tpu,exact_iso3,,no_match
tpv,,,,I,L,Tanapag,False,True,,no_match,tpv,exact_iso3,,no_match
tpx,,,,I,L,Acatepec Me'phaa,False,True,,no_match,tpx,exact_iso3,,no_match
tpy,,,,I,L,Trumai,False,True,,no_match,tpy,exact_iso3,,no_match
tpz,,,,I,L,Tinputz,False,True,tpz_Latn,exact,tpz,exact_iso3,,no_match
tqb,,,,I,L,Tembé,False,True,,no_match,tqb,exact_iso3,,no_match
tql,,,,I,L,Lehali,False,True,,no_match,tql,exact_iso3,,no_match
tqm,,,,I,L,Turumsa,False,True,,no_match,tqm,exact_iso3,,no_match
tqn,,,,I,L,Tenino,False,True,,no_match,tqn,exact_iso3,,no_match
tqo,,,,I,L,Toaripi,False,True,tqo_Latn,exact,tqo,exact_iso3,,no_match
tqp,,,,I,L,Tomoip,False,True,,no_match,tqp,exact_iso3,,no_match
tqq,,,,I,L,Tunni,False,True,,no_match,tqq,exact_iso3,,no_match
tqr,,,,I,E,Torona,False,False,,no_match,tqr,exact_iso3,,no_match
tqt,,,,I,L,Western Totonac,False,True,,no_match,tqt,exact_iso3,,no_match
tqu,,,,I,L,Touo,False,True,,no_match,tqu,exact_iso3,,no_match
tqw,,,,I,E,Tonkawa,False,False,,no_match,tqw,exact_iso3,,no_match
tra,,,,I,L,Tirahi,False,True,,no_match,tra,exact_iso3,,no_match
trb,,,,I,L,Terebu,False,True,,no_match,trb,exact_iso3,,no_match
trc,,,,I,L,Copala Triqui,False,True,trc_Latn,exact,trc,exact_iso3,,no_match
trd,,,,I,L,Turi,False,True,,no_match,trd,exact_iso3,,no_match
tre,,,,I,L,East Tarangan,False,True,,no_match,tre,exact_iso3,,no_match
trf,,,,I,L,Trinidadian Creole English,False,True,,no_match,trf,exact_iso3,,no_match
trg,,,,I,L,Lishán Didán,False,True,,no_match,trg,exact_iso3,,no_match
trh,,,,I,L,Turaka,False,True,,no_match,trh,exact_iso3,,no_match
tri,,,,I,L,Trió,False,True,,no_match,tri,exact_iso3,,no_match
trj,,,,I,L,Toram,False,True,,no_match,trj,exact_iso3,,no_match
trl,,,,I,L,Traveller Scottish,False,True,,no_match,trl,exact_iso3,,no_match
trm,,,,I,L,Tregami,False,True,,no_match,trm,exact_iso3,,no_match
trn,,,,I,L,Trinitario,False,True,trn_Latn,exact,trn,exact_iso3,,no_match
tro,,,,I,L,Tarao Naga,False,True,tro_Latn,exact,tro,exact_iso3,,no_match
trp,,,,I,L,Kok Borok,False,True,trp_Latn,exact,trp,exact_iso3,,no_match
trq,,,,I,L,San Martín Itunyoso Triqui,False,True,trq_Latn,exact,trq,exact_iso3,,no_match
trr,,,,I,L,Taushiro,False,True,,no_match,trr,exact_iso3,,no_match
trs,,,,I,L,Chicahuaxtla Triqui,False,True,trs_Latn,exact,trs,exact_iso3,,no_match
trt,,,,I,L,Tunggare,False,True,,no_match,trt,exact_iso3,,no_match
tru,,,,I,L,Turoyo,False,True,,no_match,tru,exact_iso3,,no_match
trv,,,,I,L,Sediq,False,True,trv_Latn,exact,trv,exact_iso3,trv,exact_iso3
trw,,,,I,L,Torwali,False,True,,no_match,trw,exact_iso3,trw,exact_iso3
trx,,,,I,L,Tringgus-Sembaan Bidayuh,False,True,,no_match,trx,exact_iso3,,no_match
try,,,,I,E,Turung,False,False,,no_match,try,exact_iso3,,no_match
trz,,,,I,E,Torá,False,False,,no_match,trz,exact_iso3,,no_match
tsa,,,,I,L,Tsaangi,False,True,,no_match,tsa,exact_iso3,,no_match
tsb,,,,I,L,Tsamai,False,True,,no_match,tsb,exact_iso3,,no_match
tsc,,,,I,L,Tswa,False,True,tsc_Latn,exact,tsc,exact_iso3,,no_match
tsd,,,,I,L,Tsakonian,False,True,,no_match,tsd,exact_iso3,,no_match
tse,,,,I,L,Tunisian Sign Language,False,True,,no_match,tse,exact_iso3,,no_match
tsg,,,,I,L,Tausug,False,True,tsg_Latn,exact,tsg,exact_iso3,,no_match
tsh,,,,I,L,Tsuvan,False,True,,no_match,tsh,exact_iso3,,no_match
tsi,tsi,tsi,,I,L,Tsimshian,False,True,,no_match,tsi,exact_iso3,,no_match
tsj,,,,I,L,Tshangla,False,True,,no_match,tsj,exact_iso3,,no_match
tsk,,,,I,L,Tseku,False,True,,no_match,tsk,exact_iso3,,no_match
tsl,,,,I,L,Ts'ün-Lao,False,True,,no_match,tsl,exact_iso3,,no_match
tsm,,,,I,L,Turkish Sign Language,False,True,,no_match,tsm,exact_iso3,,no_match
tsn,tsn,tsn,tn,I,L,Tswana,False,True,tsn_Latn,exact,tsn;tn,matched_multiple:iso3+iso1,tn,matched_via_bcp47
tso,tso,tso,ts,I,L,Tsonga,False,True,tso_Latn,exact,tso;ts,matched_multiple:iso3+iso1,ts,matched_via_bcp47
tsp,,,,I,L,Northern Toussian,False,True,,no_match,tsp,exact_iso3,,no_match
tsq,,,,I,L,Thai Sign Language,False,True,,no_match,tsq,exact_iso3,,no_match
tsr,,,,I,L,Akei,False,True,,no_match,tsr,exact_iso3,,no_match
tss,,,,I,L,Taiwan Sign Language,False,True,,no_match,tss,exact_iso3,,no_match
tst,,,,I,L,Tondi Songway Kiini,False,True,,no_match,tst,exact_iso3,,no_match
tsu,,,,I,L,Tsou,False,True,,no_match,tsu,exact_iso3,,no_match
tsv,,,,I,L,Tsogo,False,True,,no_match,tsv,exact_iso3,,no_match
tsw,,,,I,L,Tsishingini,False,True,tsw_Latn,exact,tsw,exact_iso3,,no_match
tsx,,,,I,L,Mubami,False,True,,no_match,tsx,exact_iso3,,no_match
tsy,,,,I,L,Tebul Sign Language,False,True,,no_match,tsy,exact_iso3,,no_match
tsz,,,,I,L,Purepecha,False,True,tsz_Latn,exact,tsz,exact_iso3,,no_match
tta,,,,I,E,Tutelo,False,False,,no_match,tta,exact_iso3,,no_match
ttb,,,,I,L,Gaa,False,True,,no_match,ttb,exact_iso3,,no_match
ttc,,,,I,L,Tektiteko,False,True,ttc_Latn,exact,ttc,exact_iso3,,no_match
ttd,,,,I,L,Tauade,False,True,,no_match,ttd,exact_iso3,,no_match
tte,,,,I,L,Bwanabwana,False,True,tte_Latn,exact,tte,exact_iso3,,no_match
ttf,,,,I,L,Tuotomb,False,True,,no_match,ttf,exact_iso3,,no_match
ttg,,,,I,L,Tutong,False,True,,no_match,ttg,exact_iso3,,no_match
tth,,,,I,L,Upper Ta'oih,False,True,,no_match,tth,exact_iso3,,no_match
tti,,,,I,L,Tobati,False,True,,no_match,tti,exact_iso3,,no_match
ttj,,,,I,L,Tooro,False,True,ttj_Latn,exact,ttj,exact_iso3,ttj,exact_iso3
ttk,,,,I,L,Totoro,False,True,,no_match,ttk,exact_iso3,,no_match
ttl,,,,I,L,Totela,False,True,,no_match,ttl,exact_iso3,,no_match
ttm,,,,I,L,Northern Tutchone,False,True,,no_match,ttm,exact_iso3,,no_match
ttn,,,,I,L,Towei,False,True,,no_match,ttn,exact_iso3,,no_match
tto,,,,I,L,Lower Ta'oih,False,True,,no_match,tto,exact_iso3,,no_match
ttp,,,,I,L,Tombelala,False,True,,no_match,ttp,exact_iso3,,no_match
ttq,,,,I,L,Tawallammat Tamajaq,False,True,ttq_Latn;ttq_Tfng,multi_script,ttq,exact_iso3,,no_match
ttr,,,,I,L,Tera,False,True,,no_match,ttr,exact_iso3,,no_match
tts,,,,I,L,Northeastern Thai,False,True,,no_match,tts,exact_iso3,,no_match
ttt,,,,I,L,Muslim Tat,False,True,,no_match,ttt,exact_iso3,,no_match
ttu,,,,I,L,Torau,False,True,,no_match,ttu,exact_iso3,,no_match
ttv,,,,I,L,Titan,False,True,,no_match,ttv,exact_iso3,,no_match
ttw,,,,I,L,Long Wat,False,True,,no_match,ttw,exact_iso3,,no_match
tty,,,,I,L,Sikaritai,False,True,,no_match,tty,exact_iso3,,no_match
ttz,,,,I,L,Tsum,False,True,,no_match,ttz,exact_iso3,,no_match
tua,,,,I,L,Wiarumus,False,True,,no_match,tua,exact_iso3,,no_match
tub,,,,I,E,Tübatulabal,False,False,,no_match,tub,exact_iso3,,no_match
tuc,,,,I,L,Mutu,False,True,tuc_Latn,exact,tuc,exact_iso3,,no_match
tud,,,,I,E,Tuxá,False,False,,no_match,tud,exact_iso3,,no_match
tue,,,,I,L,Tuyuca,False,True,tue_Latn,exact,tue,exact_iso3,,no_match
tuf,,,,I,L,Central Tunebo,False,True,tuf_Latn,exact,tuf,exact_iso3,,no_match
tug,,,,I,L,Tunia,False,True,,no_match,tug,exact_iso3,,no_match
tuh,,,,I,L,Taulil,False,True,,no_match,tuh,exact_iso3,,no_match
tui,,,,I,L,Tupuri,False,True,tui_Latn,exact,tui,exact_iso3,tui,exact_iso3
tuj,,,,I,L,Tugutil,False,True,,no_match,tuj,exact_iso3,,no_match
tuk,tuk,tuk,tk,I,L,Turkmen,False,True,tuk_Arab;tuk_Cyrl;tuk_Latn,multi_script,tuk;tk,matched_multiple:iso3+iso1,tk,matched_via_bcp47
tul,,,,I,L,Tula,False,True,tul_Latn,exact,tul,exact_iso3,,no_match
tum,tum,tum,,I,L,Tumbuka,False,True,tum_Latn,exact,tum,exact_iso3,tum,exact_iso3
tun,,,,I,L,Tunica,False,True,,no_match,tun,exact_iso3,,no_match
tuo,,,,I,L,Tucano,False,True,tuo_Latn,exact,tuo,exact_iso3,,no_match
tuq,,,,I,L,Tedaga,False,True,,no_match,tuq,exact_iso3,tuq,exact_iso3
tur,tur,tur,tr,I,L,Turkish,False,True,tur_Latn,exact,tur;tr,matched_multiple:iso3+iso1,tr,matched_via_bcp47
tus,,,,I,L,Tuscarora,False,True,,no_match,tus,exact_iso3,,no_match
tuu,,,,I,L,Tututni,False,True,,no_match,tuu,exact_iso3,,no_match
tuv,,,,I,L,Turkana,False,True,tuv_Latn,exact,tuv,exact_iso3,,no_match
tux,,,,I,E,Tuxináwa,False,False,,no_match,tux,exact_iso3,,no_match
tuy,,,,I,L,Tugen,False,True,,no_match,tuy,exact_iso3,,no_match
tuz,,,,I,L,Turka,False,True,,no_match,tuz,exact_iso3,,no_match
tva,,,,I,L,Vaghua,False,True,,no_match,tva,exact_iso3,,no_match
tvd,,,,I,L,Tsuvadi,False,True,,no_match,tvd,exact_iso3,,no_match
tve,,,,I,L,Te'un,False,True,,no_match,tve,exact_iso3,,no_match
tvg,,,,I,E,Tugunese,False,False,,no_match,,no_match,,no_match
tvi,,,,I,L,Tulai,False,True,,no_match,,no_match,,no_match
tvk,,,,I,L,Southeast Ambrym,False,True,tvk_Latn,exact,tvk,exact_iso3,,no_match
tvl,tvl,tvl,,I,L,Tuvalu,False,True,tvl_Latn,exact,tvl,exact_iso3,,no_match
tvm,,,,I,L,Tela-Masbuar,False,True,,no_match,tvm,exact_iso3,,no_match
tvn,,,,I,L,Tavoyan,False,True,,no_match,tvn,exact_iso3,,no_match
tvo,,,,I,L,Tidore,False,True,,no_match,tvo,exact_iso3,,no_match
tvs,,,,I,L,Taveta,False,True,,no_match,tvs,exact_iso3,,no_match
tvt,,,,I,L,Tutsa Naga,False,True,,no_match,tvt,exact_iso3,,no_match
tvu,,,,I,L,Tunen,False,True,,no_match,tvu,exact_iso3,tvu,exact_iso3
tvw,,,,I,L,Sedoa,False,True,,no_match,tvw,exact_iso3,,no_match
tvx,,,,I,E,Taivoan,False,False,,no_match,tvx,exact_iso3,,no_match
tvy,,,,I,E,Timor Pidgin,False,False,,no_match,tvy,exact_iso3,,no_match
twa,,,,I,E,Twana,False,False,,no_match,twa,exact_iso3,,no_match
twb,,,,I,L,Western Tawbuid,False,True,,no_match,twb,exact_iso3,,no_match
twc,,,,I,E,Teshenawa,False,False,,no_match,twc,exact_iso3,,no_match
twd,,,,I,L,Twents,False,True,,no_match,twd,exact_iso3,,no_match
twe,,,,I,L,Tewa (Indonesia),False,True,,no_match,twe,exact_iso3,,no_match
twf,,,,I,L,Northern Tiwa,False,True,,no_match,twf,exact_iso3,,no_match
twg,,,,I,L,Tereweng,False,True,,no_match,twg,exact_iso3,,no_match
twh,,,,I,L,Tai Dón,False,True,,no_match,twh,exact_iso3,,no_match
twi,twi,twi,tw,I,L,Twi,False,True,twi_Latn,exact,twi;tw,matched_multiple:iso3+iso1,tw,matched_via_bcp47
twl,,,,I,L,Tawara,False,True,,no_match,twl,exact_iso3,,no_match
twm,,,,I,L,Tawang Monpa,False,True,,no_match,twm,exact_iso3,,no_match
twn,,,,I,L,Twendi,False,True,,no_match,twn,exact_iso3,,no_match
two,,,,I,L,Tswapong,False,True,,no_match,two,exact_iso3,,no_match
twp,,,,I,L,Ere,False,True,,no_match,twp,exact_iso3,,no_match
twq,,,,I,L,Tasawaq,False,True,,no_match,twq,exact_iso3,,no_match
twr,,,,I,L,Southwestern Tarahumara,False,True,,no_match,twr,exact_iso3,,no_match
twt,,,,I,E,Turiwára,False,False,,no_match,twt,exact_iso3,,no_match
twu,,,,I,L,Termanu,False,True,twu_Latn,exact,twu,exact_iso3,,no_match
tww,,,,I,L,Tuwari,False,True,,no_match,tww,exact_iso3,,no_match
twx,,,,I,L,Tewe,False,True,twx_Latn,exact,twx,exact_iso3,,no_match
twy,,,,I,L,Tawoyan,False,True,,no_match,twy,exact_iso3,,no_match
txa,,,,I,L,Tombonuo,False,True,,no_match,txa,exact_iso3,,no_match
txb,,,,I,H,Tokharian B,False,False,,no_match,txb,exact_iso3,,no_match
txc,,,,I,E,Tsetsaut,False,False,,no_match,txc,exact_iso3,,no_match
txe,,,,I,L,Totoli,False,True,,no_match,txe,exact_iso3,,no_match
txg,,,,I,H,Tangut,False,False,,no_match,txg,exact_iso3,,no_match
txh,,,,I,H,Thracian,False,False,,no_match,txh,exact_iso3,,no_match
txi,,,,I,L,Ikpeng,False,True,,no_match,txi,exact_iso3,,no_match
txj,,,,I,L,Tarjumo,False,True,,no_match,txj,exact_iso3,,no_match
txm,,,,I,L,Tomini,False,True,,no_match,txm,exact_iso3,,no_match
txn,,,,I,L,West Tarangan,False,True,,no_match,txn,exact_iso3,,no_match
txo,,,,I,L,Toto,False,True,,no_match,txo,exact_iso3,,no_match
txq,,,,I,L,Tii,False,True,txq_Latn,exact,txq,exact_iso3,,no_match
txr,,,,I,H,Tartessian,False,False,,no_match,txr,exact_iso3,,no_match
txs,,,,I,L,Tonsea,False,True,,no_match,txs,exact_iso3,,no_match
txt,,,,I,L,Citak,False,True,,no_match,txt,exact_iso3,,no_match
txu,,,,I,L,Kayapó,False,True,txu_Latn,exact,txu,exact_iso3,,no_match
txx,,,,I,L,Tatana,False,True,,no_match,txx,exact_iso3,,no_match
txy,,,,I,L,Tanosy Malagasy,False,True,,no_match,txy,exact_iso3,,no_match
tya,,,,I,L,Tauya,False,True,,no_match,tya,exact_iso3,,no_match
tye,,,,I,L,Kyanga,False,True,,no_match,tye,exact_iso3,,no_match
tyh,,,,I,L,O'du,False,True,,no_match,tyh,exact_iso3,,no_match
tyi,,,,I,L,Teke-Tsaayi,False,True,,no_match,tyi,exact_iso3,,no_match
tyj,,,,I,L,Tai Do,False,True,,no_match,tyj,exact_iso3,,no_match
tyl,,,,I,L,Thu Lao,False,True,,no_match,tyl,exact_iso3,,no_match
tyn,,,,I,L,Kombai,False,True,,no_match,tyn,exact_iso3,,no_match
typ,,,,I,E,Thaypan,False,False,,no_match,typ,exact_iso3,,no_match
tyr,,,,I,L,Tai Daeng,False,True,,no_match,tyr,exact_iso3,,no_match
tys,,,,I,L,Tày Sa Pa,False,True,,no_match,tys,exact_iso3,,no_match
tyt,,,,I,L,Tày Tac,False,True,,no_match,tyt,exact_iso3,,no_match
tyu,,,,I,L,Kua,False,True,,no_match,tyu,exact_iso3,,no_match
tyv,tyv,tyv,,I,L,Tuvinian,False,True,tyv_Cyrl,exact,tyv,exact_iso3,tyv,exact_iso3
tyx,,,,I,L,Teke-Tyee,False,True,,no_match,tyx,exact_iso3,,no_match
tyy,,,,I,L,Tiyaa,False,True,,no_match,tyy,exact_iso3,,no_match
tyz,,,,I,L,Tày,False,True,,no_match,tyz,exact_iso3,,no_match
tza,,,,I,L,Tanzanian Sign Language,False,True,,no_match,tza,exact_iso3,,no_match
tzh,,,,I,L,Tzeltal,False,True,tzh_Latn,exact,tzh,exact_iso3,,no_match
tzj,,,,I,L,Tz'utujil,False,True,tzj_Latn,exact,tzj,exact_iso3,,no_match
tzl,,,,I,C,Talossan,False,False,tzl_Latn,exact,tzl,exact_iso3,,no_match
tzm,,,,I,L,Central Atlas Tamazight,False,True,tzm_Tfng,exact,tzm,exact_iso3,,no_match
tzn,,,,I,L,Tugun,False,True,,no_match,tzn,exact_iso3,,no_match
tzo,,,,I,L,Tzotzil,False,True,tzo_Latn,exact,tzo,exact_iso3,,no_match
tzx,,,,I,L,Tabriak,False,True,,no_match,tzx,exact_iso3,,no_match
uam,,,,I,E,Uamué,False,False,,no_match,uam,exact_iso3,,no_match
uan,,,,I,L,Kuan,False,True,,no_match,uan,exact_iso3,,no_match
uar,,,,I,L,Tairuma,False,True,,no_match,uar,exact_iso3,,no_match
uba,,,,I,L,Ubang,False,True,,no_match,uba,exact_iso3,,no_match
ubi,,,,I,L,Ubi,False,True,,no_match,ubi,exact_iso3,,no_match
ubl,,,,I,L,Buhi'non Bikol,False,True,,no_match,ubl,exact_iso3,,no_match
ubr,,,,I,L,Ubir,False,True,ubr_Latn,exact,ubr,exact_iso3,,no_match
ubu,,,,I,L,Umbu-Ungu,False,True,ubu_Latn,exact,ubu,exact_iso3,,no_match
uby,,,,I,E,Ubykh,False,False,,no_match,uby,exact_iso3,uby,exact_iso3
uda,,,,I,L,Uda,False,True,,no_match,uda,exact_iso3,,no_match
ude,,,,I,L,Udihe,False,True,,no_match,ude,exact_iso3,,no_match
udg,,,,I,L,Muduga,False,True,,no_match,udg,exact_iso3,,no_match
udi,,,,I,L,Udi,False,True,,no_match,udi,exact_iso3,,no_match
udj,,,,I,L,Ujir,False,True,,no_match,udj,exact_iso3,,no_match
udl,,,,I,L,Wuzlam,False,True,,no_match,udl,exact_iso3,udl,exact_iso3
udm,udm,udm,,I,L,Udmurt,False,True,udm_Cyrl,exact,udm,exact_iso3,udm,exact_iso3
udu,,,,I,L,Uduk,False,True,udu_Latn,exact,udu,exact_iso3,,no_match
ues,,,,I,L,Kioko,False,True,,no_match,ues,exact_iso3,,no_match
ufi,,,,I,L,Ufim,False,True,,no_match,ufi,exact_iso3,,no_match
uga,uga,uga,,I,H,Ugaritic,False,False,,no_match,uga,exact_iso3,,no_match
ugb,,,,I,E,Kuku-Ugbanh,False,False,,no_match,ugb,exact_iso3,,no_match
uge,,,,I,L,Ughele,False,True,,no_match,uge,exact_iso3,,no_match
ugh,,,,I,L,Kubachi,False,True,,no_match,ugh,exact_iso3,,no_match
ugn,,,,I,L,Ugandan Sign Language,False,True,,no_match,ugn,exact_iso3,,no_match
ugo,,,,I,L,Ugong,False,True,,no_match,ugo,exact_iso3,,no_match
ugy,,,,I,L,Uruguayan Sign Language,False,True,,no_match,ugy,exact_iso3,,no_match
uha,,,,I,L,Uhami,False,True,,no_match,uha,exact_iso3,,no_match
uhn,,,,I,L,Damal,False,True,,no_match,uhn,exact_iso3,,no_match
uig,uig,uig,ug,I,L,Uighur,False,True,uig_Arab;uig_Cyrl;uig_Latn,multi_script,uig;ug,matched_multiple:iso3+iso1,ug,matched_via_bcp47
uis,,,,I,L,Uisai,False,True,,no_match,uis,exact_iso3,,no_match
uiv,,,,I,L,Iyive,False,True,,no_match,uiv,exact_iso3,,no_match
uji,,,,I,L,Tanjijili,False,True,,no_match,uji,exact_iso3,,no_match
uka,,,,I,L,Kaburi,False,True,,no_match,uka,exact_iso3,,no_match
ukg,,,,I,L,Ukuriguma,False,True,,no_match,ukg,exact_iso3,,no_match
ukh,,,,I,L,Ukhwejo,False,True,,no_match,ukh,exact_iso3,,no_match
uki,,,,I,L,Kui (India),False,True,,no_match,uki,exact_iso3,,no_match
ukk,,,,I,L,Muak Sa-aak,False,True,,no_match,ukk,exact_iso3,,no_match
ukl,,,,I,L,Ukrainian Sign Language,False,True,,no_match,ukl,exact_iso3,,no_match
ukp,,,,I,L,Ukpe-Bayobiri,False,True,,no_match,ukp,exact_iso3,,no_match
ukq,,,,I,L,Ukwa,False,True,,no_match,ukq,exact_iso3,,no_match
ukr,ukr,ukr,uk,I,L,Ukrainian,False,True,ukr_Cyrl,exact,ukr;uk,matched_multiple:iso3+iso1,uk,matched_via_bcp47
uks,,,,I,L,Urubú-Kaapor Sign Language,False,True,,no_match,uks,exact_iso3,,no_match
uku,,,,I,L,Ukue,False,True,,no_match,uku,exact_iso3,,no_match
ukv,,,,I,L,Kuku,False,True,,no_match,ukv,exact_iso3,ukv,exact_iso3
ukw,,,,I,L,Ukwuani-Aboh-Ndoni,False,True,,no_match,ukw,exact_iso3,,no_match
uky,,,,I,E,Kuuk-Yak,False,False,,no_match,uky,exact_iso3,,no_match
ula,,,,I,L,Fungwa,False,True,,no_match,ula,exact_iso3,,no_match
ulb,,,,I,L,Ulukwumi,False,True,,no_match,ulb,exact_iso3,,no_match
ulc,,,,I,L,Ulch,False,True,,no_match,ulc,exact_iso3,,no_match
ule,,,,I,E,Lule,False,False,,no_match,ule,exact_iso3,,no_match
ulf,,,,I,L,Usku,False,True,,no_match,ulf,exact_iso3,,no_match
uli,,,,I,L,Ulithian,False,True,,no_match,uli,exact_iso3,,no_match
ulk,,,,I,L,Meriam Mir,False,True,,no_match,ulk,exact_iso3,,no_match
ull,,,,I,L,Ullatan,False,True,,no_match,ull,exact_iso3,,no_match
ulm,,,,I,L,Ulumanda',False,True,,no_match,ulm,exact_iso3,,no_match
uln,,,,I,L,Unserdeutsch,False,True,,no_match,uln,exact_iso3,,no_match
ulu,,,,I,L,Uma' Lung,False,True,,no_match,ulu,exact_iso3,,no_match
ulw,,,,I,L,Ulwa,False,True,,no_match,ulw,exact_iso3,,no_match
uly,,,,I,L,Buli,False,True,,no_match,,no_match,,no_match
uma,,,,I,L,Umatilla,False,True,,no_match,uma,exact_iso3,,no_match
umb,umb,umb,,I,L,Umbundu,False,True,umb_Latn,exact,umb,exact_iso3,,no_match
umc,,,,I,H,Marrucinian,False,False,,no_match,umc,exact_iso3,,no_match
umd,,,,I,E,Umbindhamu,False,False,,no_match,umd,exact_iso3,,no_match
umg,,,,I,E,Morrobalama,False,False,,no_match,umg,exact_iso3,,no_match
umi,,,,I,L,Ukit,False,True,,no_match,umi,exact_iso3,,no_match
umm,,,,I,L,Umon,False,True,,no_match,umm,exact_iso3,,no_match
umn,,,,I,L,Makyan Naga,False,True,,no_match,umn,exact_iso3,,no_match
umo,,,,I,E,Umotína,False,False,,no_match,umo,exact_iso3,,no_match
ump,,,,I,L,Umpila,False,True,,no_match,ump,exact_iso3,,no_match
umr,,,,I,E,Umbugarla,False,False,,no_match,umr,exact_iso3,,no_match
ums,,,,I,L,Pendau,False,True,,no_match,ums,exact_iso3,,no_match
umu,,,,I,L,Munsee,False,True,,no_match,umu,exact_iso3,,no_match
una,,,,I,L,North Watut,False,True,,no_match,una,exact_iso3,,no_match
und,und,und,,S,S,Undetermined,False,False,,no_match,und,exact_iso3,,no_match
une,,,,I,L,Uneme,False,True,,no_match,une,exact_iso3,,no_match
ung,,,,I,L,Ngarinyin,False,True,,no_match,ung,exact_iso3,,no_match
uni,,,,I,L,Uni,False,True,,no_match,uni,exact_iso3,,no_match
unk,,,,I,L,Enawené-Nawé,False,True,,no_match,unk,exact_iso3,,no_match
unm,,,,I,E,Unami,False,False,,no_match,unm,exact_iso3,,no_match
unn,,,,I,L,Kurnai,False,True,,no_match,unn,exact_iso3,,no_match
unr,,,,I,L,Mundari,False,True,,no_match,unr,exact_iso3,,no_match
unu,,,,I,L,Unubahe,False,True,,no_match,unu,exact_iso3,,no_match
unx,,,,I,L,Munda,False,True,,no_match,unx,exact_iso3,,no_match
unz,,,,I,L,Unde Kaili,False,True,,no_match,unz,exact_iso3,,no_match
uon,,,,I,E,Kulon,False,False,,no_match,uon,exact_iso3,,no_match
upi,,,,I,L,Umeda,False,True,,no_match,upi,exact_iso3,,no_match
upv,,,,I,L,Uripiv-Wala-Rano-Atchin,False,True,upv_Latn,exact,upv,exact_iso3,,no_match
ura,,,,I,L,Urarina,False,True,ura_Latn,exact,ura,exact_iso3,,no_match
urb,,,,I,L,Urubú-Kaapor,False,True,urb_Latn,exact,urb,exact_iso3,,no_match
urc,,,,I,E,Urningangg,False,False,,no_match,urc,exact_iso3,,no_match
urd,urd,urd,ur,I,L,Urdu,False,True,urd_Arab;urd_Latn,multi_script,urd;ur,matched_multiple:iso3+iso1,ur,matched_via_bcp47
ure,,,,I,L,Uru,False,True,,no_match,ure,exact_iso3,,no_match
urf,,,,I,E,Uradhi,False,False,,no_match,urf,exact_iso3,,no_match
urg,,,,I,L,Urigina,False,True,,no_match,urg,exact_iso3,,no_match
urh,,,,I,L,Urhobo,False,True,urh_Latn,exact,urh,exact_iso3,,no_match
uri,,,,I,L,Urim,False,True,uri_Latn,exact,uri,exact_iso3,,no_match
urk,,,,I,L,Urak Lawoi',False,True,urk_Thai,exact,urk,exact_iso3,,no_match
url,,,,I,L,Urali,False,True,,no_match,url,exact_iso3,,no_match
urm,,,,I,L,Urapmin,False,True,,no_match,urm,exact_iso3,,no_match
urn,,,,I,L,Uruangnirin,False,True,,no_match,urn,exact_iso3,,no_match
uro,,,,I,L,Ura (Papua New Guinea),False,True,,no_match,uro,exact_iso3,,no_match
urp,,,,I,L,Uru-Pa-In,False,True,,no_match,urp,exact_iso3,,no_match
urr,,,,I,L,Lehalurup,False,True,,no_match,urr,exact_iso3,,no_match
urt,,,,I,L,Urat,False,True,urt_Latn,exact,urt,exact_iso3,,no_match
uru,,,,I,E,Urumi,False,False,,no_match,uru,exact_iso3,,no_match
urv,,,,I,E,Uruava,False,False,,no_match,urv,exact_iso3,,no_match
urw,,,,I,L,Sop,False,True,urw_Latn,exact,urw,exact_iso3,,no_match
urx,,,,I,L,Urimo,False,True,,no_match,urx,exact_iso3,,no_match
ury,,,,I,L,Orya,False,True,ury_Latn,exact,ury,exact_iso3,,no_match
urz,,,,I,L,Uru-Eu-Wau-Wau,False,True,,no_match,urz,exact_iso3,,no_match
usa,,,,I,L,Usarufa,False,True,usa_Latn,exact,usa,exact_iso3,,no_match
ush,,,,I,L,Ushojo,False,True,,no_match,ush,exact_iso3,ush,exact_iso3
usi,,,,I,L,Usui,False,True,,no_match,usi,exact_iso3,,no_match
usk,,,,I,L,Usaghade,False,True,,no_match,usk,exact_iso3,,no_match
usp,,,,I,L,Uspanteco,False,True,usp_Latn,exact,usp,exact_iso3,usp,exact_iso3
uss,,,,I,L,us-Saare,False,True,,no_match,uss,exact_iso3,,no_match
usu,,,,I,L,Uya,False,True,,no_match,usu,exact_iso3,,no_match
uta,,,,I,L,Otank,False,True,,no_match,uta,exact_iso3,,no_match
ute,,,,I,L,Ute-Southern Paiute,False,True,,no_match,ute,exact_iso3,,no_match
uth,,,,I,L,ut-Hun,False,True,uth_Latn,exact,uth,exact_iso3,,no_match
utp,,,,I,L,Amba (Solomon Islands),False,True,,no_match,utp,exact_iso3,,no_match
utr,,,,I,L,Etulo,False,True,,no_match,utr,exact_iso3,,no_match
utu,,,,I,L,Utu,False,True,,no_match,utu,exact_iso3,,no_match
uum,,,,I,L,Urum,False,True,,no_match,uum,exact_iso3,,no_match
uur,,,,I,L,Ura (Vanuatu),False,True,,no_match,uur,exact_iso3,,no_match
uuu,,,,I,L,U,False,True,,no_match,uuu,exact_iso3,,no_match
uve,,,,I,L,West Uvean,False,True,,no_match,uve,exact_iso3,,no_match
uvh,,,,I,L,Uri,False,True,uvh_Latn,exact,uvh,exact_iso3,,no_match
uvl,,,,I,L,Lote,False,True,uvl_Latn,exact,uvl,exact_iso3,,no_match
uwa,,,,I,L,Kuku-Uwanh,False,True,,no_match,uwa,exact_iso3,,no_match
uya,,,,I,L,Doko-Uyanga,False,True,,no_match,uya,exact_iso3,,no_match
uzb,uzb,uzb,uz,M,L,Uzbek,True,True,,no_match,uzb;uz,matched_multiple:iso3+iso1,uz,matched_via_bcp47
uzn,,,,I,L,Northern Uzbek,False,True,uzn_Cyrl;uzn_Latn,multi_script,uzn,exact_iso3,,no_match
uzs,,,,I,L,Southern Uzbek,False,True,uzs_Arab,exact,uzs,exact_iso3,,no_match
vaa,,,,I,L,Vaagri Booli,False,True,,no_match,vaa,exact_iso3,,no_match
vae,,,,I,L,Vale,False,True,,no_match,vae,exact_iso3,,no_match
vaf,,,,I,L,Vafsi,False,True,,no_match,vaf,exact_iso3,,no_match
vag,,,,I,L,Vagla,False,True,vag_Latn,exact,vag,exact_iso3,,no_match
vah,,,,I,L,Varhadi-Nagpuri,False,True,,no_match,vah,exact_iso3,,no_match
vai,vai,vai,,I,L,Vai,False,True,,no_match,vai,exact_iso3,,no_match
vaj,,,,I,L,Sekele,False,True,,no_match,vaj,exact_iso3,,no_match
val,,,,I,L,Vehes,False,True,,no_match,val,exact_iso3,,no_match
vam,,,,I,L,Vanimo,False,True,,no_match,vam,exact_iso3,,no_match
van,,,,I,L,Valman,False,True,,no_match,van,exact_iso3,,no_match
vao,,,,I,L,Vao,False,True,,no_match,vao,exact_iso3,,no_match
vap,,,,I,L,Vaiphei,False,True,vap_Latn,exact,vap,exact_iso3,,no_match
var,,,,I,L,Huarijio,False,True,var_Latn,exact,var,exact_iso3,var,exact_iso3
vas,,,,I,L,Vasavi,False,True,,no_match,vas,exact_iso3,,no_match
vau,,,,I,L,Vanuma,False,True,,no_match,vau,exact_iso3,,no_match
vav,,,,I,L,Varli,False,True,,no_match,vav,exact_iso3,,no_match
vay,,,,I,L,Wayu,False,True,,no_match,vay,exact_iso3,,no_match
vbb,,,,I,L,Southeast Babar,False,True,,no_match,vbb,exact_iso3,,no_match
vbk,,,,I,L,Southwestern Bontok,False,True,,no_match,vbk,exact_iso3,,no_match
vec,,,,I,L,Venetian,False,True,vec_Latn,exact,vec,exact_iso3,vec,exact_iso3
ved,,,,I,L,Veddah,False,True,,no_match,ved,exact_iso3,,no_match
vel,,,,I,L,Veluws,False,True,,no_match,vel,exact_iso3,,no_match
vem,,,,I,L,Vemgo-Mabas,False,True,,no_match,vem,exact_iso3,,no_match
ven,ven,ven,ve,I,L,Venda,False,True,ven_Latn,exact,ven;ve,matched_multiple:iso3+iso1,ve,matched_via_bcp47
veo,,,,I,E,Ventureño,False,False,,no_match,veo,exact_iso3,,no_match
vep,,,,I,L,Veps,False,True,vep_Latn,exact,vep,exact_iso3,,no_match
ver,,,,I,L,Mom Jango,False,True,,no_match,ver,exact_iso3,,no_match
vgr,,,,I,L,Vaghri,False,True,,no_match,vgr,exact_iso3,,no_match
vgt,,,,I,L,Vlaamse Gebarentaal,False,True,,no_match,vgt,exact_iso3,,no_match
vic,,,,I,L,Virgin Islands Creole English,False,True,,no_match,vic,exact_iso3,,no_match
vid,,,,I,L,Vidunda,False,True,vid_Latn,exact,vid,exact_iso3,,no_match
vie,vie,vie,vi,I,L,Vietnamese,False,True,vie_Latn,exact,vie;vi,matched_multiple:iso3+iso1,vi,matched_via_bcp47
vif,,,,I,L,Vili,False,True,,no_match,vif,exact_iso3,,no_match
vig,,,,I,L,Viemo,False,True,,no_match,vig,exact_iso3,,no_match
vil,,,,I,L,Vilela,False,True,,no_match,vil,exact_iso3,,no_match
vin,,,,I,L,Vinza,False,True,,no_match,vin,exact_iso3,,no_match
vis,,,,I,L,Vishavan,False,True,,no_match,vis,exact_iso3,,no_match
vit,,,,I,L,Viti,False,True,,no_match,vit,exact_iso3,,no_match
viv,,,,I,L,Iduna,False,True,viv_Latn,exact,viv,exact_iso3,,no_match
vjk,,,,I,L,Bajjika,False,True,,no_match,,no_match,,no_match
vka,,,,I,E,Kariyarra,False,False,,no_match,vka,exact_iso3,,no_match
vkj,,,,I,L,Kujarge,False,True,,no_match,vkj,exact_iso3,,no_match
vkk,,,,I,L,Kaur,False,True,,no_match,vkk,exact_iso3,,no_match
vkl,,,,I,L,Kulisusu,False,True,,no_match,vkl,exact_iso3,,no_match
vkm,,,,I,E,Kamakan,False,False,,no_match,vkm,exact_iso3,,no_match
vkn,,,,I,L,Koro Nulu,False,True,,no_match,vkn,exact_iso3,,no_match
vko,,,,I,L,Kodeoha,False,True,,no_match,vko,exact_iso3,,no_match
vkp,,,,I,L,Korlai Creole Portuguese,False,True,,no_match,vkp,exact_iso3,,no_match
vkt,,,,I,L,Tenggarong Kutai Malay,False,True,,no_match,vkt,exact_iso3,,no_match
vku,,,,I,L,Kurrama,False,True,,no_match,vku,exact_iso3,,no_match
vkz,,,,I,L,Koro Zuba,False,True,,no_match,vkz,exact_iso3,,no_match
vlp,,,,I,L,Valpei,False,True,,no_match,vlp,exact_iso3,,no_match
vls,,,,I,L,Vlaams,False,True,vls_Latn,exact,vls,exact_iso3,,no_match
vma,,,,I,E,Martuyhunira,False,False,,no_match,vma,exact_iso3,,no_match
vmb,,,,I,E,Barbaram,False,False,,no_match,vmb,exact_iso3,,no_match
vmc,,,,I,L,Juxtlahuaca Mixtec,False,True,,no_match,vmc,exact_iso3,,no_match
vmd,,,,I,L,Mudu Koraga,False,True,,no_match,vmd,exact_iso3,,no_match
vme,,,,I,L,East Masela,False,True,,no_match,vme,exact_iso3,,no_match
vmf,,,,I,L,Mainfränkisch,False,True,,no_match,vmf,exact_iso3,,no_match
vmg,,,,I,L,Lungalunga,False,True,,no_match,vmg,exact_iso3,,no_match
vmh,,,,I,L,Maraghei,False,True,,no_match,vmh,exact_iso3,,no_match
vmi,,,,I,E,Miwa,False,False,,no_match,vmi,exact_iso3,,no_match
vmj,,,,I,L,Ixtayutla Mixtec,False,True,,no_match,vmj,exact_iso3,,no_match
vmk,,,,I,L,Makhuwa-Shirima,False,True,vmk_Latn,exact,vmk,exact_iso3,,no_match
vml,,,,I,E,Malgana,False,False,,no_match,vml,exact_iso3,,no_match
vmm,,,,I,L,Mitlatongo Mixtec,False,True,,no_match,vmm,exact_iso3,,no_match
vmp,,,,I,L,Soyaltepec Mazatec,False,True,,no_match,vmp,exact_iso3,,no_match
vmq,,,,I,L,Soyaltepec Mixtec,False,True,,no_match,vmq,exact_iso3,,no_match
vmr,,,,I,L,Marenje,False,True,,no_match,vmr,exact_iso3,,no_match
vms,,,,I,E,Moksela,False,False,,no_match,vms,exact_iso3,,no_match
vmu,,,,I,E,Muluridyi,False,False,,no_match,vmu,exact_iso3,,no_match
vmv,,,,I,E,Valley Maidu,False,False,,no_match,vmv,exact_iso3,,no_match
vmw,,,,I,L,Makhuwa,False,True,vmw_Latn,exact,vmw,exact_iso3,vmw,exact_iso3
vmx,,,,I,L,Tamazola Mixtec,False,True,,no_match,vmx,exact_iso3,,no_match
vmy,,,,I,L,Ayautla Mazatec,False,True,vmy_Latn,exact,vmy,exact_iso3,,no_match
vmz,,,,I,L,Mazatlán Mazatec,False,True,,no_match,vmz,exact_iso3,,no_match
vnk,,,,I,L,Vano,False,True,,no_match,vnk,exact_iso3,,no_match
vnm,,,,I,L,Vinmavis,False,True,,no_match,vnm,exact_iso3,,no_match
vnp,,,,I,L,Vunapu,False,True,,no_match,vnp,exact_iso3,,no_match
vol,vol,vol,vo,I,C,Volapük,False,False,vol_Latn,exact,vol;vo,matched_multiple:iso3+iso1,,no_match
vor,,,,I,L,Voro,False,True,,no_match,vor,exact_iso3,,no_match
vot,vot,vot,,I,L,Votic,False,True,vot_Latn,exact,vot,exact_iso3,vot,exact_iso3
vra,,,,I,L,Vera'a,False,True,,no_match,vra,exact_iso3,,no_match
vro,,,,I,L,Võro,False,True,vro_Latn,exact,vro,exact_iso3,,no_match
vrs,,,,I,L,Varisi,False,True,,no_match,vrs,exact_iso3,,no_match
vrt,,,,I,L,Burmbar,False,True,,no_match,vrt,exact_iso3,,no_match
vsi,,,,I,L,Moldova Sign Language,False,True,,no_match,vsi,exact_iso3,,no_match
vsl,,,,I,L,Venezuelan Sign Language,False,True,,no_match,vsl,exact_iso3,,no_match
vsn,,,,I,H,Vedic Sanskrit,False,False,,no_match,vsn,exact_iso3,,no_match
vsv,,,,I,L,Valencian Sign Language,False,True,,no_match,vsv,exact_iso3,,no_match
vto,,,,I,L,Vitou,False,True,,no_match,vto,exact_iso3,,no_match
vum,,,,I,L,Vumbu,False,True,,no_match,vum,exact_iso3,,no_match
vun,,,,I,L,Vunjo,False,True,vun_Latn,exact,vun,exact_iso3,,no_match
vut,,,,I,L,Vute,False,True,vut_Latn,exact,vut,exact_iso3,,no_match
vwa,,,,I,L,Awa (China),False,True,,no_match,vwa,exact_iso3,,no_match
waa,,,,I,L,Walla Walla,False,True,,no_match,waa,exact_iso3,,no_match
wab,,,,I,L,Yote,False,True,,no_match,wab,exact_iso3,,no_match
wac,,,,I,E,Wasco-Wishram,False,False,,no_match,wac,exact_iso3,,no_match
wad,,,,I,L,Wamesa,False,True,,no_match,wad,exact_iso3,,no_match
wae,,,,I,L,Walser,False,True,,no_match,wae,exact_iso3,,no_match
waf,,,,I,E,Wakoná,False,False,,no_match,waf,exact_iso3,,no_match
wag,,,,I,L,Wa'ema,False,True,,no_match,wag,exact_iso3,,no_match
wah,,,,I,L,Watubela,False,True,,no_match,wah,exact_iso3,,no_match
wai,,,,I,L,Wares,False,True,,no_match,wai,exact_iso3,,no_match
waj,,,,I,L,Waffa,False,True,waj_Latn,exact,waj,exact_iso3,,no_match
wal,wal,wal,,I,L,Wolaytta,False,True,wal_Latn,exact,wal,exact_iso3,,no_match
wam,,,,I,E,Wampanoag,False,False,,no_match,wam,exact_iso3,,no_match
wan,,,,I,L,Wan,False,True,,no_match,wan,exact_iso3,,no_match
wao,,,,I,E,Wappo,False,False,,no_match,wao,exact_iso3,,no_match
wap,,,,I,L,Wapishana,False,True,wap_Latn,exact,wap,exact_iso3,,no_match
waq,,,,I,L,Wagiman,False,True,,no_match,waq,exact_iso3,,no_match
war,war,war,,I,L,Waray (Philippines),False,True,war_Latn,exact,war,exact_iso3,,no_match
was,was,was,,I,L,Washo,False,True,,no_match,was,exact_iso3,,no_match
wat,,,,I,L,Kaninuwa,False,True,wat_Latn,exact,wat,exact_iso3,,no_match
wau,,,,I,L,Waurá,False,True,,no_match,wau,exact_iso3,,no_match
wav,,,,I,L,Waka,False,True,,no_match,wav,exact_iso3,,no_match
waw,,,,I,L,Waiwai,False,True,,no_match,waw,exact_iso3,,no_match
wax,,,,I,L,Watam,False,True,,no_match,wax,exact_iso3,,no_match
way,,,,I,L,Wayana,False,True,way_Latn,exact,way,exact_iso3,,no_match
waz,,,,I,L,Wampur,False,True,,no_match,waz,exact_iso3,,no_match
wba,,,,I,L,Warao,False,True,wba_Latn,exact,wba,exact_iso3,,no_match
wbb,,,,I,L,Wabo,False,True,,no_match,wbb,exact_iso3,,no_match
wbe,,,,I,L,Waritai,False,True,,no_match,wbe,exact_iso3,,no_match
wbf,,,,I,L,Wara,False,True,,no_match,wbf,exact_iso3,,no_match
wbh,,,,I,L,Wanda,False,True,,no_match,wbh,exact_iso3,,no_match
wbi,,,,I,L,Vwanji,False,True,,no_match,wbi,exact_iso3,,no_match
wbj,,,,I,L,Alagwa,False,True,,no_match,wbj,exact_iso3,,no_match
wbk,,,,I,L,Waigali,False,True,,no_match,wbk,exact_iso3,,no_match
wbl,,,,I,L,Wakhi,False,True,,no_match,wbl,exact_iso3,wbl,exact_iso3
wbm,,,,I,L,Wa,False,True,wbm_Latn,exact,wbm,exact_iso3,,no_match
wbp,,,,I,L,Warlpiri,False,True,wbp_Latn,exact,wbp,exact_iso3,,no_match
wbq,,,,I,L,Waddar,False,True,,no_match,wbq,exact_iso3,,no_match
wbr,,,,I,L,Wagdi,False,True,,no_match,wbr,exact_iso3,,no_match
wbs,,,,I,L,West Bengal Sign Language,False,True,,no_match,wbs,exact_iso3,,no_match
wbt,,,,I,L,Warnman,False,True,,no_match,wbt,exact_iso3,,no_match
wbv,,,,I,L,Wajarri,False,True,,no_match,wbv,exact_iso3,,no_match
wbw,,,,I,L,Woi,False,True,,no_match,wbw,exact_iso3,,no_match
wca,,,,I,L,Yanomámi,False,True,,no_match,wca,exact_iso3,,no_match
wci,,,,I,L,Waci Gbe,False,True,,no_match,wci,exact_iso3,,no_match
wdd,,,,I,L,Wandji,False,True,,no_match,wdd,exact_iso3,,no_match
wdg,,,,I,L,Wadaginam,False,True,,no_match,wdg,exact_iso3,,no_match
wdj,,,,I,L,Wadjiginy,False,True,,no_match,wdj,exact_iso3,,no_match
wdk,,,,I,E,Wadikali,False,False,,no_match,wdk,exact_iso3,,no_match
wdt,,,,I,L,Wendat,False,True,,no_match,wdt,exact_iso3,,no_match
wdu,,,,I,E,Wadjigu,False,False,,no_match,wdu,exact_iso3,,no_match
wdy,,,,I,E,Wadjabangayi,False,False,,no_match,wdy,exact_iso3,,no_match
wea,,,,I,E,Wewaw,False,False,,no_match,wea,exact_iso3,,no_match
wec,,,,I,L,Wè Western,False,True,,no_match,wec,exact_iso3,,no_match
wed,,,,I,L,Wedau,False,True,wed_Latn,exact,wed,exact_iso3,,no_match
weg,,,,I,L,Wergaia,False,True,,no_match,weg,exact_iso3,,no_match
weh,,,,I,L,Weh,False,True,,no_match,weh,exact_iso3,,no_match
wei,,,,I,L,Kiunum,False,True,,no_match,wei,exact_iso3,,no_match
wem,,,,I,L,Weme Gbe,False,True,,no_match,wem,exact_iso3,,no_match
weo,,,,I,L,Wemale,False,True,,no_match,weo,exact_iso3,,no_match
wep,,,,I,L,Westphalien,False,True,,no_match,wep,exact_iso3,wep,exact_iso3
wer,,,,I,L,Weri,False,True,wer_Latn,exact,wer,exact_iso3,,no_match
wes,,,,I,L,Cameroon Pidgin,False,True,wes_Latn,exact,wes,exact_iso3,wes,exact_iso3
wet,,,,I,L,Perai,False,True,,no_match,wet,exact_iso3,,no_match
weu,,,,I,L,Rawngtu Chin,False,True,,no_match,weu,exact_iso3,,no_match
wew,,,,I,L,Wejewa,False,True,wew_Latn,exact,wew,exact_iso3,,no_match
wfg,,,,I,L,Yafi,False,True,,no_match,wfg,exact_iso3,,no_match
wga,,,,I,E,Wagaya,False,False,,no_match,wga,exact_iso3,,no_match
wgb,,,,I,L,Wagawaga,False,True,,no_match,wgb,exact_iso3,,no_match
wgg,,,,I,E,Wangkangurru,False,False,,no_match,wgg,exact_iso3,,no_match
wgi,,,,I,L,Wahgi,False,True,,no_match,wgi,exact_iso3,,no_match
wgo,,,,I,L,Waigeo,False,True,,no_match,wgo,exact_iso3,,no_match
wgu,,,,I,E,Wirangu,False,False,,no_match,wgu,exact_iso3,,no_match
wgy,,,,I,L,Warrgamay,False,True,,no_match,wgy,exact_iso3,,no_match
wha,,,,I,L,Sou Upaa,False,True,,no_match,wha,exact_iso3,,no_match
whg,,,,I,L,North Wahgi,False,True,whg_Latn,exact,whg,exact_iso3,,no_match
whk,,,,I,L,Wahau Kenyah,False,True,whk_Latn,exact,whk,exact_iso3,,no_match
whu,,,,I,L,Wahau Kayan,False,True,,no_match,whu,exact_iso3,,no_match
wib,,,,I,L,Southern Toussian,False,True,wib_Latn,exact,wib,exact_iso3,,no_match
wic,,,,I,E,Wichita,False,False,,no_match,wic,exact_iso3,,no_match
wie,,,,I,E,Wik-Epa,False,False,,no_match,wie,exact_iso3,,no_match
wif,,,,I,E,Wik-Keyangan,False,False,,no_match,wif,exact_iso3,,no_match
wig,,,,I,L,Wik Ngathan,False,True,,no_match,wig,exact_iso3,,no_match
wih,,,,I,L,Wik-Me'anha,False,True,,no_match,wih,exact_iso3,,no_match
wii,,,,I,L,Minidien,False,True,,no_match,wii,exact_iso3,,no_match
wij,,,,I,L,Wik-Iiyanh,False,True,,no_match,wij,exact_iso3,,no_match
wik,,,,I,L,Wikalkan,False,True,,no_match,wik,exact_iso3,,no_match
wil,,,,I,E,Wilawila,False,False,,no_match,wil,exact_iso3,,no_match
wim,,,,I,L,Wik-Mungkan,False,True,wim_Latn,exact,wim,exact_iso3,,no_match
win,,,,I,L,Ho-Chunk,False,True,,no_match,win,exact_iso3,,no_match
wir,,,,I,E,Wiraféd,False,False,,no_match,wir,exact_iso3,,no_match
wiu,,,,I,L,Wiru,False,True,wiu_Latn,exact,wiu,exact_iso3,,no_match
wiv,,,,I,L,Vitu,False,True,,no_match,wiv,exact_iso3,,no_match
wiy,,,,I,E,Wiyot,False,False,,no_match,wiy,exact_iso3,,no_match
wja,,,,I,L,Waja,False,True,,no_match,wja,exact_iso3,,no_match
wji,,,,I,L,Warji,False,True,,no_match,wji,exact_iso3,,no_match
wka,,,,I,E,Kw'adza,False,False,,no_match,wka,exact_iso3,,no_match
wkb,,,,I,L,Kumbaran,False,True,,no_match,wkb,exact_iso3,,no_match
wkd,,,,I,L,Wakde,False,True,,no_match,wkd,exact_iso3,,no_match
wkl,,,,I,L,Kalanadi,False,True,,no_match,wkl,exact_iso3,,no_match
wkr,,,,I,L,Keerray-Woorroong,False,True,,no_match,wkr,exact_iso3,,no_match
wku,,,,I,L,Kunduvadi,False,True,,no_match,wku,exact_iso3,,no_match
wkw,,,,I,E,Wakawaka,False,False,,no_match,wkw,exact_iso3,,no_match
wky,,,,I,E,Wangkayutyuru,False,False,,no_match,wky,exact_iso3,,no_match
wla,,,,I,L,Walio,False,True,,no_match,wla,exact_iso3,,no_match
wlc,,,,I,L,Mwali Comorian,False,True,,no_match,wlc,exact_iso3,,no_match
wle,,,,I,L,Wolane,False,True,,no_match,wle,exact_iso3,,no_match
wlg,,,,I,L,Kunbarlang,False,True,,no_match,wlg,exact_iso3,,no_match
wlh,,,,I,L,Welaun,False,True,,no_match,wlh,exact_iso3,,no_match
wli,,,,I,L,Waioli,False,True,,no_match,wli,exact_iso3,,no_match
wlk,,,,I,E,Wailaki,False,False,,no_match,wlk,exact_iso3,,no_match
wll,,,,I,L,Wali (Sudan),False,True,,no_match,wll,exact_iso3,,no_match
wlm,,,,I,H,Middle Welsh,False,False,,no_match,wlm,exact_iso3,,no_match
wln,wln,wln,wa,I,L,Walloon,False,True,wln_Latn,exact,wln;wa,matched_multiple:iso3+iso1,,no_match
wlo,,,,I,L,Wolio,False,True,,no_match,wlo,exact_iso3,,no_match
wlr,,,,I,L,Wailapa,False,True,,no_match,wlr,exact_iso3,,no_match
wls,,,,I,L,Wallisian,False,True,wls_Latn,exact,wls,exact_iso3,,no_match
wlu,,,,I,E,Wuliwuli,False,False,,no_match,wlu,exact_iso3,,no_match
wlv,,,,I,L,Wichí Lhamtés Vejoz,False,True,wlv_Latn,exact,wlv,exact_iso3,,no_match
wlw,,,,I,L,Walak,False,True,,no_match,wlw,exact_iso3,,no_match
wlx,,,,I,L,Wali (Ghana),False,True,wlx_Latn,exact,wlx,exact_iso3,,no_match
wly,,,,I,E,Waling,False,False,,no_match,wly,exact_iso3,,no_match
wma,,,,I,E,Mawa (Nigeria),False,False,,no_match,wma,exact_iso3,,no_match
wmb,,,,I,L,Wambaya,False,True,,no_match,wmb,exact_iso3,,no_match
wmc,,,,I,L,Wamas,False,True,,no_match,wmc,exact_iso3,,no_match
wmd,,,,I,L,Mamaindé,False,True,,no_match,wmd,exact_iso3,,no_match
wme,,,,I,L,Wambule,False,True,,no_match,wme,exact_iso3,,no_match
wmg,,,,I,L,Western Minyag,False,True,,no_match,wmg,exact_iso3,,no_match
wmh,,,,I,L,Waima'a,False,True,,no_match,wmh,exact_iso3,,no_match
wmi,,,,I,E,Wamin,False,False,,no_match,wmi,exact_iso3,,no_match
wmm,,,,I,L,Maiwa (Indonesia),False,True,,no_match,wmm,exact_iso3,,no_match
wmn,,,,I,E,Waamwang,False,False,,no_match,wmn,exact_iso3,,no_match
wmo,,,,I,L,Wom (Papua New Guinea),False,True,,no_match,wmo,exact_iso3,,no_match
wms,,,,I,L,Wambon,False,True,,no_match,wms,exact_iso3,,no_match
wmt,,,,I,L,Walmajarri,False,True,wmt_Latn,exact,wmt,exact_iso3,,no_match
wmw,,,,I,L,Mwani,False,True,wmw_Latn,exact,wmw,exact_iso3,,no_match
wmx,,,,I,L,Womo,False,True,,no_match,wmx,exact_iso3,,no_match
wnb,,,,I,L,Mokati,False,True,,no_match,wnb,exact_iso3,,no_match
wnc,,,,I,L,Wantoat,False,True,wnc_Latn,exact,wnc,exact_iso3,,no_match
wnd,,,,I,E,Wandarang,False,False,,no_match,wnd,exact_iso3,,no_match
wne,,,,I,L,Waneci,False,True,,no_match,wne,exact_iso3,,no_match
wng,,,,I,L,Wanggom,False,True,,no_match,wng,exact_iso3,,no_match
wni,,,,I,L,Ndzwani Comorian,False,True,,no_match,wni,exact_iso3,,no_match
wnk,,,,I,L,Wanukaka,False,True,,no_match,wnk,exact_iso3,,no_match
wnm,,,,I,E,Wanggamala,False,False,,no_match,wnm,exact_iso3,,no_match
wnn,,,,I,E,Wunumara,False,False,,no_match,wnn,exact_iso3,,no_match
wno,,,,I,L,Wano,False,True,,no_match,wno,exact_iso3,,no_match
wnp,,,,I,L,Wanap,False,True,,no_match,wnp,exact_iso3,,no_match
wnu,,,,I,L,Usan,False,True,wnu_Latn,exact,wnu,exact_iso3,,no_match
wnw,,,,I,L,Wintu,False,True,,no_match,wnw,exact_iso3,,no_match
wny,,,,I,L,Wanyi,False,True,,no_match,wny,exact_iso3,,no_match
woa,,,,I,L,Kuwema,False,True,,no_match,woa,exact_iso3,,no_match
wob,,,,I,L,Wè Northern,False,True,wob_Latn,exact,wob,exact_iso3,,no_match
woc,,,,I,L,Wogeo,False,True,,no_match,woc,exact_iso3,,no_match
wod,,,,I,L,Wolani,False,True,,no_match,wod,exact_iso3,,no_match
woe,,,,I,L,Woleaian,False,True,,no_match,woe,exact_iso3,,no_match
wof,,,,I,L,Gambian Wolof,False,True,,no_match,wof,exact_iso3,,no_match
wog,,,,I,L,Wogamusin,False,True,,no_match,wog,exact_iso3,,no_match
woi,,,,I,L,Kamang,False,True,,no_match,woi,exact_iso3,,no_match
wok,,,,I,L,Longto,False,True,,no_match,wok,exact_iso3,,no_match
wol,wol,wol,wo,I,L,Wolof,False,True,wol_Latn,exact,wol;wo,matched_multiple:iso3+iso1,wo,matched_via_bcp47
wom,,,,I,L,Wom (Nigeria),False,True,,no_match,wom,exact_iso3,,no_match
won,,,,I,L,Wongo,False,True,,no_match,won,exact_iso3,,no_match
woo,,,,I,L,Manombai,False,True,,no_match,woo,exact_iso3,,no_match
wor,,,,I,L,Woria,False,True,,no_match,wor,exact_iso3,,no_match
wos,,,,I,L,Hanga Hundi,False,True,wos_Latn,exact,wos,exact_iso3,,no_match
wow,,,,I,L,Wawonii,False,True,,no_match,wow,exact_iso3,,no_match
woy,,,,I,E,Weyto,False,False,,no_match,woy,exact_iso3,,no_match
wpc,,,,I,L,Maco,False,True,,no_match,wpc,exact_iso3,,no_match
wrb,,,,I,E,Waluwarra,False,False,,no_match,wrb,exact_iso3,,no_match
wrg,,,,I,E,Warungu,False,False,,no_match,wrg,exact_iso3,,no_match
wrh,,,,I,E,Wiradjuri,False,False,,no_match,wrh,exact_iso3,,no_match
wri,,,,I,E,Wariyangga,False,False,,no_match,wri,exact_iso3,,no_match
wrk,,,,I,L,Garrwa,False,True,wrk_Latn,exact,wrk,exact_iso3,,no_match
wrl,,,,I,L,Warlmanpa,False,True,,no_match,wrl,exact_iso3,,no_match
wrm,,,,I,L,Warumungu,False,True,,no_match,wrm,exact_iso3,,no_match
wrn,,,,I,L,Warnang,False,True,,no_match,wrn,exact_iso3,,no_match
wro,,,,I,E,Worrorra,False,False,,no_match,wro,exact_iso3,,no_match
wrp,,,,I,L,Waropen,False,True,,no_match,wrp,exact_iso3,,no_match
wrr,,,,I,L,Wardaman,False,True,,no_match,wrr,exact_iso3,,no_match
wrs,,,,I,L,Waris,False,True,wrs_Latn,exact,wrs,exact_iso3,,no_match
wru,,,,I,L,Waru,False,True,,no_match,wru,exact_iso3,,no_match
wrv,,,,I,L,Waruna,False,True,,no_match,wrv,exact_iso3,,no_match
wrw,,,,I,E,Gugu Warra,False,False,,no_match,wrw,exact_iso3,,no_match
wrx,,,,I,L,Wae Rana,False,True,,no_match,wrx,exact_iso3,,no_match
wry,,,,I,L,Merwari,False,True,,no_match,wry,exact_iso3,,no_match
wrz,,,,I,E,Waray (Australia),False,False,,no_match,wrz,exact_iso3,,no_match
wsa,,,,I,L,Warembori,False,True,,no_match,wsa,exact_iso3,,no_match
wsg,,,,I,L,Adilabad Gondi,False,True,wsg_Telu,exact,wsg,exact_iso3,,no_match
wsi,,,,I,L,Wusi,False,True,,no_match,wsi,exact_iso3,,no_match
wsk,,,,I,L,Waskia,False,True,wsk_Latn,exact,wsk,exact_iso3,,no_match
wsr,,,,I,L,Owenia,False,True,,no_match,wsr,exact_iso3,,no_match
wss,,,,I,L,Wasa,False,True,,no_match,wss,exact_iso3,,no_match
wsu,,,,I,E,Wasu,False,False,,no_match,wsu,exact_iso3,,no_match
wsv,,,,I,E,Wotapuri-Katarqalai,False,False,,no_match,wsv,exact_iso3,,no_match
wtb,,,,I,L,Matambwe,False,True,,no_match,,no_match,,no_match
wtf,,,,I,L,Watiwa,False,True,,no_match,wtf,exact_iso3,,no_match
wth,,,,I,E,Wathawurrung,False,False,,no_match,wth,exact_iso3,,no_match
wti,,,,I,L,Berta,False,True,,no_match,wti,exact_iso3,,no_match
wtk,,,,I,L,Watakataui,False,True,,no_match,wtk,exact_iso3,,no_match
wtm,,,,I,L,Mewati,False,True,,no_match,wtm,exact_iso3,,no_match
wtw,,,,I,L,Wotu,False,True,,no_match,wtw,exact_iso3,,no_match
wua,,,,I,L,Wikngenchera,False,True,,no_match,wua,exact_iso3,,no_match
wub,,,,I,L,Wunambal,False,True,,no_match,wub,exact_iso3,,no_match
wud,,,,I,L,Wudu,False,True,,no_match,wud,exact_iso3,,no_match
wuh,,,,I,L,Wutunhua,False,True,,no_match,wuh,exact_iso3,,no_match
wul,,,,I,L,Silimo,False,True,,no_match,wul,exact_iso3,,no_match
wum,,,,I,L,Wumbvu,False,True,,no_match,wum,exact_iso3,,no_match
wun,,,,I,L,Bungu,False,True,,no_match,wun,exact_iso3,,no_match
wur,,,,I,E,Wurrugu,False,False,,no_match,wur,exact_iso3,,no_match
wut,,,,I,L,Wutung,False,True,,no_match,wut,exact_iso3,,no_match
wuu,,,,I,L,Wu Chinese,False,True,wuu_Hani,exact,wuu,exact_iso3,,no_match
wuv,,,,I,L,Wuvulu-Aua,False,True,wuv_Latn,exact,wuv,exact_iso3,,no_match
wux,,,,I,L,Wulna,False,True,,no_match,wux,exact_iso3,,no_match
wuy,,,,I,L,Wauyai,False,True,,no_match,wuy,exact_iso3,,no_match
wwa,,,,I,L,Waama,False,True,wwa_Latn,exact,wwa,exact_iso3,,no_match
wwb,,,,I,E,Wakabunga,False,False,,no_match,wwb,exact_iso3,,no_match
wwo,,,,I,L,Wetamut,False,True,,no_match,wwo,exact_iso3,,no_match
wwr,,,,I,E,Warrwa,False,False,,no_match,wwr,exact_iso3,,no_match
www,,,,I,L,Wawa,False,True,,no_match,www,exact_iso3,,no_match
wxa,,,,I,L,Waxianghua,False,True,,no_match,wxa,exact_iso3,,no_match
wxw,,,,I,E,Wardandi,False,False,,no_match,wxw,exact_iso3,,no_match
wyb,,,,I,L,Wangaaybuwan-Ngiyambaa,False,True,,no_match,wyb,exact_iso3,,no_match
wyi,,,,I,E,Woiwurrung,False,False,,no_match,wyi,exact_iso3,,no_match
wym,,,,I,L,Wymysorys,False,True,,no_match,wym,exact_iso3,,no_match
wyn,,,,I,L,Wyandot,False,True,,no_match,wyn,exact_iso3,,no_match
wyr,,,,I,L,Wayoró,False,True,,no_match,wyr,exact_iso3,,no_match
wyy,,,,I,L,Western Fijian,False,True,,no_match,wyy,exact_iso3,,no_match
xaa,,,,I,H,Andalusian Arabic,False,False,,no_match,xaa,exact_iso3,,no_match
xab,,,,I,L,Sambe,False,True,,no_match,xab,exact_iso3,,no_match
xac,,,,I,L,Kachari,False,True,,no_match,xac,exact_iso3,,no_match
xad,,,,I,E,Adai,False,False,,no_match,xad,exact_iso3,,no_match
xae,,,,I,H,Aequian,False,False,,no_match,xae,exact_iso3,,no_match
xag,,,,I,H,Aghwan,False,False,,no_match,xag,exact_iso3,,no_match
xai,,,,I,E,Kaimbé,False,False,,no_match,xai,exact_iso3,,no_match
xaj,,,,I,E,Ararandewára,False,False,,no_match,xaj,exact_iso3,,no_match
xak,,,,I,E,Máku,False,False,,no_match,xak,exact_iso3,,no_match
xal,xal,xal,,I,L,Kalmyk,False,True,xal_Cyrl,exact,xal,exact_iso3,,no_match
xam,,,,I,E,ǀXam,False,False,,no_match,xam,exact_iso3,,no_match
xan,,,,I,L,Xamtanga,False,True,,no_match,xan,exact_iso3,,no_match
xao,,,,I,L,Khao,False,True,,no_match,xao,exact_iso3,,no_match
xap,,,,I,E,Apalachee,False,False,,no_match,xap,exact_iso3,,no_match
xaq,,,,I,H,Aquitanian,False,False,,no_match,xaq,exact_iso3,,no_match
xar,,,,I,E,Karami,False,False,,no_match,xar,exact_iso3,,no_match
xas,,,,I,E,Kamas,False,False,,no_match,xas,exact_iso3,,no_match
xat,,,,I,L,Katawixi,False,True,,no_match,xat,exact_iso3,,no_match
xau,,,,I,L,Kauwera,False,True,,no_match,xau,exact_iso3,,no_match
xav,,,,I,L,Xavánte,False,True,xav_Latn,exact,xav,exact_iso3,,no_match
xaw,,,,I,L,Kawaiisu,False,True,,no_match,xaw,exact_iso3,,no_match
xay,,,,I,L,Kayan Mahakam,False,True,,no_match,xay,exact_iso3,,no_match
xbb,,,,I,E,Lower Burdekin,False,False,,no_match,xbb,exact_iso3,,no_match
xbc,,,,I,H,Bactrian,False,False,,no_match,xbc,exact_iso3,,no_match
xbd,,,,I,E,Bindal,False,False,,no_match,xbd,exact_iso3,,no_match
xbe,,,,I,E,Bigambal,False,False,,no_match,xbe,exact_iso3,,no_match
xbg,,,,I,E,Bunganditj,False,False,,no_match,xbg,exact_iso3,,no_match
xbi,,,,I,L,Kombio,False,True,xbi_Latn,exact,xbi,exact_iso3,,no_match
xbj,,,,I,E,Birrpayi,False,False,,no_match,xbj,exact_iso3,,no_match
xbm,,,,I,H,Middle Breton,False,False,,no_match,xbm,exact_iso3,,no_match
xbn,,,,I,E,Kenaboi,False,False,,no_match,xbn,exact_iso3,,no_match
xbo,,,,I,H,Bolgarian,False,False,,no_match,xbo,exact_iso3,,no_match
xbp,,,,I,E,Bibbulman,False,False,,no_match,xbp,exact_iso3,,no_match
xbr,,,,I,L,Kambera,False,True,xbr_Latn,exact,xbr,exact_iso3,,no_match
xbw,,,,I,E,Kambiwá,False,False,,no_match,xbw,exact_iso3,,no_match
xby,,,,I,L,Batjala,False,True,,no_match,xby,exact_iso3,,no_match
xcb,,,,I,H,Cumbric,False,False,,no_match,xcb,exact_iso3,,no_match
xcc,,,,I,H,Camunic,False,False,,no_match,xcc,exact_iso3,,no_match
xce,,,,I,H,Celtiberian,False,False,,no_match,xce,exact_iso3,,no_match
xcg,,,,I,H,Cisalpine Gaulish,False,False,,no_match,xcg,exact_iso3,,no_match
xch,,,,I,E,Chemakum,False,False,,no_match,xch,exact_iso3,,no_match
xcl,,,,I,H,Classical Armenian,False,False,,no_match,xcl,exact_iso3,,no_match
xcm,,,,I,E,Comecrudo,False,False,,no_match,xcm,exact_iso3,,no_match
xcn,,,,I,E,Cotoname,False,False,,no_match,xcn,exact_iso3,,no_match
xco,,,,I,H,Chorasmian,False,False,,no_match,xco,exact_iso3,,no_match
xcr,,,,I,H,Carian,False,False,,no_match,xcr,exact_iso3,,no_match
xct,,,,I,H,Classical Tibetan,False,False,,no_match,xct,exact_iso3,,no_match
xcu,,,,I,H,Curonian,False,False,,no_match,xcu,exact_iso3,,no_match
xcv,,,,I,E,Chuvantsy,False,False,,no_match,xcv,exact_iso3,,no_match
xcw,,,,I,E,Coahuilteco,False,False,,no_match,xcw,exact_iso3,,no_match
xcy,,,,I,E,Cayuse,False,False,,no_match,xcy,exact_iso3,,no_match
xda,,,,I,L,Darkinyung,False,True,,no_match,xda,exact_iso3,,no_match
xdc,,,,I,H,Dacian,False,False,,no_match,xdc,exact_iso3,,no_match
xdk,,,,I,E,Dharuk,False,False,,no_match,xdk,exact_iso3,,no_match
xdm,,,,I,H,Edomite,False,False,,no_match,xdm,exact_iso3,,no_match
xdo,,,,I,L,Kwandu,False,True,,no_match,xdo,exact_iso3,,no_match
xdq,,,,I,L,Kaitag,False,True,,no_match,xdq,exact_iso3,xdq,exact_iso3
xdy,,,,I,L,Malayic Dayak,False,True,,no_match,xdy,exact_iso3,,no_match
xeb,,,,I,H,Eblan,False,False,,no_match,xeb,exact_iso3,,no_match
xed,,,,I,L,Hdi,False,True,xed_Latn,exact,xed,exact_iso3,,no_match
xeg,,,,I,E,ǁXegwi,False,False,,no_match,xeg,exact_iso3,,no_match
xel,,,,I,L,Kelo,False,True,,no_match,xel,exact_iso3,,no_match
xem,,,,I,L,Kembayan,False,True,,no_match,xem,exact_iso3,,no_match
xep,,,,I,H,Epi-Olmec,False,False,,no_match,xep,exact_iso3,,no_match
xer,,,,I,L,Xerénte,False,True,,no_match,xer,exact_iso3,,no_match
xes,,,,I,L,Kesawai,False,True,,no_match,xes,exact_iso3,,no_match
xet,,,,I,L,Xetá,False,True,,no_match,xet,exact_iso3,,no_match
xeu,,,,I,L,Keoru-Ahia,False,True,,no_match,xeu,exact_iso3,,no_match
xfa,,,,I,H,Faliscan,False,False,,no_match,xfa,exact_iso3,,no_match
xga,,,,I,H,Galatian,False,False,,no_match,xga,exact_iso3,,no_match
xgb,,,,I,E,Gbin,False,False,,no_match,xgb,exact_iso3,,no_match
xgd,,,,I,E,Gudang,False,False,,no_match,xgd,exact_iso3,,no_match
xgf,,,,I,E,Gabrielino-Fernandeño,False,False,,no_match,xgf,exact_iso3,,no_match
xgg,,,,I,E,Goreng,False,False,,no_match,xgg,exact_iso3,,no_match
xgi,,,,I,E,Garingbal,False,False,,no_match,xgi,exact_iso3,,no_match
xgl,,,,I,H,Galindan,False,False,,no_match,xgl,exact_iso3,,no_match
xgm,,,,I,E,Dharumbal,False,False,,no_match,xgm,exact_iso3,,no_match
xgr,,,,I,E,Garza,False,False,,no_match,xgr,exact_iso3,,no_match
xgu,,,,I,L,Unggumi,False,True,,no_match,xgu,exact_iso3,,no_match
xgw,,,,I,E,Guwa,False,False,,no_match,xgw,exact_iso3,,no_match
xha,,,,I,H,Harami,False,False,,no_match,xha,exact_iso3,,no_match
xhc,,,,I,H,Hunnic,False,False,,no_match,xhc,exact_iso3,,no_match
xhd,,,,I,H,Hadrami,False,False,,no_match,xhd,exact_iso3,,no_match
xhe,,,,I,L,Khetrani,False,True,,no_match,xhe,exact_iso3,xhe,exact_iso3
xhm,,,,I,H,Middle Khmer (1400 to 1850 CE),False,False,,no_match,xhm,exact_iso3,,no_match
xho,xho,xho,xh,I,L,Xhosa,False,True,xho_Latn,exact,xho;xh,matched_multiple:iso3+iso1,xh,matched_via_bcp47
xhr,,,,I,H,Hernican,False,False,,no_match,xhr,exact_iso3,,no_match
xht,,,,I,H,Hattic,False,False,,no_match,xht,exact_iso3,,no_match
xhu,,,,I,H,Hurrian,False,False,,no_match,xhu,exact_iso3,,no_match
xhv,,,,I,L,Khua,False,True,,no_match,xhv,exact_iso3,,no_match
xib,,,,I,H,Iberian,False,False,,no_match,xib,exact_iso3,,no_match
xii,,,,I,L,Xiri,False,True,,no_match,xii,exact_iso3,,no_match
xil,,,,I,H,Illyrian,False,False,,no_match,xil,exact_iso3,,no_match
xin,,,,I,E,Xinca,False,False,,no_match,xin,exact_iso3,,no_match
xir,,,,I,E,Xiriâna,False,False,,no_match,xir,exact_iso3,,no_match
xis,,,,I,L,Kisan,False,True,,no_match,xis,exact_iso3,,no_match
xiv,,,,I,H,Indus Valley Language,False,False,,no_match,xiv,exact_iso3,,no_match
xiy,,,,I,L,Xipaya,False,True,,no_match,xiy,exact_iso3,,no_match
xjb,,,,I,E,Minjungbal,False,False,,no_match,xjb,exact_iso3,,no_match
xjt,,,,I,E,Jaitmatang,False,False,,no_match,xjt,exact_iso3,,no_match
xka,,,,I,L,Kalkoti,False,True,,no_match,xka,exact_iso3,xka,exact_iso3
xkb,,,,I,L,Northern Nago,False,True,,no_match,xkb,exact_iso3,,no_match
xkc,,,,I,L,Kho'ini,False,True,,no_match,xkc,exact_iso3,,no_match
xkd,,,,I,L,Mendalam Kayan,False,True,,no_match,xkd,exact_iso3,,no_match
xke,,,,I,L,Kereho,False,True,,no_match,xke,exact_iso3,,no_match
xkf,,,,I,L,Khengkha,False,True,,no_match,xkf,exact_iso3,,no_match
xkg,,,,I,L,Kagoro,False,True,,no_match,xkg,exact_iso3,,no_match
xki,,,,I,L,Kenyan Sign Language,False,True,,no_match,xki,exact_iso3,,no_match
xkj,,,,I,L,Kajali,False,True,,no_match,xkj,exact_iso3,,no_match
xkk,,,,I,L,Kachok,False,True,,no_match,xkk,exact_iso3,,no_match
xkl,,,,I,L,Mainstream Kenyah,False,True,,no_match,xkl,exact_iso3,xkl,exact_iso3
xkn,,,,I,L,Kayan River Kayan,False,True,,no_match,xkn,exact_iso3,,no_match
xko,,,,I,L,Kiorr,False,True,,no_match,xko,exact_iso3,,no_match
xkp,,,,I,L,Kabatei,False,True,,no_match,xkp,exact_iso3,,no_match
xkq,,,,I,L,Koroni,False,True,,no_match,xkq,exact_iso3,,no_match
xkr,,,,I,E,Xakriabá,False,False,,no_match,xkr,exact_iso3,,no_match
xks,,,,I,L,Kumbewaha,False,True,,no_match,xks,exact_iso3,,no_match
xkt,,,,I,L,Kantosi,False,True,,no_match,xkt,exact_iso3,,no_match
xku,,,,I,L,Kaamba,False,True,,no_match,xku,exact_iso3,,no_match
xkv,,,,I,L,Kgalagadi,False,True,,no_match,xkv,exact_iso3,,no_match
xkw,,,,I,L,Kembra,False,True,,no_match,xkw,exact_iso3,,no_match
xkx,,,,I,L,Karore,False,True,,no_match,xkx,exact_iso3,,no_match
xky,,,,I,L,Uma' Lasan,False,True,,no_match,xky,exact_iso3,,no_match
xkz,,,,I,L,Kurtokha,False,True,,no_match,xkz,exact_iso3,,no_match
xla,,,,I,L,Kamula,False,True,xla_Latn,exact,xla,exact_iso3,,no_match
xlb,,,,I,E,Loup B,False,False,,no_match,xlb,exact_iso3,,no_match
xlc,,,,I,H,Lycian,False,False,,no_match,xlc,exact_iso3,,no_match
xld,,,,I,H,Lydian,False,False,,no_match,xld,exact_iso3,,no_match
xle,,,,I,H,Lemnian,False,False,,no_match,xle,exact_iso3,,no_match
xlg,,,,I,H,Ligurian (Ancient),False,False,,no_match,xlg,exact_iso3,,no_match
xli,,,,I,H,Liburnian,False,False,,no_match,xli,exact_iso3,,no_match
xln,,,,I,H,Alanic,False,False,,no_match,xln,exact_iso3,,no_match
xlo,,,,I,E,Loup A,False,False,,no_match,xlo,exact_iso3,,no_match
xlp,,,,I,H,Lepontic,False,False,,no_match,xlp,exact_iso3,,no_match
xls,,,,I,H,Lusitanian,False,False,,no_match,xls,exact_iso3,,no_match
xlu,,,,I,H,Cuneiform Luwian,False,False,,no_match,xlu,exact_iso3,,no_match
xly,,,,I,H,Elymian,False,False,,no_match,xly,exact_iso3,,no_match
xma,,,,I,L,Mushungulu,False,True,,no_match,xma,exact_iso3,,no_match
xmb,,,,I,L,Mbonga,False,True,,no_match,xmb,exact_iso3,,no_match
xmc,,,,I,L,Makhuwa-Marrevone,False,True,,no_match,xmc,exact_iso3,,no_match
xmd,,,,I,L,Mbudum,False,True,,no_match,xmd,exact_iso3,,no_match
xme,,,,I,H,Median,False,False,,no_match,xme,exact_iso3,,no_match
xmf,,,,I,L,Mingrelian,False,True,xmf_Geor,exact,xmf,exact_iso3,xmf,exact_iso3
xmg,,,,I,L,Mengaka,False,True,,no_match,xmg,exact_iso3,,no_match
xmh,,,,I,L,Kugu-Muminh,False,True,,no_match,xmh,exact_iso3,,no_match
xmj,,,,I,L,Majera,False,True,,no_match,xmj,exact_iso3,,no_match
xmk,,,,I,H,Ancient Macedonian,False,False,,no_match,xmk,exact_iso3,,no_match
xml,,,,I,L,Malaysian Sign Language,False,True,,no_match,xml,exact_iso3,,no_match
xmm,,,,I,L,Manado Malay,False,True,xmm_Latn,exact,xmm,exact_iso3,,no_match
xmn,,,,I,H,Manichaean Middle Persian,False,False,,no_match,xmn,exact_iso3,,no_match
xmo,,,,I,L,Morerebi,False,True,,no_match,xmo,exact_iso3,,no_match
xmp,,,,I,E,Kuku-Mu'inh,False,False,,no_match,xmp,exact_iso3,,no_match
xmq,,,,I,E,Kuku-Mangk,False,False,,no_match,xmq,exact_iso3,,no_match
xmr,,,,I,H,Meroitic,False,False,,no_match,xmr,exact_iso3,,no_match
xms,,,,I,L,Moroccan Sign Language,False,True,,no_match,xms,exact_iso3,,no_match
xmt,,,,I,L,Matbat,False,True,,no_match,xmt,exact_iso3,,no_match
xmu,,,,I,E,Kamu,False,False,,no_match,xmu,exact_iso3,,no_match
xmv,,,,I,L,Antankarana Malagasy,False,True,xmv_Latn,exact,xmv,exact_iso3,,no_match
xmw,,,,I,L,Tsimihety Malagasy,False,True,,no_match,xmw,exact_iso3,,no_match
xmx,,,,I,L,Salawati,False,True,,no_match,xmx,exact_iso3,,no_match
xmy,,,,I,L,Mayaguduna,False,True,,no_match,xmy,exact_iso3,,no_match
xmz,,,,I,L,Mori Bawah,False,True,,no_match,xmz,exact_iso3,,no_match
xna,,,,I,H,Ancient North Arabian,False,False,,no_match,xna,exact_iso3,,no_match
xnb,,,,I,L,Kanakanabu,False,True,,no_match,xnb,exact_iso3,,no_match
xng,,,,I,H,Middle Mongolian,False,False,,no_match,xng,exact_iso3,,no_match
xnh,,,,I,L,Kuanhua,False,True,,no_match,xnh,exact_iso3,,no_match
xni,,,,I,E,Ngarigu,False,False,,no_match,xni,exact_iso3,,no_match
xnj,,,,I,L,Ngoni (Tanzania),False,True,,no_match,xnj,exact_iso3,,no_match
xnk,,,,I,E,Nganakarti,False,False,,no_match,xnk,exact_iso3,,no_match
xnm,,,,I,E,Ngumbarl,False,False,,no_match,xnm,exact_iso3,,no_match
xnn,,,,I,L,Northern Kankanay,False,True,xnn_Latn,exact,xnn,exact_iso3,,no_match
xno,,,,I,H,Anglo-Norman,False,False,,no_match,xno,exact_iso3,,no_match
xnq,,,,I,L,Ngoni (Mozambique),False,True,,no_match,xnq,exact_iso3,,no_match
xnr,,,,I,L,Kangri,False,True,,no_match,xnr,exact_iso3,,no_match
xns,,,,I,L,Kanashi,False,True,,no_match,xns,exact_iso3,,no_match
xnt,,,,I,E,Narragansett,False,False,,no_match,xnt,exact_iso3,,no_match
xnu,,,,I,E,Nukunul,False,False,,no_match,xnu,exact_iso3,,no_match
xny,,,,I,L,Nyiyaparli,False,True,,no_match,xny,exact_iso3,,no_match
xnz,,,,I,L,Kenzi,False,True,,no_match,xnz,exact_iso3,,no_match
xoc,,,,I,E,O'chi'chi',False,False,,no_match,xoc,exact_iso3,,no_match
xod,,,,I,L,Kokoda,False,True,,no_match,xod,exact_iso3,,no_match
xog,,,,I,L,Soga,False,True,xog_Latn,exact,xog,exact_iso3,,no_match
xoi,,,,I,L,Kominimung,False,True,,no_match,xoi,exact_iso3,,no_match
xok,,,,I,L,Xokleng,False,True,,no_match,xok,exact_iso3,,no_match
xom,,,,I,L,Komo (Sudan),False,True,,no_match,xom,exact_iso3,,no_match
xon,,,,I,L,Konkomba,False,True,xon_Latn,exact,xon,exact_iso3,,no_match
xoo,,,,I,E,Xukurú,False,False,,no_match,xoo,exact_iso3,,no_match
xop,,,,I,L,Kopar,False,True,,no_match,xop,exact_iso3,,no_match
xor,,,,I,L,Korubo,False,True,,no_match,xor,exact_iso3,,no_match
xow,,,,I,L,Kowaki,False,True,,no_match,xow,exact_iso3,,no_match
xpa,,,,I,E,Pirriya,False,False,,no_match,xpa,exact_iso3,,no_match
xpb,,,,I,E,Northeastern Tasmanian,False,False,,no_match,xpb,exact_iso3,,no_match
xpc,,,,I,H,Pecheneg,False,False,,no_match,xpc,exact_iso3,,no_match
xpd,,,,I,E,Oyster Bay Tasmanian,False,False,,no_match,xpd,exact_iso3,,no_match
xpe,,,,I,L,Liberia Kpelle,False,True,,no_match,xpe,exact_iso3,,no_match
xpf,,,,I,E,Southeast Tasmanian,False,False,,no_match,xpf,exact_iso3,,no_match
xpg,,,,I,H,Phrygian,False,False,,no_match,xpg,exact_iso3,,no_match
xph,,,,I,E,North Midlands Tasmanian,False,False,,no_match,xph,exact_iso3,,no_match
xpi,,,,I,H,Pictish,False,False,,no_match,xpi,exact_iso3,,no_match
xpj,,,,I,E,Mpalitjanh,False,False,,no_match,xpj,exact_iso3,,no_match
xpk,,,,I,L,Kulina Pano,False,True,,no_match,xpk,exact_iso3,,no_match
xpl,,,,I,E,Port Sorell Tasmanian,False,False,,no_match,xpl,exact_iso3,,no_match
xpm,,,,I,E,Pumpokol,False,False,,no_match,xpm,exact_iso3,,no_match
xpn,,,,I,E,Kapinawá,False,False,,no_match,xpn,exact_iso3,,no_match
xpo,,,,I,E,Pochutec,False,False,,no_match,xpo,exact_iso3,,no_match
xpp,,,,I,H,Puyo-Paekche,False,False,,no_match,xpp,exact_iso3,,no_match
xpq,,,,I,E,Mohegan-Pequot,False,False,,no_match,xpq,exact_iso3,,no_match
xpr,,,,I,H,Parthian,False,False,,no_match,xpr,exact_iso3,,no_match
xps,,,,I,H,Pisidian,False,False,,no_match,xps,exact_iso3,,no_match
xpt,,,,I,E,Punthamara,False,False,,no_match,xpt,exact_iso3,,no_match
xpu,,,,I,H,Punic,False,False,,no_match,xpu,exact_iso3,,no_match
xpv,,,,I,E,Northern Tasmanian,False,False,,no_match,xpv,exact_iso3,,no_match
xpw,,,,I,E,Northwestern Tasmanian,False,False,,no_match,xpw,exact_iso3,,no_match
xpx,,,,I,E,Southwestern Tasmanian,False,False,,no_match,xpx,exact_iso3,,no_match
xpy,,,,I,H,Puyo,False,False,,no_match,xpy,exact_iso3,,no_match
xpz,,,,I,E,Bruny Island Tasmanian,False,False,,no_match,xpz,exact_iso3,,no_match
xqa,,,,I,H,Karakhanid,False,False,,no_match,xqa,exact_iso3,,no_match
xqt,,,,I,H,Qatabanian,False,False,,no_match,xqt,exact_iso3,,no_match
xra,,,,I,L,Krahô,False,True,,no_match,xra,exact_iso3,,no_match
xrb,,,,I,L,Eastern Karaboro,False,True,xrb_Latn,exact,xrb,exact_iso3,,no_match
xrd,,,,I,E,Gundungurra,False,False,,no_match,xrd,exact_iso3,,no_match
xre,,,,I,L,Kreye,False,True,,no_match,xre,exact_iso3,,no_match
xrg,,,,I,E,Minang,False,False,,no_match,xrg,exact_iso3,,no_match
xri,,,,I,L,Krikati-Timbira,False,True,,no_match,xri,exact_iso3,,no_match
xrm,,,,I,H,Armazic,False,False,,no_match,xrm,exact_iso3,,no_match
xrn,,,,I,E,Arin,False,False,,no_match,xrn,exact_iso3,,no_match
xrr,,,,I,H,Raetic,False,False,,no_match,xrr,exact_iso3,,no_match
xrt,,,,I,E,Aranama-Tamique,False,False,,no_match,xrt,exact_iso3,,no_match
xru,,,,I,L,Marriammu,False,True,,no_match,xru,exact_iso3,,no_match
xrw,,,,I,L,Karawa,False,True,,no_match,xrw,exact_iso3,,no_match
xsa,,,,I,H,Sabaean,False,False,,no_match,xsa,exact_iso3,,no_match
xsb,,,,I,L,Sambal,False,True,xsb_Latn,exact,xsb,exact_iso3,,no_match
xsc,,,,I,H,Scythian,False,False,,no_match,xsc,exact_iso3,,no_match
xsd,,,,I,H,Sidetic,False,False,,no_match,xsd,exact_iso3,,no_match
xse,,,,I,L,Sempan,False,True,,no_match,xse,exact_iso3,,no_match
xsh,,,,I,L,Shamang,False,True,,no_match,xsh,exact_iso3,,no_match
xsi,,,,I,L,Sio,False,True,xsi_Latn,exact,xsi,exact_iso3,,no_match
xsj,,,,I,L,Subi,False,True,,no_match,xsj,exact_iso3,,no_match
xsl,,,,I,L,South Slavey,False,True,,no_match,xsl,exact_iso3,,no_match
xsm,,,,I,L,Kasem,False,True,xsm_Latn,exact,xsm,exact_iso3,xsm,exact_iso3
xsn,,,,I,L,Sanga (Nigeria),False,True,,no_match,xsn,exact_iso3,,no_match
xso,,,,I,E,Solano,False,False,,no_match,xso,exact_iso3,,no_match
xsp,,,,I,L,Silopi,False,True,,no_match,xsp,exact_iso3,,no_match
xsq,,,,I,L,Makhuwa-Saka,False,True,,no_match,xsq,exact_iso3,,no_match
xsr,,,,I,L,Sherpa,False,True,xsr_Deva,exact,xsr,exact_iso3,,no_match
xsu,,,,I,L,Sanumá,False,True,xsu_Latn,exact,xsu,exact_iso3,,no_match
xsv,,,,I,E,Sudovian,False,False,,no_match,xsv,exact_iso3,,no_match
xsy,,,,I,L,Saisiyat,False,True,,no_match,xsy,exact_iso3,,no_match
xta,,,,I,L,Alcozauca Mixtec,False,True,,no_match,xta,exact_iso3,,no_match
xtb,,,,I,L,Chazumba Mixtec,False,True,,no_match,xtb,exact_iso3,,no_match
xtc,,,,I,L,Katcha-Kadugli-Miri,False,True,,no_match,xtc,exact_iso3,,no_match
xtd,,,,I,L,Diuxi-Tilantongo Mixtec,False,True,xtd_Latn,exact,xtd,exact_iso3,,no_match
xte,,,,I,L,Ketengban,False,True,,no_match,xte,exact_iso3,,no_match
xtg,,,,I,H,Transalpine Gaulish,False,False,,no_match,xtg,exact_iso3,,no_match
xth,,,,I,E,Yitha Yitha,False,False,,no_match,xth,exact_iso3,,no_match
xti,,,,I,L,Sinicahua Mixtec,False,True,,no_match,xti,exact_iso3,,no_match
xtj,,,,I,L,San Juan Teita Mixtec,False,True,,no_match,xtj,exact_iso3,,no_match
xtl,,,,I,L,Tijaltepec Mixtec,False,True,,no_match,xtl,exact_iso3,,no_match
xtm,,,,I,L,Magdalena Peñasco Mixtec,False,True,xtm_Latn,exact,xtm,exact_iso3,,no_match
xtn,,,,I,L,Northern Tlaxiaco Mixtec,False,True,xtn_Latn,exact,xtn,exact_iso3,,no_match
xto,,,,I,H,Tokharian A,False,False,,no_match,xto,exact_iso3,,no_match
xtp,,,,I,L,San Miguel Piedras Mixtec,False,True,,no_match,xtp,exact_iso3,,no_match
xtq,,,,I,H,Tumshuqese,False,False,,no_match,xtq,exact_iso3,,no_match
xtr,,,,I,H,Early Tripuri,False,False,,no_match,xtr,exact_iso3,,no_match
xts,,,,I,L,Sindihui Mixtec,False,True,,no_match,xts,exact_iso3,,no_match
xtt,,,,I,L,Tacahua Mixtec,False,True,,no_match,xtt,exact_iso3,,no_match
xtu,,,,I,L,Cuyamecalco Mixtec,False,True,,no_match,xtu,exact_iso3,,no_match
xtv,,,,I,E,Thawa,False,False,,no_match,xtv,exact_iso3,,no_match
xtw,,,,I,L,Tawandê,False,True,,no_match,xtw,exact_iso3,,no_match
xty,,,,I,L,Yoloxochitl Mixtec,False,True,,no_match,xty,exact_iso3,,no_match
xua,,,,I,L,Alu Kurumba,False,True,,no_match,xua,exact_iso3,,no_match
xub,,,,I,L,Betta Kurumba,False,True,,no_match,xub,exact_iso3,,no_match
xud,,,,I,E,Umiida,False,False,,no_match,xud,exact_iso3,,no_match
xug,,,,I,L,Kunigami,False,True,,no_match,xug,exact_iso3,,no_match
xuj,,,,I,L,Jennu Kurumba,False,True,,no_match,xuj,exact_iso3,,no_match
xul,,,,I,E,Ngunawal,False,False,,no_match,xul,exact_iso3,,no_match
xum,,,,I,H,Umbrian,False,False,,no_match,xum,exact_iso3,,no_match
xun,,,,I,E,Unggaranggu,False,False,,no_match,xun,exact_iso3,,no_match
xuo,,,,I,L,Kuo,False,True,xuo_Latn,exact,xuo,exact_iso3,,no_match
xup,,,,I,E,Upper Umpqua,False,False,,no_match,xup,exact_iso3,,no_match
xur,,,,I,H,Urartian,False,False,,no_match,xur,exact_iso3,,no_match
xut,,,,I,E,Kuthant,False,False,,no_match,xut,exact_iso3,,no_match
xuu,,,,I,L,Kxoe,False,True,,no_match,xuu,exact_iso3,,no_match
xve,,,,I,H,Venetic,False,False,,no_match,xve,exact_iso3,,no_match
xvi,,,,I,L,Kamviri,False,True,,no_match,xvi,exact_iso3,,no_match
xvn,,,,I,H,Vandalic,False,False,,no_match,xvn,exact_iso3,,no_match
xvo,,,,I,H,Volscian,False,False,,no_match,xvo,exact_iso3,,no_match
xvs,,,,I,H,Vestinian,False,False,,no_match,xvs,exact_iso3,,no_match
xwa,,,,I,L,Kwaza,False,True,,no_match,xwa,exact_iso3,,no_match
xwc,,,,I,E,Woccon,False,False,,no_match,xwc,exact_iso3,,no_match
xwd,,,,I,E,Wadi Wadi,False,False,,no_match,xwd,exact_iso3,,no_match
xwe,,,,I,L,Xwela Gbe,False,True,,no_match,xwe,exact_iso3,,no_match
xwg,,,,I,L,Kwegu,False,True,,no_match,xwg,exact_iso3,,no_match
xwj,,,,I,E,Wajuk,False,False,,no_match,xwj,exact_iso3,,no_match
xwk,,,,I,E,Wangkumara,False,False,,no_match,xwk,exact_iso3,,no_match
xwl,,,,I,L,Western Xwla Gbe,False,True,,no_match,xwl,exact_iso3,,no_match
xwo,,,,I,E,Written Oirat,False,False,,no_match,xwo,exact_iso3,,no_match
xwr,,,,I,L,Kwerba Mamberamo,False,True,,no_match,xwr,exact_iso3,,no_match
xwt,,,,I,E,Wotjobaluk,False,False,,no_match,xwt,exact_iso3,,no_match
xww,,,,I,E,Wemba Wemba,False,False,,no_match,xww,exact_iso3,,no_match
xxb,,,,I,E,Boro (Ghana),False,False,,no_match,xxb,exact_iso3,,no_match
xxk,,,,I,L,Ke'o,False,True,,no_match,xxk,exact_iso3,,no_match
xxm,,,,I,E,Minkin,False,False,,no_match,xxm,exact_iso3,,no_match
xxr,,,,I,E,Koropó,False,False,,no_match,xxr,exact_iso3,,no_match
xxt,,,,I,E,Tambora,False,False,,no_match,xxt,exact_iso3,,no_match
xya,,,,I,E,Yaygir,False,False,,no_match,xya,exact_iso3,,no_match
xyb,,,,I,E,Yandjibara,False,False,,no_match,xyb,exact_iso3,,no_match
xyj,,,,I,E,Mayi-Yapi,False,False,,no_match,xyj,exact_iso3,,no_match
xyk,,,,I,E,Mayi-Kulan,False,False,,no_match,xyk,exact_iso3,,no_match
xyl,,,,I,E,Yalakalore,False,False,,no_match,xyl,exact_iso3,,no_match
xyt,,,,I,E,Mayi-Thakurti,False,False,,no_match,xyt,exact_iso3,,no_match
xyy,,,,I,L,Yorta Yorta,False,True,,no_match,xyy,exact_iso3,,no_match
xzh,,,,I,H,Zhang-Zhung,False,False,,no_match,xzh,exact_iso3,,no_match
xzm,,,,I,E,Zemgalian,False,False,,no_match,xzm,exact_iso3,,no_match
xzp,,,,I,H,Ancient Zapotec,False,False,,no_match,xzp,exact_iso3,,no_match
yaa,,,,I,L,Yaminahua,False,True,yaa_Latn,exact,yaa,exact_iso3,,no_match
yab,,,,I,L,Yuhup,False,True,,no_match,yab,exact_iso3,,no_match
yac,,,,I,L,Pass Valley Yali,False,True,,no_match,yac,exact_iso3,,no_match
yad,,,,I,L,Yagua,False,True,yad_Latn,exact,yad,exact_iso3,,no_match
yae,,,,I,L,Pumé,False,True,,no_match,yae,exact_iso3,,no_match
yaf,,,,I,L,Yaka (Democratic Republic of Congo),False,True,,no_match,yaf,exact_iso3,,no_match
yag,,,,I,L,Yámana,False,True,,no_match,yag,exact_iso3,,no_match
yah,,,,I,L,Yazgulyam,False,True,,no_match,yah,exact_iso3,,no_match
yai,,,,I,L,Yagnobi,False,True,,no_match,yai,exact_iso3,,no_match
yaj,,,,I,L,Banda-Yangere,False,True,,no_match,yaj,exact_iso3,,no_match
yak,,,,I,L,Yakama,False,True,,no_match,yak,exact_iso3,,no_match
yal,,,,I,L,Yalunka,False,True,yal_Latn,exact,yal,exact_iso3,,no_match
yam,,,,I,L,Yamba,False,True,yam_Latn,exact,yam,exact_iso3,,no_match
yan,,,,I,L,Mayangna,False,True,yan_Latn,exact,yan,exact_iso3,,no_match
yao,yao,yao,,I,L,Yao,False,True,yao_Latn,exact,yao,exact_iso3,,no_match
yap,yap,yap,,I,L,Yapese,False,True,yap_Latn,exact,yap,exact_iso3,,no_match
yaq,,,,I,L,Yaqui,False,True,yaq_Latn,exact,yaq,exact_iso3,yaq,exact_iso3
yar,,,,I,L,Yabarana,False,True,,no_match,yar,exact_iso3,,no_match
yas,,,,I,L,Nugunu (Cameroon),False,True,,no_match,yas,exact_iso3,,no_match
yat,,,,I,L,Yambeta,False,True,yat_Latn,exact,yat,exact_iso3,,no_match
yau,,,,I,L,Yuwana,False,True,,no_match,yau,exact_iso3,,no_match
yav,,,,I,L,Yangben,False,True,,no_match,yav,exact_iso3,yav,exact_iso3
yaw,,,,I,L,Yawalapití,False,True,,no_match,yaw,exact_iso3,,no_match
yax,,,,I,L,Yauma,False,True,,no_match,yax,exact_iso3,,no_match
yay,,,,I,L,Agwagwune,False,True,,no_match,yay,exact_iso3,,no_match
yaz,,,,I,L,Lokaa,False,True,yaz_Latn,exact,yaz,exact_iso3,,no_match
yba,,,,I,L,Yala,False,True,,no_match,yba,exact_iso3,,no_match
ybb,,,,I,L,Yemba,False,True,ybb_Latn,exact,ybb,exact_iso3,,no_match
ybe,,,,I,L,West Yugur,False,True,,no_match,ybe,exact_iso3,,no_match
ybh,,,,I,L,Yakha,False,True,,no_match,ybh,exact_iso3,,no_match
ybi,,,,I,L,Yamphu,False,True,,no_match,ybi,exact_iso3,,no_match
ybj,,,,I,L,Hasha,False,True,,no_match,ybj,exact_iso3,,no_match
ybk,,,,I,L,Bokha,False,True,,no_match,ybk,exact_iso3,,no_match
ybl,,,,I,L,Yukuben,False,True,,no_match,ybl,exact_iso3,,no_match
ybm,,,,I,L,Yaben,False,True,,no_match,ybm,exact_iso3,,no_match
ybn,,,,I,E,Yabaâna,False,False,,no_match,ybn,exact_iso3,,no_match
ybo,,,,I,L,Yabong,False,True,,no_match,ybo,exact_iso3,,no_match
ybx,,,,I,L,Yawiyo,False,True,,no_match,ybx,exact_iso3,,no_match
yby,,,,I,L,Yaweyuha,False,True,yby_Latn,exact,yby,exact_iso3,,no_match
ych,,,,I,L,Chesu,False,True,,no_match,ych,exact_iso3,,no_match
ycl,,,,I,L,Lolopo,False,True,,no_match,ycl,exact_iso3,,no_match
ycn,,,,I,L,Yucuna,False,True,ycn_Latn,exact,ycn,exact_iso3,,no_match
ycp,,,,I,L,Chepya,False,True,,no_match,ycp,exact_iso3,,no_match
ycr,,,,I,L,Yilan Creole,False,True,,no_match,,no_match,,no_match
yda,,,,I,E,Yanda,False,False,,no_match,yda,exact_iso3,,no_match
ydd,,,,I,L,Eastern Yiddish,False,True,ydd_Hebr,exact,ydd,exact_iso3,,no_match
yde,,,,I,L,Yangum Dey,False,True,,no_match,yde,exact_iso3,,no_match
ydg,,,,I,L,Yidgha,False,True,,no_match,ydg,exact_iso3,ydg,exact_iso3
ydk,,,,I,L,Yoidik,False,True,,no_match,ydk,exact_iso3,,no_match
yea,,,,I,L,Ravula,False,True,,no_match,yea,exact_iso3,,no_match
yec,,,,I,L,Yeniche,False,True,,no_match,yec,exact_iso3,,no_match
yee,,,,I,L,Yimas,False,True,,no_match,yee,exact_iso3,,no_match
yei,,,,I,E,Yeni,False,False,,no_match,yei,exact_iso3,,no_match
yej,,,,I,L,Yevanic,False,True,,no_match,yej,exact_iso3,,no_match
yel,,,,I,L,Yela,False,True,,no_match,yel,exact_iso3,,no_match
yer,,,,I,L,Tarok,False,True,,no_match,yer,exact_iso3,,no_match
yes,,,,I,L,Nyankpa,False,True,,no_match,yes,exact_iso3,,no_match
yet,,,,I,L,Yetfa,False,True,,no_match,yet,exact_iso3,,no_match
yeu,,,,I,L,Yerukula,False,True,,no_match,yeu,exact_iso3,,no_match
yev,,,,I,L,Yapunda,False,True,,no_match,yev,exact_iso3,,no_match
yey,,,,I,L,Yeyi,False,True,,no_match,yey,exact_iso3,,no_match
yga,,,,I,E,Malyangapa,False,False,,no_match,yga,exact_iso3,,no_match
ygi,,,,I,E,Yiningayi,False,False,,no_match,ygi,exact_iso3,,no_match
ygl,,,,I,L,Yangum Gel,False,True,,no_match,ygl,exact_iso3,,no_match
ygm,,,,I,L,Yagomi,False,True,,no_match,ygm,exact_iso3,,no_match
ygp,,,,I,L,Gepo,False,True,,no_match,ygp,exact_iso3,,no_match
ygr,,,,I,L,Yagaria,False,True,,no_match,ygr,exact_iso3,,no_match
ygs,,,,I,L,Yolŋu Sign Language,False,True,,no_match,ygs,exact_iso3,,no_match
ygu,,,,I,L,Yugul,False,True,,no_match,ygu,exact_iso3,,no_match
ygw,,,,I,L,Yagwoia,False,True,,no_match,ygw,exact_iso3,,no_match
yha,,,,I,L,Baha Buyang,False,True,,no_match,yha,exact_iso3,,no_match
yhd,,,,I,L,Judeo-Iraqi Arabic,False,True,,no_match,yhd,exact_iso3,,no_match
yhl,,,,I,L,Hlepho Phowa,False,True,,no_match,yhl,exact_iso3,,no_match
yhs,,,,I,L,Yan-nhaŋu Sign Language,False,True,,no_match,yhs,exact_iso3,,no_match
yia,,,,I,L,Yinggarda,False,True,,no_match,yia,exact_iso3,,no_match
yid,yid,yid,yi,M,L,Yiddish,True,True,,no_match,yid;yi,matched_multiple:iso3+iso1,yi,matched_via_bcp47
yif,,,,I,L,Ache,False,True,,no_match,yif,exact_iso3,,no_match
yig,,,,I,L,Wusa Nasu,False,True,,no_match,yig,exact_iso3,,no_match
yih,,,,I,E,Western Yiddish,False,False,,no_match,yih,exact_iso3,,no_match
yii,,,,I,L,Yidiny,False,True,,no_match,yii,exact_iso3,,no_match
yij,,,,I,L,Yindjibarndi,False,True,,no_match,yij,exact_iso3,,no_match
yik,,,,I,L,Dongshanba Lalo,False,True,,no_match,yik,exact_iso3,,no_match
yil,,,,I,E,Yindjilandji,False,False,,no_match,yil,exact_iso3,,no_match
yim,,,,I,L,Yimchungru Naga,False,True,yim_Latn,exact,yim,exact_iso3,,no_match
yin,,,,I,L,Riang Lai,False,True,,no_match,yin,exact_iso3,,no_match
yip,,,,I,L,Pholo,False,True,,no_match,yip,exact_iso3,,no_match
yiq,,,,I,L,Miqie,False,True,,no_match,yiq,exact_iso3,,no_match
yir,,,,I,L,North Awyu,False,True,,no_match,yir,exact_iso3,,no_match
yis,,,,I,L,Yis,False,True,,no_match,yis,exact_iso3,,no_match
yit,,,,I,L,Eastern Lalu,False,True,,no_match,yit,exact_iso3,,no_match
yiu,,,,I,L,Awu,False,True,,no_match,yiu,exact_iso3,,no_match
yiv,,,,I,L,Northern Nisu,False,True,,no_match,yiv,exact_iso3,,no_match
yix,,,,I,L,Axi Yi,False,True,,no_match,yix,exact_iso3,,no_match
yiz,,,,I,L,Azhe,False,True,,no_match,yiz,exact_iso3,,no_match
yka,,,,I,L,Yakan,False,True,yka_Latn,exact,yka,exact_iso3,,no_match
ykg,,,,I,L,Northern Yukaghir,False,True,,no_match,ykg,exact_iso3,,no_match
ykh,,,,I,L,Khamnigan Mongol,False,True,,no_match,,no_match,,no_match
yki,,,,I,L,Yoke,False,True,,no_match,yki,exact_iso3,,no_match
ykk,,,,I,L,Yakaikeke,False,True,,no_match,ykk,exact_iso3,,no_match
ykl,,,,I,L,Khlula,False,True,,no_match,ykl,exact_iso3,,no_match
ykm,,,,I,L,Kap,False,True,,no_match,ykm,exact_iso3,,no_match
ykn,,,,I,L,Kua-nsi,False,True,,no_match,ykn,exact_iso3,,no_match
yko,,,,I,L,Iyasa,False,True,,no_match,yko,exact_iso3,,no_match
ykr,,,,I,L,Yekora,False,True,,no_match,ykr,exact_iso3,,no_match
ykt,,,,I,L,Kathu,False,True,,no_match,ykt,exact_iso3,,no_match
yku,,,,I,L,Kuamasi,False,True,,no_match,yku,exact_iso3,,no_match
yky,,,,I,L,Yakoma,False,True,,no_match,yky,exact_iso3,,no_match
yla,,,,I,L,Yaul,False,True,,no_match,yla,exact_iso3,,no_match
ylb,,,,I,L,Yaleba,False,True,,no_match,ylb,exact_iso3,,no_match
yle,,,,I,L,Yele,False,True,yle_Latn,exact,yle,exact_iso3,,no_match
ylg,,,,I,L,Yelogu,False,True,,no_match,ylg,exact_iso3,,no_match
yli,,,,I,L,Angguruk Yali,False,True,yli_Latn,exact,yli,exact_iso3,,no_match
yll,,,,I,L,Yil,False,True,,no_match,yll,exact_iso3,,no_match
ylm,,,,I,L,Limi,False,True,,no_match,ylm,exact_iso3,,no_match
yln,,,,I,L,Langnian Buyang,False,True,,no_match,yln,exact_iso3,,no_match
ylo,,,,I,L,Naluo Yi,False,True,,no_match,ylo,exact_iso3,,no_match
ylr,,,,I,E,Yalarnnga,False,False,,no_match,ylr,exact_iso3,,no_match
ylu,,,,I,L,Aribwaung,False,True,,no_match,ylu,exact_iso3,,no_match
yly,,,,I,L,Nyâlayu,False,True,,no_match,yly,exact_iso3,,no_match
ymb,,,,I,L,Yambes,False,True,,no_match,ymb,exact_iso3,,no_match
ymc,,,,I,L,Southern Muji,False,True,,no_match,ymc,exact_iso3,,no_match
ymd,,,,I,L,Muda,False,True,,no_match,ymd,exact_iso3,,no_match
yme,,,,I,E,Yameo,False,False,,no_match,yme,exact_iso3,,no_match
ymg,,,,I,L,Yamongeri,False,True,,no_match,ymg,exact_iso3,,no_match
ymh,,,,I,L,Mili,False,True,,no_match,ymh,exact_iso3,,no_match
ymi,,,,I,L,Moji,False,True,,no_match,ymi,exact_iso3,,no_match
ymk,,,,I,L,Makwe,False,True,,no_match,ymk,exact_iso3,,no_match
yml,,,,I,L,Iamalele,False,True,yml_Latn,exact,yml,exact_iso3,,no_match
ymm,,,,I,L,Maay,False,True,,no_match,ymm,exact_iso3,,no_match
ymn,,,,I,L,Yamna,False,True,,no_match,ymn,exact_iso3,,no_match
ymo,,,,I,L,Yangum Mon,False,True,,no_match,ymo,exact_iso3,,no_match
ymp,,,,I,L,Yamap,False,True,,no_match,ymp,exact_iso3,,no_match
ymq,,,,I,L,Qila Muji,False,True,,no_match,ymq,exact_iso3,,no_match
ymr,,,,I,L,Malasar,False,True,,no_match,ymr,exact_iso3,,no_match
yms,,,,I,H,Mysian,False,False,,no_match,yms,exact_iso3,,no_match
ymx,,,,I,L,Northern Muji,False,True,,no_match,ymx,exact_iso3,,no_match
ymz,,,,I,L,Muzi,False,True,,no_match,ymz,exact_iso3,,no_match
yna,,,,I,L,Aluo,False,True,,no_match,yna,exact_iso3,,no_match
ynb,,,,I,L,Yamben,False,True,,no_match,,no_match,,no_match
ynd,,,,I,E,Yandruwandha,False,False,,no_match,ynd,exact_iso3,,no_match
yne,,,,I,L,Lang'e,False,True,,no_match,yne,exact_iso3,,no_match
yng,,,,I,L,Yango,False,True,,no_match,yng,exact_iso3,,no_match
ynk,,,,I,L,Naukan Yupik,False,True,,no_match,ynk,exact_iso3,,no_match
ynl,,,,I,L,Yangulam,False,True,,no_match,ynl,exact_iso3,,no_match
ynn,,,,I,E,Yana,False,False,,no_match,ynn,exact_iso3,,no_match
yno,,,,I,L,Yong,False,True,,no_match,yno,exact_iso3,,no_match
ynq,,,,I,L,Yendang,False,True,,no_match,ynq,exact_iso3,,no_match
yns,,,,I,L,Yansi,False,True,,no_match,yns,exact_iso3,,no_match
ynu,,,,I,E,Yahuna,False,False,,no_match,ynu,exact_iso3,,no_match
yob,,,,I,E,Yoba,False,False,,no_match,yob,exact_iso3,,no_match
yog,,,,I,L,Yogad,False,True,,no_match,yog,exact_iso3,,no_match
yoi,,,,I,L,Yonaguni,False,True,,no_match,yoi,exact_iso3,,no_match
yok,,,,I,L,Yokuts,False,True,,no_match,yok,exact_iso3,,no_match
yom,,,,I,L,Yombe,False,True,yom_Latn,exact,yom,exact_iso3,,no_match
yon,,,,I,L,Yongkom,False,True,yon_Latn,exact,yon,exact_iso3,,no_match
yor,yor,yor,yo,I,L,Yoruba,False,True,yor_Latn,exact,yor;yo,matched_multiple:iso3+iso1,yo,matched_via_bcp47
yot,,,,I,L,Yotti,False,True,,no_match,yot,exact_iso3,,no_match
yox,,,,I,L,Yoron,False,True,,no_match,yox,exact_iso3,,no_match
yoy,,,,I,L,Yoy,False,True,,no_match,yoy,exact_iso3,,no_match
ypa,,,,I,L,Phala,False,True,,no_match,ypa,exact_iso3,,no_match
ypb,,,,I,L,Labo Phowa,False,True,,no_match,ypb,exact_iso3,,no_match
ypg,,,,I,L,Phola,False,True,,no_match,ypg,exact_iso3,,no_match
yph,,,,I,L,Phupha,False,True,,no_match,yph,exact_iso3,,no_match
ypm,,,,I,L,Phuma,False,True,,no_match,ypm,exact_iso3,,no_match
ypn,,,,I,L,Ani Phowa,False,True,,no_match,ypn,exact_iso3,,no_match
ypo,,,,I,L,Alo Phola,False,True,,no_match,ypo,exact_iso3,,no_match
ypp,,,,I,L,Phupa,False,True,,no_match,ypp,exact_iso3,,no_match
ypz,,,,I,L,Phuza,False,True,,no_match,ypz,exact_iso3,,no_match
yra,,,,I,L,Yerakai,False,True,,no_match,yra,exact_iso3,,no_match
yrb,,,,I,L,Yareba,False,True,yrb_Latn,exact,yrb,exact_iso3,,no_match
yre,,,,I,L,Yaouré,False,True,yre_Latn,exact,yre,exact_iso3,,no_match
yrk,,,,I,L,Nenets,False,True,yrk_Cyrl,exact,yrk,exact_iso3,,no_match
yrl,,,,I,L,Nhengatu,False,True,yrl_Latn,exact,yrl,exact_iso3,,no_match
yrm,,,,I,L,Yirrk-Mel,False,True,,no_match,yrm,exact_iso3,,no_match
yrn,,,,I,L,Yerong,False,True,,no_match,yrn,exact_iso3,,no_match
yro,,,,I,L,Yaroamë,False,True,,no_match,yro,exact_iso3,,no_match
yrs,,,,I,L,Yarsun,False,True,,no_match,yrs,exact_iso3,,no_match
yrw,,,,I,L,Yarawata,False,True,,no_match,yrw,exact_iso3,,no_match
yry,,,,I,L,Yarluyandi,False,True,,no_match,yry,exact_iso3,,no_match
ysc,,,,I,E,Yassic,False,False,,no_match,ysc,exact_iso3,,no_match
ysd,,,,I,L,Samatao,False,True,,no_match,ysd,exact_iso3,,no_match
ysg,,,,I,L,Sonaga,False,True,,no_match,ysg,exact_iso3,,no_match
ysl,,,,I,L,Yugoslavian Sign Language,False,True,,no_match,ysl,exact_iso3,,no_match
ysm,,,,I,L,Myanmar Sign Language,False,True,,no_match,ysm,exact_iso3,,no_match
ysn,,,,I,L,Sani,False,True,,no_match,ysn,exact_iso3,,no_match
yso,,,,I,L,Nisi (China),False,True,,no_match,yso,exact_iso3,,no_match
ysp,,,,I,L,Southern Lolopo,False,True,,no_match,ysp,exact_iso3,,no_match
ysr,,,,I,E,Sirenik Yupik,False,False,,no_match,ysr,exact_iso3,,no_match
yss,,,,I,L,Yessan-Mayo,False,True,yss_Latn,exact,yss,exact_iso3,,no_match
ysy,,,,I,L,Sanie,False,True,,no_match,ysy,exact_iso3,,no_match
yta,,,,I,L,Talu,False,True,,no_match,yta,exact_iso3,,no_match
ytl,,,,I,L,Tanglang,False,True,,no_match,ytl,exact_iso3,,no_match
ytp,,,,I,L,Thopho,False,True,,no_match,ytp,exact_iso3,,no_match
ytw,,,,I,L,Yout Wam,False,True,,no_match,ytw,exact_iso3,,no_match
yty,,,,I,E,Yatay,False,False,,no_match,yty,exact_iso3,,no_match
yua,,,,I,L,Yucateco,False,True,yua_Latn,exact,yua,exact_iso3,,no_match
yub,,,,I,E,Yugambal,False,False,,no_match,yub,exact_iso3,,no_match
yuc,,,,I,L,Yuchi,False,True,,no_match,yuc,exact_iso3,,no_match
yud,,,,I,L,Judeo-Tripolitanian Arabic,False,True,,no_match,yud,exact_iso3,,no_match
yue,,,,I,L,Yue Chinese,False,True,yue_Hani,exact,yue,exact_iso3,yue,exact_iso3
yuf,,,,I,L,Havasupai-Walapai-Yavapai,False,True,,no_match,yuf,exact_iso3,,no_match
yug,,,,I,E,Yug,False,False,,no_match,yug,exact_iso3,,no_match
yui,,,,I,L,Yurutí,False,True,,no_match,yui,exact_iso3,,no_match
yuj,,,,I,L,Karkar-Yuri,False,True,yuj_Latn,exact,yuj,exact_iso3,,no_match
yuk,,,,I,E,Yuki,False,False,,no_match,yuk,exact_iso3,,no_match
yul,,,,I,L,Yulu,False,True,,no_match,yul,exact_iso3,,no_match
yum,,,,I,L,Quechan,False,True,,no_match,yum,exact_iso3,,no_match
yun,,,,I,L,Bena (Nigeria),False,True,,no_match,yun,exact_iso3,,no_match
yup,,,,I,L,Yukpa,False,True,yup_Latn,exact,yup,exact_iso3,,no_match
yuq,,,,I,L,Yuqui,False,True,,no_match,yuq,exact_iso3,,no_match
yur,,,,I,E,Yurok,False,False,,no_match,yur,exact_iso3,,no_match
yut,,,,I,L,Yopno,False,True,yut_Latn,exact,yut,exact_iso3,,no_match
yuw,,,,I,L,Yau (Morobe Province),False,True,yuw_Latn,exact,yuw,exact_iso3,,no_match
yux,,,,I,L,Southern Yukaghir,False,True,,no_match,yux,exact_iso3,,no_match
yuy,,,,I,L,East Yugur,False,True,,no_match,yuy,exact_iso3,,no_match
yuz,,,,I,L,Yuracare,False,True,yuz_Latn,exact,yuz,exact_iso3,,no_match
yva,,,,I,L,Yawa,False,True,yva_Latn,exact,yva,exact_iso3,,no_match
yvt,,,,I,E,Yavitero,False,False,,no_match,yvt,exact_iso3,,no_match
ywa,,,,I,L,Kalou,False,True,,no_match,ywa,exact_iso3,,no_match
ywg,,,,I,L,Yinhawangka,False,True,,no_match,ywg,exact_iso3,,no_match
ywl,,,,I,L,Western Lalu,False,True,,no_match,ywl,exact_iso3,,no_match
ywn,,,,I,L,Yawanawa,False,True,,no_match,ywn,exact_iso3,,no_match
ywq,,,,I,L,Wuding-Luquan Yi,False,True,,no_match,ywq,exact_iso3,,no_match
ywr,,,,I,L,Yawuru,False,True,,no_match,ywr,exact_iso3,,no_match
ywt,,,,I,L,Xishanba Lalo,False,True,,no_match,ywt,exact_iso3,,no_match
ywu,,,,I,L,Wumeng Nasu,False,True,,no_match,ywu,exact_iso3,,no_match
yww,,,,I,E,Yawarawarga,False,False,,no_match,yww,exact_iso3,,no_match
yxa,,,,I,E,Mayawali,False,False,,no_match,yxa,exact_iso3,,no_match
yxg,,,,I,E,Yagara,False,False,,no_match,yxg,exact_iso3,,no_match
yxl,,,,I,E,Yardliyawarra,False,False,,no_match,yxl,exact_iso3,,no_match
yxm,,,,I,E,Yinwum,False,False,,no_match,yxm,exact_iso3,,no_match
yxu,,,,I,E,Yuyu,False,False,,no_match,yxu,exact_iso3,,no_match
yxy,,,,I,E,Yabula Yabula,False,False,,no_match,yxy,exact_iso3,,no_match
yyr,,,,I,E,Yir Yoront,False,False,,no_match,yyr,exact_iso3,,no_match
yyu,,,,I,L,Yau (Sandaun Province),False,True,,no_match,yyu,exact_iso3,,no_match
yyz,,,,I,L,Ayizi,False,True,,no_match,yyz,exact_iso3,,no_match
yzg,,,,I,L,E'ma Buyang,False,True,,no_match,yzg,exact_iso3,,no_match
yzk,,,,I,L,Zokhuo,False,True,,no_match,yzk,exact_iso3,,no_match
zaa,,,,I,L,Sierra de Juárez Zapotec,False,True,zaa_Latn,exact,zaa,exact_iso3,,no_match
zab,,,,I,L,Western Tlacolula Valley Zapotec,False,True,zab_Latn,exact,zab,exact_iso3,,no_match
zac,,,,I,L,Ocotlán Zapotec,False,True,zac_Latn,exact,zac,exact_iso3,,no_match
zad,,,,I,L,Cajonos Zapotec,False,True,zad_Latn,exact,zad,exact_iso3,,no_match
zae,,,,I,L,Yareni Zapotec,False,True,zae_Latn,exact,zae,exact_iso3,,no_match
zaf,,,,I,L,Ayoquesco Zapotec,False,True,,no_match,zaf,exact_iso3,,no_match
zag,,,,I,L,Zaghawa,False,True,,no_match,zag,exact_iso3,,no_match
zah,,,,I,L,Zangwal,False,True,,no_match,zah,exact_iso3,,no_match
zai,,,,I,L,Isthmus Zapotec,False,True,zai_Latn,exact,zai,exact_iso3,,no_match
zaj,,,,I,L,Zaramo,False,True,,no_match,zaj,exact_iso3,,no_match
zak,,,,I,L,Zanaki,False,True,,no_match,zak,exact_iso3,,no_match
zal,,,,I,L,Zauzou,False,True,,no_match,zal,exact_iso3,,no_match
zam,,,,I,L,Miahuatlán Zapotec,False,True,zam_Latn,exact,zam,exact_iso3,,no_match
zao,,,,I,L,Ozolotepec Zapotec,False,True,zao_Latn,exact,zao,exact_iso3,,no_match
zap,zap,zap,,M,L,Zapotec,True,True,,no_match,zap,exact_iso3,,no_match
zaq,,,,I,L,Aloápam Zapotec,False,True,,no_match,zaq,exact_iso3,,no_match
zar,,,,I,L,Rincón Zapotec,False,True,zar_Latn,exact,zar,exact_iso3,,no_match
zas,,,,I,L,Santo Domingo Albarradas Zapotec,False,True,zas_Latn,exact,zas,exact_iso3,,no_match
zat,,,,I,L,Tabaa Zapotec,False,True,zat_Latn,exact,zat,exact_iso3,,no_match
zau,,,,I,L,Zangskari,False,True,,no_match,zau,exact_iso3,,no_match
zav,,,,I,L,Yatzachi Zapotec,False,True,zav_Latn,exact,zav,exact_iso3,,no_match
zaw,,,,I,L,Mitla Zapotec,False,True,zaw_Latn,exact,zaw,exact_iso3,,no_match
zax,,,,I,L,Xadani Zapotec,False,True,,no_match,zax,exact_iso3,,no_match
zay,,,,I,L,Zayse-Zergulla,False,True,,no_match,zay,exact_iso3,,no_match
zaz,,,,I,L,Zari,False,True,,no_match,zaz,exact_iso3,,no_match
zba,,,,I,C,Balaibalan,False,False,,no_match,zba,exact_iso3,,no_match
zbc,,,,I,L,Central Berawan,False,True,,no_match,zbc,exact_iso3,,no_match
zbe,,,,I,L,East Berawan,False,True,,no_match,zbe,exact_iso3,,no_match
zbl,zbl,zbl,,I,C,Blissymbols,False,False,,no_match,zbl,exact_iso3,,no_match
zbt,,,,I,L,Batui,False,True,,no_match,zbt,exact_iso3,,no_match
zbu,,,,I,L,Bu (Bauchi State),False,True,,no_match,zbu,exact_iso3,,no_match
zbw,,,,I,L,West Berawan,False,True,,no_match,zbw,exact_iso3,,no_match
zca,,,,I,L,Coatecas Altas Zapotec,False,True,zca_Latn,exact,zca,exact_iso3,,no_match
zcd,,,,I,L,Las Delicias Zapotec,False,True,,no_match,zcd,exact_iso3,,no_match
zch,,,,I,L,Central Hongshuihe Zhuang,False,True,,no_match,zch,exact_iso3,,no_match
zdj,,,,I,L,Ngazidja Comorian,False,True,zdj_Latn,exact,zdj,exact_iso3,,no_match
zea,,,,I,L,Zeeuws,False,True,zea_Latn,exact,zea,exact_iso3,,no_match
zeg,,,,I,L,Zenag,False,True,,no_match,zeg,exact_iso3,,no_match
zeh,,,,I,L,Eastern Hongshuihe Zhuang,False,True,,no_match,zeh,exact_iso3,,no_match
zem,,,,I,L,Zeem,False,True,,no_match,zem,exact_iso3,,no_match
zen,zen,zen,,I,L,Zenaga,False,True,,no_match,zen,exact_iso3,,no_match
zga,,,,I,L,Kinga,False,True,,no_match,zga,exact_iso3,,no_match
zgb,,,,I,L,Guibei Zhuang,False,True,,no_match,zgb,exact_iso3,,no_match
zgh,zgh,zgh,,I,L,Standard Moroccan Tamazight,False,True,zgh_Tfng,exact,zgh,exact_iso3,zgh,exact_iso3
zgm,,,,I,L,Minz Zhuang,False,True,,no_match,zgm,exact_iso3,,no_match
zgn,,,,I,L,Guibian Zhuang,False,True,,no_match,zgn,exact_iso3,,no_match
zgr,,,,I,L,Magori,False,True,,no_match,zgr,exact_iso3,,no_match
zha,zha,zha,za,M,L,Zhuang,True,True,,no_match,zha;za,matched_multiple:iso3+iso1,,no_match
zhb,,,,I,L,Zhaba,False,True,,no_match,zhb,exact_iso3,,no_match
zhd,,,,I,L,Dai Zhuang,False,True,,no_match,zhd,exact_iso3,,no_match
zhi,,,,I,L,Zhire,False,True,,no_match,zhi,exact_iso3,,no_match
zhk,,,,I,L,Kurdish Sign Language,False,True,,no_match,,no_match,,no_match
zhn,,,,I,L,Nong Zhuang,False,True,,no_match,zhn,exact_iso3,,no_match
zho,chi,zho,zh,M,L,Chinese,True,True,,no_match,zho;zh;chi,matched_multiple:iso3+iso1+iso2b,zh-TW;zh-CN;zh-HK,matched_multiple:matched_via_bcp47_region_variant
zhw,,,,I,L,Zhoa,False,True,,no_match,zhw,exact_iso3,,no_match
zia,,,,I,L,Zia,False,True,zia_Latn,exact,zia,exact_iso3,,no_match
zib,,,,I,L,Zimbabwe Sign Language,False,True,,no_match,zib,exact_iso3,,no_match
zik,,,,I,L,Zimakani,False,True,,no_match,zik,exact_iso3,,no_match
zil,,,,I,L,Zialo,False,True,,no_match,zil,exact_iso3,,no_match
zim,,,,I,L,Mesme,False,True,,no_match,zim,exact_iso3,,no_match
zin,,,,I,L,Zinza,False,True,,no_match,zin,exact_iso3,,no_match
ziw,,,,I,L,Zigula,False,True,ziw_Latn,exact,ziw,exact_iso3,,no_match
ziz,,,,I,L,Zizilivakan,False,True,,no_match,ziz,exact_iso3,,no_match
zka,,,,I,L,Kaimbulawa,False,True,,no_match,zka,exact_iso3,,no_match
zkd,,,,I,L,Kadu,False,True,,no_match,zkd,exact_iso3,,no_match
zkg,,,,I,H,Koguryo,False,False,,no_match,zkg,exact_iso3,,no_match
zkh,,,,I,H,Khorezmian,False,False,,no_match,zkh,exact_iso3,,no_match
zkk,,,,I,E,Karankawa,False,False,,no_match,zkk,exact_iso3,,no_match
zkn,,,,I,L,Kanan,False,True,,no_match,zkn,exact_iso3,,no_match
zko,,,,I,E,Kott,False,False,,no_match,zko,exact_iso3,,no_match
zkp,,,,I,E,São Paulo Kaingáng,False,False,,no_match,zkp,exact_iso3,,no_match
zkr,,,,I,L,Zakhring,False,True,,no_match,zkr,exact_iso3,,no_match
zkt,,,,I,H,Kitan,False,False,,no_match,zkt,exact_iso3,,no_match
zku,,,,I,L,Kaurna,False,True,,no_match,zku,exact_iso3,,no_match
zkv,,,,I,E,Krevinian,False,False,,no_match,zkv,exact_iso3,,no_match
zkz,,,,I,H,Khazar,False,False,,no_match,zkz,exact_iso3,,no_match
zla,,,,I,L,Zula,False,True,,no_match,zla,exact_iso3,,no_match
zlj,,,,I,L,Liujiang Zhuang,False,True,,no_match,zlj,exact_iso3,,no_match
zlm,,,,I,L,Malay (individual language),False,True,,no_match,zlm,exact_iso3,,no_match
zln,,,,I,L,Lianshan Zhuang,False,True,,no_match,zln,exact_iso3,,no_match
zlq,,,,I,L,Liuqian Zhuang,False,True,,no_match,zlq,exact_iso3,,no_match
zlu,,,,I,L,Zul,False,True,,no_match,,no_match,,no_match
zma,,,,I,L,Manda (Australia),False,True,,no_match,zma,exact_iso3,,no_match
zmb,,,,I,L,Zimba,False,True,,no_match,zmb,exact_iso3,,no_match
zmc,,,,I,E,Margany,False,False,,no_match,zmc,exact_iso3,,no_match
zmd,,,,I,L,Maridan,False,True,,no_match,zmd,exact_iso3,,no_match
zme,,,,I,E,Mangerr,False,False,,no_match,zme,exact_iso3,,no_match
zmf,,,,I,L,Mfinu,False,True,,no_match,zmf,exact_iso3,,no_match
zmg,,,,I,L,Marti Ke,False,True,,no_match,zmg,exact_iso3,,no_match
zmh,,,,I,E,Makolkol,False,False,,no_match,zmh,exact_iso3,,no_match
zmi,,,,I,L,Negeri Sembilan Malay,False,True,,no_match,zmi,exact_iso3,,no_match
zmj,,,,I,L,Maridjabin,False,True,,no_match,zmj,exact_iso3,,no_match
zmk,,,,I,E,Mandandanyi,False,False,,no_match,zmk,exact_iso3,,no_match
zml,,,,I,E,Matngala,False,False,,no_match,zml,exact_iso3,,no_match
zmm,,,,I,L,Marimanindji,False,True,,no_match,zmm,exact_iso3,,no_match
zmn,,,,I,L,Mbangwe,False,True,,no_match,zmn,exact_iso3,,no_match
zmo,,,,I,L,Molo,False,True,,no_match,zmo,exact_iso3,,no_match
zmp,,,,I,L,Mbuun,False,True,,no_match,zmp,exact_iso3,,no_match
zmq,,,,I,L,Mituku,False,True,,no_match,zmq,exact_iso3,,no_match
zmr,,,,I,L,Maranunggu,False,True,,no_match,zmr,exact_iso3,,no_match
zms,,,,I,L,Mbesa,False,True,,no_match,zms,exact_iso3,,no_match
zmt,,,,I,L,Maringarr,False,True,,no_match,zmt,exact_iso3,,no_match
zmu,,,,I,E,Muruwari,False,False,,no_match,zmu,exact_iso3,,no_match
zmv,,,,I,E,Mbariman-Gudhinma,False,False,,no_match,zmv,exact_iso3,,no_match
zmw,,,,I,L,Mbo (Democratic Republic of Congo),False,True,,no_match,zmw,exact_iso3,,no_match
zmx,,,,I,L,Bomitaba,False,True,,no_match,zmx,exact_iso3,,no_match
zmy,,,,I,L,Mariyedi,False,True,,no_match,zmy,exact_iso3,,no_match
zmz,,,,I,L,Mbandja,False,True,,no_match,zmz,exact_iso3,,no_match
zna,,,,I,L,Zan Gula,False,True,,no_match,zna,exact_iso3,,no_match
zne,,,,I,L,Zande (individual language),False,True,zne_Latn,exact,zne,exact_iso3,,no_match
zng,,,,I,L,Mang,False,True,,no_match,zng,exact_iso3,,no_match
znk,,,,I,E,Manangkari,False,False,,no_match,znk,exact_iso3,,no_match
zns,,,,I,L,Mangas,False,True,,no_match,zns,exact_iso3,,no_match
zoc,,,,I,L,Copainalá Zoque,False,True,,no_match,zoc,exact_iso3,zoc,exact_iso3
zoh,,,,I,L,Chimalapa Zoque,False,True,,no_match,zoh,exact_iso3,,no_match
zom,,,,I,L,Zou,False,True,zom_Latn,exact,zom,exact_iso3,,no_match
zoo,,,,I,L,Asunción Mixtepec Zapotec,False,True,,no_match,zoo,exact_iso3,,no_match
zoq,,,,I,L,Tabasco Zoque,False,True,,no_match,zoq,exact_iso3,,no_match
zor,,,,I,L,Rayón Zoque,False,True,,no_match,zor,exact_iso3,,no_match
zos,,,,I,L,Francisco León Zoque,False,True,zos_Latn,exact,zos,exact_iso3,,no_match
zpa,,,,I,L,Lachiguiri Zapotec,False,True,zpa_Latn,exact,zpa,exact_iso3,,no_match
zpb,,,,I,L,Yautepec Zapotec,False,True,,no_match,zpb,exact_iso3,,no_match
zpc,,,,I,L,Choapan Zapotec,False,True,zpc_Latn,exact,zpc,exact_iso3,,no_match
zpd,,,,I,L,Southeastern Ixtlán Zapotec,False,True,,no_match,zpd,exact_iso3,,no_match
zpe,,,,I,L,Petapa Zapotec,False,True,,no_match,zpe,exact_iso3,,no_match
zpf,,,,I,L,San Pedro Quiatoni Zapotec,False,True,,no_match,zpf,exact_iso3,,no_match
zpg,,,,I,L,Guevea De Humboldt Zapotec,False,True,zpg_Latn,exact,zpg,exact_iso3,,no_match
zph,,,,I,L,Totomachapan Zapotec,False,True,,no_match,zph,exact_iso3,,no_match
zpi,,,,I,L,Santa María Quiegolani Zapotec,False,True,zpi_Latn,exact,zpi,exact_iso3,,no_match
zpj,,,,I,L,Quiavicuzas Zapotec,False,True,zpj_Latn,exact,zpj,exact_iso3,,no_match
zpk,,,,I,L,Tlacolulita Zapotec,False,True,,no_match,zpk,exact_iso3,,no_match
zpl,,,,I,L,Lachixío Zapotec,False,True,zpl_Latn,exact,zpl,exact_iso3,,no_match
zpm,,,,I,L,Mixtepec Zapotec,False,True,zpm_Latn,exact,zpm,exact_iso3,,no_match
zpn,,,,I,L,Santa Inés Yatzechi Zapotec,False,True,,no_match,zpn,exact_iso3,,no_match
zpo,,,,I,L,Amatlán Zapotec,False,True,zpo_Latn,exact,zpo,exact_iso3,,no_match
zpp,,,,I,L,El Alto Zapotec,False,True,,no_match,zpp,exact_iso3,,no_match
zpq,,,,I,L,Zoogocho Zapotec,False,True,zpq_Latn,exact,zpq,exact_iso3,,no_match
zpr,,,,I,L,Santiago Xanica Zapotec,False,True,,no_match,zpr,exact_iso3,,no_match
zps,,,,I,L,Coatlán Zapotec,False,True,,no_match,zps,exact_iso3,,no_match
zpt,,,,I,L,San Vicente Coatlán Zapotec,False,True,zpt_Latn,exact,zpt,exact_iso3,,no_match
zpu,,,,I,L,Yalálag Zapotec,False,True,zpu_Latn,exact,zpu,exact_iso3,,no_match
zpv,,,,I,L,Chichicapan Zapotec,False,True,zpv_Latn,exact,zpv,exact_iso3,,no_match
zpw,,,,I,L,Zaniza Zapotec,False,True,,no_match,zpw,exact_iso3,,no_match
zpx,,,,I,L,San Baltazar Loxicha Zapotec,False,True,,no_match,zpx,exact_iso3,,no_match
zpy,,,,I,L,Mazaltepec Zapotec,False,True,,no_match,zpy,exact_iso3,,no_match
zpz,,,,I,L,Texmelucan Zapotec,False,True,zpz_Latn,exact,zpz,exact_iso3,,no_match
zqe,,,,I,L,Qiubei Zhuang,False,True,,no_match,zqe,exact_iso3,,no_match
zra,,,,I,H,Kara (Korea),False,False,,no_match,zra,exact_iso3,,no_match
zrg,,,,I,L,Mirgan,False,True,,no_match,zrg,exact_iso3,,no_match
zrn,,,,I,L,Zerenkel,False,True,,no_match,zrn,exact_iso3,,no_match
zro,,,,I,L,Záparo,False,True,,no_match,zro,exact_iso3,,no_match
zrp,,,,I,E,Zarphatic,False,False,,no_match,zrp,exact_iso3,,no_match
zrs,,,,I,L,Mairasi,False,True,,no_match,zrs,exact_iso3,,no_match
zsa,,,,I,L,Sarasira,False,True,,no_match,zsa,exact_iso3,,no_match
zsk,,,,I,H,Kaskean,False,False,,no_match,zsk,exact_iso3,,no_match
zsl,,,,I,L,Zambian Sign Language,False,True,,no_match,zsl,exact_iso3,,no_match
zsm,,,,I,L,Standard Malay,False,True,zsm_Arab;zsm_Latn,multi_script,zsm,exact_iso3,,no_match
zsr,,,,I,L,Southern Rincon Zapotec,False,True,zsr_Latn,exact,zsr,exact_iso3,,no_match
zsu,,,,I,L,Sukurum,False,True,,no_match,zsu,exact_iso3,,no_match
zte,,,,I,L,Elotepec Zapotec,False,True,,no_match,zte,exact_iso3,,no_match
ztg,,,,I,L,Xanaguía Zapotec,False,True,,no_match,ztg,exact_iso3,,no_match
ztl,,,,I,L,Lapaguía-Guivini Zapotec,False,True,,no_match,ztl,exact_iso3,,no_match
ztm,,,,I,L,San Agustín Mixtepec Zapotec,False,True,,no_match,ztm,exact_iso3,,no_match
ztn,,,,I,L,Santa Catarina Albarradas Zapotec,False,True,,no_match,ztn,exact_iso3,,no_match
ztp,,,,I,L,Loxicha Zapotec,False,True,,no_match,ztp,exact_iso3,,no_match
ztq,,,,I,L,Quioquitani-Quierí Zapotec,False,True,ztq_Latn,exact,ztq,exact_iso3,,no_match
zts,,,,I,L,Tilquiapan Zapotec,False,True,,no_match,zts,exact_iso3,,no_match
ztt,,,,I,L,Tejalapan Zapotec,False,True,,no_match,ztt,exact_iso3,,no_match
ztu,,,,I,L,Güilá Zapotec,False,True,,no_match,ztu,exact_iso3,,no_match
ztx,,,,I,L,Zaachila Zapotec,False,True,,no_match,ztx,exact_iso3,,no_match
zty,,,,I,L,Yatee Zapotec,False,True,zty_Latn,exact,zty,exact_iso3,,no_match
zuh,,,,I,L,Tokano,False,True,,no_match,zuh,exact_iso3,,no_match
zul,zul,zul,zu,I,L,Zulu,False,True,zul_Latn,exact,zul;zu,matched_multiple:iso3+iso1,zu,matched_via_bcp47
zum,,,,I,L,Kumzari,False,True,,no_match,zum,exact_iso3,,no_match
zun,zun,zun,,I,L,Zuni,False,True,,no_match,zun,exact_iso3,,no_match
zuy,,,,I,L,Zumaya,False,True,,no_match,zuy,exact_iso3,,no_match
zwa,,,,I,L,Zay,False,True,,no_match,zwa,exact_iso3,,no_match
zxx,zxx,zxx,,S,S,No linguistic content,False,False,,no_match,zxx,exact_iso3,,no_match
zyb,,,,I,L,Yongbei Zhuang,False,True,zyb_Latn,exact,zyb,exact_iso3,,no_match
zyg,,,,I,L,Yang Zhuang,False,True,,no_match,zyg,exact_iso3,,no_match
zyj,,,,I,L,Youjiang Zhuang,False,True,,no_match,zyj,exact_iso3,,no_match
zyn,,,,I,L,Yongnan Zhuang,False,True,,no_match,zyn,exact_iso3,,no_match
zyp,,,,I,L,Zyphe Chin,False,True,zyp_Latn,exact,zyp,exact_iso3,,no_match
zza,zza,zza,,M,L,Zaza,True,True,,no_match,zza,exact_iso3,zza,exact_iso3
zzj,,,,I,L,Zuojiang Zhuang,False,True,,no_match,zzj,exact_iso3,,no_match
