iso_639_3,language_name,is_macrolanguage,matched_fineweb2,matched_huggingface,matched_commonvoice,num_sources_matched,any_match_via_iso639_2,matched_sources_label
aaa,Ghotuo,False,False,True,False,1,False,HuggingFace
aab,Alumu-Tesu,False,False,True,False,1,False,HuggingFace
aac,Ari,False,False,True,False,1,False,HuggingFace
aad,Amal,False,False,True,False,1,False,HuggingFace
aae,Arbëreshë Albanian,False,False,True,False,1,False,HuggingFace
aaf,Aranadan,False,False,True,False,1,False,HuggingFace
aag,Ambrak,False,False,True,False,1,False,HuggingFace
aah,Abu' Arapesh,False,False,True,False,1,False,HuggingFace
aai,Arifama-Miniafia,False,True,True,False,2,False,FineWeb-2+HuggingFace
aak,Ankave,False,True,True,False,2,False,FineWeb-2+HuggingFace
aal,Afade,False,False,True,False,1,False,HuggingFace
aan,Anambé,False,False,True,False,1,False,HuggingFace
aao,Algerian Saharan Arabic,False,False,True,False,1,False,HuggingFace
aap,Pará Arára,False,False,True,False,1,False,HuggingFace
aaq,Eastern Abnaki,False,False,True,False,1,False,HuggingFace
aar,Afar,False,False,True,True,2,False,HuggingFace+CommonVoice
aas,Aasáx,False,False,True,False,1,False,HuggingFace
aat,Arvanitika Albanian,False,False,True,True,2,False,HuggingFace+CommonVoice
aau,Abau,False,True,True,False,2,False,FineWeb-2+HuggingFace
aaw,Solong,False,False,True,False,1,False,HuggingFace
aax,Mandobo Atas,False,False,True,False,1,False,HuggingFace
aaz,Amarasi,False,True,True,False,2,False,FineWeb-2+HuggingFace
aba,Abé,False,True,True,False,2,False,FineWeb-2+HuggingFace
abb,Bankon,False,False,True,True,2,False,HuggingFace+CommonVoice
abc,Ambala Ayta,False,False,True,False,1,False,HuggingFace
abd,Manide,False,False,True,False,1,False,HuggingFace
abe,Western Abnaki,False,False,True,False,1,False,HuggingFace
abf,Abai Sungai,False,False,True,False,1,False,HuggingFace
abg,Abaga,False,False,True,False,1,False,HuggingFace
abh,Tajiki Arabic,False,False,True,False,1,False,HuggingFace
abi,Abidji,False,True,True,False,2,False,FineWeb-2+HuggingFace
abj,Aka-Bea,False,False,True,False,1,False,HuggingFace
abk,Abkhazian,False,True,True,True,3,False,FineWeb-2+HuggingFace+CommonVoice
abl,Lampung Nyo,False,False,True,False,1,False,HuggingFace
abm,Abanyom,False,False,True,False,1,False,HuggingFace
abn,Abua,False,True,True,False,2,False,FineWeb-2+HuggingFace
abo,Abon,False,False,True,False,1,False,HuggingFace
abp,Abellen Ayta,False,False,True,False,1,False,HuggingFace
abq,Abaza,False,True,True,True,3,False,FineWeb-2+HuggingFace+CommonVoice
abr,Abron,False,False,True,False,1,False,HuggingFace
abs,Ambonese Malay,False,True,True,False,2,False,FineWeb-2+HuggingFace
abt,Ambulas,False,True,True,False,2,False,FineWeb-2+HuggingFace
abu,Abure,False,False,True,False,1,False,HuggingFace
abv,Baharna Arabic,False,False,True,False,1,False,HuggingFace
abw,Pal,False,False,True,False,1,False,HuggingFace
abx,Inabaknon,False,True,True,False,2,False,FineWeb-2+HuggingFace
aby,Aneme Wake,False,True,True,False,2,False,FineWeb-2+HuggingFace
abz,Abui,False,True,True,False,2,False,FineWeb-2+HuggingFace
aca,Achagua,False,True,True,False,2,False,FineWeb-2+HuggingFace
acb,Áncá,False,False,True,False,1,False,HuggingFace
acd,Gikyode,False,True,True,False,2,False,FineWeb-2+HuggingFace
ace,Achinese,False,True,True,True,3,False,FineWeb-2+HuggingFace+CommonVoice
acf,Saint Lucian Creole French,False,True,True,False,2,False,FineWeb-2+HuggingFace
ach,Acoli,False,True,True,False,2,False,FineWeb-2+HuggingFace
aci,Aka-Cari,False,False,True,False,1,False,HuggingFace
ack,Aka-Kora,False,False,True,False,1,False,HuggingFace
acl,Akar-Bale,False,False,True,False,1,False,HuggingFace
acm,Mesopotamian Arabic,False,True,True,False,2,False,FineWeb-2+HuggingFace
acn,Achang,False,True,True,False,2,False,FineWeb-2+HuggingFace
acp,Eastern Acipa,False,False,True,False,1,False,HuggingFace
acq,Ta'izzi-Adeni Arabic,False,False,True,False,1,False,HuggingFace
acr,Achi,False,True,True,False,2,False,FineWeb-2+HuggingFace
acs,Acroá,False,False,True,False,1,False,HuggingFace
act,Achterhoeks,False,False,True,False,1,False,HuggingFace
acu,Achuar-Shiwiar,False,True,True,False,2,False,FineWeb-2+HuggingFace
acv,Achumawi,False,False,True,False,1,False,HuggingFace
acw,Hijazi Arabic,False,False,True,False,1,False,HuggingFace
acx,Omani Arabic,False,False,True,False,1,False,HuggingFace
acy,Cypriot Arabic,False,False,True,False,1,False,HuggingFace
acz,Acheron,False,False,True,False,1,False,HuggingFace
ada,Adangme,False,True,True,False,2,False,FineWeb-2+HuggingFace
adb,Atauran,False,False,True,False,1,False,HuggingFace
add,Lidzonka,False,False,True,False,1,False,HuggingFace
ade,Adele,False,True,True,False,2,False,FineWeb-2+HuggingFace
adf,Dhofari Arabic,False,False,True,False,1,False,HuggingFace
adg,Andegerebinha,False,False,True,False,1,False,HuggingFace
adh,Adhola,False,True,True,False,2,False,FineWeb-2+HuggingFace
adi,Adi,False,True,True,False,2,False,FineWeb-2+HuggingFace
adj,Adioukrou,False,True,True,False,2,False,FineWeb-2+HuggingFace
adl,Galo,False,True,True,False,2,False,FineWeb-2+HuggingFace
adn,Adang,False,False,True,False,1,False,HuggingFace
ado,Abu,False,False,True,False,1,False,HuggingFace
adq,Adangbe,False,False,True,False,1,False,HuggingFace
adr,Adonara,False,False,True,False,1,False,HuggingFace
ads,Adamorobe Sign Language,False,False,True,False,1,False,HuggingFace
adt,Adnyamathanha,False,False,True,False,1,False,HuggingFace
adu,Aduge,False,False,True,False,1,False,HuggingFace
adw,Amundava,False,False,True,False,1,False,HuggingFace
adx,Amdo Tibetan,False,False,True,False,1,False,HuggingFace
ady,Adyghe,False,True,True,True,3,False,FineWeb-2+HuggingFace+CommonVoice
adz,Adzera,False,True,True,False,2,False,FineWeb-2+HuggingFace
aea,Areba,False,False,True,False,1,False,HuggingFace
aeb,Tunisian Arabic,False,True,True,False,2,False,FineWeb-2+HuggingFace
aec,Saidi Arabic,False,False,True,False,1,False,HuggingFace
aed,Argentine Sign Language,False,False,True,False,1,False,HuggingFace
aee,Northeast Pashai,False,False,True,False,1,False,HuggingFace
aek,Haeke,False,False,True,False,1,False,HuggingFace
ael,Ambele,False,False,True,False,1,False,HuggingFace
aem,Arem,False,False,True,False,1,False,HuggingFace
aen,Armenian Sign Language,False,False,True,False,1,False,HuggingFace
aeq,Aer,False,False,True,False,1,False,HuggingFace
aer,Eastern Arrernte,False,True,True,False,2,False,FineWeb-2+HuggingFace
aes,Alsea,False,False,True,False,1,False,HuggingFace
aeu,Akeu,False,True,True,False,2,False,FineWeb-2+HuggingFace
aew,Ambakich,False,False,True,False,1,False,HuggingFace
aey,Amele,False,True,True,False,2,False,FineWeb-2+HuggingFace
aez,Aeka,False,False,True,False,1,False,HuggingFace
afb,Gulf Arabic,False,False,True,False,1,False,HuggingFace
afd,Andai,False,False,True,False,1,False,HuggingFace
afe,Putukwam,False,False,True,False,1,False,HuggingFace
afg,Afghan Sign Language,False,False,True,False,1,False,HuggingFace
afh,Afrihili,False,False,True,False,1,False,HuggingFace
afi,Akrukay,False,False,True,False,1,False,HuggingFace
afk,Nanubae,False,False,True,False,1,False,HuggingFace
afn,Defaka,False,False,True,False,1,False,HuggingFace
afo,Eloyi,False,False,True,False,1,False,HuggingFace
afp,Tapei,False,False,True,False,1,False,HuggingFace
afr,Afrikaans,False,True,True,True,3,False,FineWeb-2+HuggingFace+CommonVoice
afs,Afro-Seminole Creole,False,False,True,False,1,False,HuggingFace
aft,Afitti,False,False,True,False,1,False,HuggingFace
afu,Awutu,False,False,True,False,1,False,HuggingFace
afz,Obokuitai,False,False,True,False,1,False,HuggingFace
aga,Aguano,False,False,True,False,1,False,HuggingFace
agb,Legbo,False,False,True,False,1,False,HuggingFace
agc,Agatu,False,False,True,False,1,False,HuggingFace
agd,Agarabi,False,True,True,False,2,False,FineWeb-2+HuggingFace
age,Angal,False,False,True,False,1,False,HuggingFace
agf,Arguni,False,False,True,False,1,False,HuggingFace
agg,Angor,False,True,True,False,2,False,FineWeb-2+HuggingFace
agh,Ngelima,False,False,True,False,1,False,HuggingFace
agi,Agariya,False,False,True,False,1,False,HuggingFace
agj,Argobba,False,False,True,False,1,False,HuggingFace
agk,Isarog Agta,False,False,True,False,1,False,HuggingFace
agl,Fembe,False,False,True,False,1,False,HuggingFace
agm,Angaataha,False,True,True,False,2,False,FineWeb-2+HuggingFace
agn,Agutaynen,False,True,True,False,2,False,FineWeb-2+HuggingFace
ago,Tainae,False,False,True,False,1,False,HuggingFace
agq,Aghem,False,False,True,False,1,False,HuggingFace
agr,Aguaruna,False,True,True,False,2,False,FineWeb-2+HuggingFace
ags,Esimbi,False,False,True,False,1,False,HuggingFace
agt,Central Cagayan Agta,False,True,True,False,2,False,FineWeb-2+HuggingFace
agu,Aguacateco,False,True,True,False,2,False,FineWeb-2+HuggingFace
agv,Remontado Dumagat,False,False,True,False,1,False,HuggingFace
agw,Kahua,False,True,True,False,2,False,FineWeb-2+HuggingFace
agx,Aghul,False,True,True,False,2,False,FineWeb-2+HuggingFace
agy,Southern Alta,False,False,True,False,1,False,HuggingFace
agz,Mt. Iriga Agta,False,False,True,False,1,False,HuggingFace
aha,Ahanta,False,True,True,False,2,False,FineWeb-2+HuggingFace
ahb,Axamb,False,False,True,False,1,False,HuggingFace
ahg,Qimant,False,False,True,False,1,False,HuggingFace
ahh,Aghu,False,False,True,False,1,False,HuggingFace
ahi,Tiagbamrin Aizi,False,False,True,False,1,False,HuggingFace
ahk,Akha,False,True,True,False,2,False,FineWeb-2+HuggingFace
ahl,Igo,False,False,True,False,1,False,HuggingFace
ahm,Mobumrin Aizi,False,False,True,False,1,False,HuggingFace
ahn,Àhàn,False,False,True,False,1,False,HuggingFace
aho,Ahom,False,False,True,False,1,False,HuggingFace
ahp,Aproumu Aizi,False,False,True,False,1,False,HuggingFace
ahr,Ahirani,False,False,True,False,1,False,HuggingFace
ahs,Ashe,False,False,True,False,1,False,HuggingFace
aht,Ahtena,False,False,True,False,1,False,HuggingFace
aia,Arosi,False,True,True,False,2,False,FineWeb-2+HuggingFace
aib,Ainu (China),False,False,True,False,1,False,HuggingFace
aic,Ainbai,False,False,True,False,1,False,HuggingFace
aid,Alngith,False,False,True,False,1,False,HuggingFace
aie,Amara,False,False,True,False,1,False,HuggingFace
aif,Agi,False,False,True,False,1,False,HuggingFace
aig,Antigua and Barbuda Creole English,False,False,True,False,1,False,HuggingFace
aih,Ai-Cham,False,False,True,False,1,False,HuggingFace
aii,Assyrian Neo-Aramaic,False,True,True,True,3,False,FineWeb-2+HuggingFace+CommonVoice
aij,Lishanid Noshan,False,False,True,False,1,False,HuggingFace
aik,Ake,False,False,True,False,1,False,HuggingFace
ail,Aimele,False,False,True,False,1,False,HuggingFace
aim,Aimol,False,True,True,False,2,False,FineWeb-2+HuggingFace
ain,Ainu (Japan),False,True,True,False,2,False,FineWeb-2+HuggingFace
aio,Aiton,False,False,True,False,1,False,HuggingFace
aip,Burumakok,False,False,True,False,1,False,HuggingFace
aiq,Aimaq,False,False,True,False,1,False,HuggingFace
air,Airoran,False,False,True,False,1,False,HuggingFace
ait,Arikem,False,False,True,False,1,False,HuggingFace
aiw,Aari,False,False,True,False,1,False,HuggingFace
aix,Aighon,False,False,True,False,1,False,HuggingFace
aiy,Ali,False,False,True,False,1,False,HuggingFace
aja,Aja (South Sudan),False,False,True,False,1,False,HuggingFace
ajg,Aja (Benin),False,True,True,True,3,False,FineWeb-2+HuggingFace+CommonVoice
aji,Ajië,False,True,True,False,2,False,FineWeb-2+HuggingFace
ajn,Andajin,False,False,True,False,1,False,HuggingFace
ajs,Algerian Jewish Sign Language,False,False,True,False,1,False,HuggingFace
aju,Judeo-Moroccan Arabic,False,False,True,False,1,False,HuggingFace
ajw,Ajawa,False,False,True,False,1,False,HuggingFace
ajz,Amri Karbi,False,True,True,False,2,False,FineWeb-2+HuggingFace
aka,Akan,True,False,True,False,1,False,HuggingFace
akb,Batak Angkola,False,True,True,False,2,False,FineWeb-2+HuggingFace
akc,Mpur,False,False,True,False,1,False,HuggingFace
akd,Ukpet-Ehom,False,False,True,False,1,False,HuggingFace
ake,Akawaio,False,True,True,False,2,False,FineWeb-2+HuggingFace
akf,Akpa,False,False,True,False,1,False,HuggingFace
akg,Anakalangu,False,False,True,False,1,False,HuggingFace
akh,Angal Heneng,False,True,True,False,2,False,FineWeb-2+HuggingFace
aki,Aiome,False,False,True,False,1,False,HuggingFace
akj,Aka-Jeru,False,False,True,False,1,False,HuggingFace
akk,Akkadian,False,False,True,False,1,False,HuggingFace
akl,Aklanon,False,False,True,False,1,False,HuggingFace
akm,Aka-Bo,False,False,True,False,1,False,HuggingFace
ako,Akurio,False,False,True,False,1,False,HuggingFace
akp,Siwu,False,True,True,False,2,False,FineWeb-2+HuggingFace
akq,Ak,False,False,True,False,1,False,HuggingFace
akr,Araki,False,False,True,False,1,False,HuggingFace
aks,Akaselem,False,False,True,False,1,False,HuggingFace
akt,Akolet,False,False,True,False,1,False,HuggingFace
aku,Akum,False,False,True,False,1,False,HuggingFace
akv,Akhvakh,False,False,True,False,1,False,HuggingFace
akw,Akwa,False,False,True,False,1,False,HuggingFace
akx,Aka-Kede,False,False,True,False,1,False,HuggingFace
aky,Aka-Kol,False,False,True,False,1,False,HuggingFace
akz,Alabama,False,False,True,False,1,False,HuggingFace
ala,Alago,False,False,True,False,1,False,HuggingFace
alc,Qawasqar,False,False,True,False,1,False,HuggingFace
ald,Alladian,False,False,True,False,1,False,HuggingFace
ale,Aleut,False,False,True,False,1,False,HuggingFace
alf,Alege,False,False,True,False,1,False,HuggingFace
alh,Alawa,False,False,True,False,1,False,HuggingFace
ali,Amaimon,False,False,True,False,1,False,HuggingFace
alj,Alangan,False,True,True,False,2,False,FineWeb-2+HuggingFace
alk,Alak,False,False,True,False,1,False,HuggingFace
all,Allar,False,False,True,False,1,False,HuggingFace
alm,Amblong,False,False,True,False,1,False,HuggingFace
aln,Gheg Albanian,False,True,True,True,3,False,FineWeb-2+HuggingFace+CommonVoice
alo,Larike-Wakasihu,False,False,True,False,1,False,HuggingFace
alp,Alune,False,True,True,False,2,False,FineWeb-2+HuggingFace
alq,Algonquin,False,True,True,False,2,False,FineWeb-2+HuggingFace
alr,Alutor,False,False,True,False,1,False,HuggingFace
als,Tosk Albanian,False,True,True,False,2,False,FineWeb-2+HuggingFace
alt,Southern Altai,False,True,True,False,2,False,FineWeb-2+HuggingFace
alu,'Are'are,False,False,True,False,1,False,HuggingFace
alw,Alaba-K’abeena,False,False,True,False,1,False,HuggingFace
alx,Amol,False,False,True,False,1,False,HuggingFace
aly,Alyawarr,False,True,True,False,2,False,FineWeb-2+HuggingFace
alz,Alur,False,True,True,False,2,False,FineWeb-2+HuggingFace
ama,Amanayé,False,False,True,False,1,False,HuggingFace
amb,Ambo,False,False,True,False,1,False,HuggingFace
amc,Amahuaca,False,False,True,False,1,False,HuggingFace
ame,Yanesha',False,True,True,False,2,False,FineWeb-2+HuggingFace
amf,Hamer-Banna,False,True,True,False,2,False,FineWeb-2+HuggingFace
amg,Amurdak,False,False,True,False,1,False,HuggingFace
amh,Amharic,False,True,True,True,3,False,FineWeb-2+HuggingFace+CommonVoice
ami,Amis,False,True,True,False,2,False,FineWeb-2+HuggingFace
amj,Amdang,False,False,True,False,1,False,HuggingFace
amk,Ambai,False,True,True,False,2,False,FineWeb-2+HuggingFace
aml,War-Jaintia,False,False,True,False,1,False,HuggingFace
amm,Ama (Papua New Guinea),False,True,True,False,2,False,FineWeb-2+HuggingFace
amn,Amanab,False,True,True,False,2,False,FineWeb-2+HuggingFace
amo,Amo,False,False,True,False,1,False,HuggingFace
amp,Alamblak,False,True,True,False,2,False,FineWeb-2+HuggingFace
amq,Amahai,False,False,True,False,1,False,HuggingFace
amr,Amarakaeri,False,True,True,False,2,False,FineWeb-2+HuggingFace
ams,Southern Amami-Oshima,False,False,True,False,1,False,HuggingFace
amt,Amto,False,False,True,False,1,False,HuggingFace
amu,Guerrero Amuzgo,False,True,True,False,2,False,FineWeb-2+HuggingFace
amv,Ambelau,False,False,True,False,1,False,HuggingFace
amw,Western Neo-Aramaic,False,False,True,False,1,False,HuggingFace
amx,Anmatyerre,False,True,True,False,2,False,FineWeb-2+HuggingFace
amy,Ami,False,False,True,False,1,False,HuggingFace
amz,Atampaya,False,False,True,False,1,False,HuggingFace
ana,Andaqui,False,False,True,False,1,False,HuggingFace
anb,Andoa,False,False,True,False,1,False,HuggingFace
anc,Ngas,False,False,True,False,1,False,HuggingFace
and,Ansus,False,False,True,False,1,False,HuggingFace
ane,Xârâcùù,False,False,True,False,1,False,HuggingFace
anf,Animere,False,False,True,False,1,False,HuggingFace
ang,Old English (ca. 450-1100),False,True,True,False,2,False,FineWeb-2+HuggingFace
anh,Nend,False,False,True,False,1,False,HuggingFace
ani,Andi,False,False,True,False,1,False,HuggingFace
anj,Anor,False,False,True,False,1,False,HuggingFace
ank,Goemai,False,False,True,False,1,False,HuggingFace
anl,Anu-Hkongso Chin,False,False,True,False,1,False,HuggingFace
anm,Anal,False,True,True,False,2,False,FineWeb-2+HuggingFace
ann,Obolo,False,True,True,False,2,False,FineWeb-2+HuggingFace
ano,Andoque,False,False,True,False,1,False,HuggingFace
anp,Angika,False,True,True,False,2,False,FineWeb-2+HuggingFace
anq,Jarawa (India),False,False,True,False,1,False,HuggingFace
anr,Andh,False,False,True,False,1,False,HuggingFace
ans,Anserma,False,False,True,False,1,False,HuggingFace
ant,Antakarinya,False,False,True,False,1,False,HuggingFace
anu,Anuak,False,False,True,False,1,False,HuggingFace
anv,Denya,False,True,True,False,2,False,FineWeb-2+HuggingFace
anw,Anaang,False,False,True,False,1,False,HuggingFace
anx,Andra-Hus,False,False,True,False,1,False,HuggingFace
any,Anyin,False,True,True,False,2,False,FineWeb-2+HuggingFace
anz,Anem,False,False,True,False,1,False,HuggingFace
aoa,Angolar,False,False,True,False,1,False,HuggingFace
aob,Abom,False,False,True,False,1,False,HuggingFace
aoc,Pemon,False,False,True,False,1,False,HuggingFace
aod,Andarum,False,False,True,False,1,False,HuggingFace
aoe,Angal Enen,False,False,True,False,1,False,HuggingFace
aof,Bragat,False,False,True,False,1,False,HuggingFace
aog,Angoram,False,False,True,False,1,False,HuggingFace
aoi,Anindilyakwa,False,True,True,False,2,False,FineWeb-2+HuggingFace
aoj,Mufian,False,True,True,False,2,False,FineWeb-2+HuggingFace
aok,Arhö,False,False,True,False,1,False,HuggingFace
aol,Alor,False,False,True,False,1,False,HuggingFace
aom,Ömie,False,True,True,False,2,False,FineWeb-2+HuggingFace
aon,Bumbita Arapesh,False,False,True,False,1,False,HuggingFace
aor,Aore,False,False,True,False,1,False,HuggingFace
aos,Taikat,False,False,True,False,1,False,HuggingFace
aot,Atong (India),False,False,True,False,1,False,HuggingFace
aou,A'ou,False,False,True,False,1,False,HuggingFace
aox,Atorada,False,False,True,False,1,False,HuggingFace
aoz,Uab Meto,False,True,True,False,2,False,FineWeb-2+HuggingFace
apb,Sa'a,False,True,True,False,2,False,FineWeb-2+HuggingFace
apc,Levantine Arabic,False,True,True,False,2,False,FineWeb-2+HuggingFace
apd,Sudanese Arabic,False,False,True,False,1,False,HuggingFace
ape,Bukiyip,False,True,True,False,2,False,FineWeb-2+HuggingFace
apf,Pahanan Agta,False,False,True,False,1,False,HuggingFace
apg,Ampanang,False,False,True,False,1,False,HuggingFace
aph,Athpariya,False,False,True,False,1,False,HuggingFace
api,Apiaká,False,False,True,False,1,False,HuggingFace
apj,Jicarilla Apache,False,False,True,False,1,False,HuggingFace
apk,Kiowa Apache,False,False,True,False,1,False,HuggingFace
apl,Lipan Apache,False,False,True,False,1,False,HuggingFace
apm,Mescalero-Chiricahua Apache,False,False,True,False,1,False,HuggingFace
apn,Apinayé,False,True,True,False,2,False,FineWeb-2+HuggingFace
apo,Ambul,False,False,True,False,1,False,HuggingFace
app,Apma,False,False,True,False,1,False,HuggingFace
apq,A-Pucikwar,False,False,True,False,1,False,HuggingFace
apr,Arop-Lokep,False,True,True,False,2,False,FineWeb-2+HuggingFace
aps,Arop-Sissano,False,False,True,False,1,False,HuggingFace
apt,Apatani,False,True,True,False,2,False,FineWeb-2+HuggingFace
apu,Apurinã,False,True,True,False,2,False,FineWeb-2+HuggingFace
apv,Alapmunte,False,False,True,False,1,False,HuggingFace
apw,Western Apache,False,True,True,False,2,False,FineWeb-2+HuggingFace
apx,Aputai,False,False,True,False,1,False,HuggingFace
apy,Apalaí,False,True,True,False,2,False,FineWeb-2+HuggingFace
apz,Safeyoka,False,True,True,False,2,False,FineWeb-2+HuggingFace
aqc,Archi,False,False,True,False,1,False,HuggingFace
aqd,Ampari Dogon,False,False,True,False,1,False,HuggingFace
aqg,Arigidi,False,False,True,False,1,False,HuggingFace
aqk,Aninka,False,False,True,False,1,False,HuggingFace
aqm,Atohwaim,False,False,True,False,1,False,HuggingFace
aqn,Northern Alta,False,False,True,False,1,False,HuggingFace
aqp,Atakapa,False,False,True,False,1,False,HuggingFace
aqr,Arhâ,False,False,True,False,1,False,HuggingFace
aqt,Angaité,False,False,True,False,1,False,HuggingFace
aqz,Akuntsu,False,False,True,False,1,False,HuggingFace
ara,Arabic,True,False,True,True,2,False,HuggingFace+CommonVoice
arb,Standard Arabic,False,True,True,False,2,False,FineWeb-2+HuggingFace
arc,Official Aramaic (700-300 BCE),False,False,True,False,1,False,HuggingFace
ard,Arabana,False,False,True,False,1,False,HuggingFace
are,Western Arrarnta,False,True,True,False,2,False,FineWeb-2+HuggingFace
arg,Aragonese,False,True,True,True,3,False,FineWeb-2+HuggingFace+CommonVoice
arh,Arhuaco,False,False,True,False,1,False,HuggingFace
ari,Arikara,False,False,True,False,1,False,HuggingFace
arj,Arapaso,False,False,True,False,1,False,HuggingFace
ark,Arikapú,False,False,True,False,1,False,HuggingFace
arl,Arabela,False,True,True,False,2,False,FineWeb-2+HuggingFace
arn,Mapudungun,False,True,True,True,3,False,FineWeb-2+HuggingFace+CommonVoice
aro,Araona,False,False,True,False,1,False,HuggingFace
arp,Arapaho,False,True,True,False,2,False,FineWeb-2+HuggingFace
arq,Algerian Arabic,False,True,True,False,2,False,FineWeb-2+HuggingFace
arr,Karo (Brazil),False,False,True,False,1,False,HuggingFace
ars,Najdi Arabic,False,True,True,False,2,False,FineWeb-2+HuggingFace
aru,Aruá (Amazonas State),False,False,True,False,1,False,HuggingFace
arv,Arbore,False,False,True,False,1,False,HuggingFace
arw,Arawak,False,False,True,False,1,False,HuggingFace
arx,Aruá (Rodonia State),False,False,True,False,1,False,HuggingFace
ary,Moroccan Arabic,False,True,True,False,2,False,FineWeb-2+HuggingFace
arz,Egyptian Arabic,False,True,True,False,2,False,FineWeb-2+HuggingFace
asa,Asu (Tanzania),False,False,True,False,1,False,HuggingFace
asb,Assiniboine,False,False,True,False,1,False,HuggingFace
asc,Casuarina Coast Asmat,False,False,True,False,1,False,HuggingFace
ase,American Sign Language,False,False,True,False,1,False,HuggingFace
asf,Auslan,False,False,True,False,1,False,HuggingFace
asg,Cishingini,False,True,True,False,2,False,FineWeb-2+HuggingFace
ash,Abishira,False,False,True,False,1,False,HuggingFace
asi,Buruwai,False,False,True,False,1,False,HuggingFace
asj,Sari,False,False,True,False,1,False,HuggingFace
ask,Ashkun,False,False,True,False,1,False,HuggingFace
asl,Asilulu,False,False,True,False,1,False,HuggingFace
asm,Assamese,False,True,True,True,3,False,FineWeb-2+HuggingFace+CommonVoice
asn,Xingú Asuriní,False,False,True,False,1,False,HuggingFace
aso,Dano,False,True,True,False,2,False,FineWeb-2+HuggingFace
asp,Algerian Sign Language,False,False,True,False,1,False,HuggingFace
asq,Austrian Sign Language,False,False,True,False,1,False,HuggingFace
asr,Asuri,False,False,True,False,1,False,HuggingFace
ass,Ipulo,False,False,True,False,1,False,HuggingFace
ast,Asturian,False,True,True,True,3,False,FineWeb-2+HuggingFace+CommonVoice
asu,Tocantins Asurini,False,False,True,False,1,False,HuggingFace
asv,Asoa,False,False,True,False,1,False,HuggingFace
asw,Australian Aborigines Sign Language,False,False,True,False,1,False,HuggingFace
asx,Muratayak,False,False,True,False,1,False,HuggingFace
asy,Yaosakor Asmat,False,False,True,False,1,False,HuggingFace
asz,As,False,False,True,False,1,False,HuggingFace
ata,Pele-Ata,False,True,True,False,2,False,FineWeb-2+HuggingFace
atb,Zaiwa,False,True,True,False,2,False,FineWeb-2+HuggingFace
atc,Atsahuaca,False,False,True,False,1,False,HuggingFace
atd,Ata Manobo,False,True,True,False,2,False,FineWeb-2+HuggingFace
ate,Atemble,False,False,True,False,1,False,HuggingFace
atg,Ivbie North-Okpela-Arhe,False,True,True,False,2,False,FineWeb-2+HuggingFace
ati,Attié,False,True,True,False,2,False,FineWeb-2+HuggingFace
atj,Atikamekw,False,True,True,False,2,False,FineWeb-2+HuggingFace
atk,Ati,False,False,True,False,1,False,HuggingFace
atl,Mt. Iraya Agta,False,False,True,False,1,False,HuggingFace
atm,Ata,False,False,True,False,1,False,HuggingFace
atn,Ashtiani,False,False,True,False,1,False,HuggingFace
ato,Atong (Cameroon),False,False,True,False,1,False,HuggingFace
atp,Pudtol Atta,False,False,True,False,1,False,HuggingFace
atq,Aralle-Tabulahan,False,True,True,False,2,False,FineWeb-2+HuggingFace
atr,Waimiri-Atroari,False,False,True,False,1,False,HuggingFace
ats,Gros Ventre,False,False,True,False,1,False,HuggingFace
att,Pamplona Atta,False,True,True,False,2,False,FineWeb-2+HuggingFace
atu,Reel,False,False,True,False,1,False,HuggingFace
atv,Northern Altai,False,False,True,False,1,False,HuggingFace
atw,Atsugewi,False,False,True,False,1,False,HuggingFace
atx,Arutani,False,False,True,False,1,False,HuggingFace
aty,Aneityum,False,False,True,False,1,False,HuggingFace
atz,Arta,False,False,True,False,1,False,HuggingFace
aua,Asumboa,False,False,True,False,1,False,HuggingFace
aub,Alugu,False,False,True,False,1,False,HuggingFace
auc,Waorani,False,True,True,False,2,False,FineWeb-2+HuggingFace
aud,Anuta,False,False,True,False,1,False,HuggingFace
aug,Aguna,False,False,True,False,1,False,HuggingFace
auh,Aushi,False,False,True,False,1,False,HuggingFace
aui,Anuki,False,True,True,False,2,False,FineWeb-2+HuggingFace
auj,Awjilah,False,False,True,False,1,False,HuggingFace
auk,Heyo,False,False,True,False,1,False,HuggingFace
aul,Aulua,False,False,True,False,1,False,HuggingFace
aum,Asu (Nigeria),False,False,True,False,1,False,HuggingFace
aun,Molmo One,False,False,True,False,1,False,HuggingFace
auo,Auyokawa,False,False,True,False,1,False,HuggingFace
aup,Makayam,False,False,True,False,1,False,HuggingFace
auq,Anus,False,False,True,False,1,False,HuggingFace
aur,Aruek,False,False,True,False,1,False,HuggingFace
aut,Austral,False,False,True,False,1,False,HuggingFace
auu,Auye,False,False,True,False,1,False,HuggingFace
auw,Awyi,False,False,True,False,1,False,HuggingFace
aux,Aurá,False,False,True,False,1,False,HuggingFace
auy,Awiyaana,False,True,True,False,2,False,FineWeb-2+HuggingFace
auz,Uzbeki Arabic,False,False,True,False,1,False,HuggingFace
ava,Avaric,False,True,True,False,2,False,FineWeb-2+HuggingFace
avb,Avau,False,False,True,False,1,False,HuggingFace
avd,Alviri-Vidari,False,False,True,False,1,False,HuggingFace
ave,Avestan,False,False,True,False,1,False,HuggingFace
avi,Avikam,False,False,True,False,1,False,HuggingFace
avk,Kotava,False,True,True,False,2,False,FineWeb-2+HuggingFace
avl,Eastern Egyptian Bedawi Arabic,False,False,True,False,1,False,HuggingFace
avm,Angkamuthi,False,False,True,False,1,False,HuggingFace
avn,Avatime,False,True,True,False,2,False,FineWeb-2+HuggingFace
avo,Agavotaguerra,False,False,True,False,1,False,HuggingFace
avs,Aushiri,False,False,True,False,1,False,HuggingFace
avt,Au,False,True,True,False,2,False,FineWeb-2+HuggingFace
avu,Avokaya,False,True,True,False,2,False,FineWeb-2+HuggingFace
avv,Avá-Canoeiro,False,False,True,False,1,False,HuggingFace
awa,Awadhi,False,True,True,False,2,False,FineWeb-2+HuggingFace
awb,Awa (Papua New Guinea),False,True,True,False,2,False,FineWeb-2+HuggingFace
awc,Cicipu,False,False,True,False,1,False,HuggingFace
awe,Awetí,False,False,True,False,1,False,HuggingFace
awg,Anguthimri,False,False,True,False,1,False,HuggingFace
awh,Awbono,False,False,True,False,1,False,HuggingFace
awi,Aekyom,False,False,True,False,1,False,HuggingFace
awk,Awabakal,False,False,True,False,1,False,HuggingFace
awm,Arawum,False,False,True,False,1,False,HuggingFace
awn,Awngi,False,False,True,False,1,False,HuggingFace
awo,Awak,False,False,True,False,1,False,HuggingFace
awr,Awera,False,False,True,False,1,False,HuggingFace
aws,South Awyu,False,False,True,False,1,False,HuggingFace
awt,Araweté,False,False,True,False,1,False,HuggingFace
awu,Central Awyu,False,False,True,False,1,False,HuggingFace
awv,Jair Awyu,False,False,True,False,1,False,HuggingFace
aww,Awun,False,False,True,False,1,False,HuggingFace
awx,Awara,False,True,True,False,2,False,FineWeb-2+HuggingFace
awy,Edera Awyu,False,False,True,False,1,False,HuggingFace
axb,Abipon,False,False,True,False,1,False,HuggingFace
axe,Ayerrerenge,False,False,True,False,1,False,HuggingFace
axg,Mato Grosso Arára,False,False,True,False,1,False,HuggingFace
axk,Yaka (Central African Republic),False,False,True,False,1,False,HuggingFace
axl,Lower Southern Aranda,False,False,True,False,1,False,HuggingFace
axm,Middle Armenian,False,False,True,False,1,False,HuggingFace
axx,Xârâgurè,False,False,True,False,1,False,HuggingFace
aya,Awar,False,False,True,False,1,False,HuggingFace
ayb,Ayizo Gbe,False,False,True,False,1,False,HuggingFace
ayc,Southern Aymara,False,False,True,False,1,False,HuggingFace
ayd,Ayabadhu,False,False,True,False,1,False,HuggingFace
aye,Ayere,False,False,True,False,1,False,HuggingFace
ayg,Ginyanga,False,False,True,False,1,False,HuggingFace
ayh,Hadrami Arabic,False,False,True,False,1,False,HuggingFace
ayi,Leyigha,False,False,True,False,1,False,HuggingFace
ayk,Akuku,False,False,True,False,1,False,HuggingFace
ayl,Libyan Arabic,False,False,True,False,1,False,HuggingFace
aym,Aymara,True,False,True,False,1,False,HuggingFace
ayn,Sanaani Arabic,False,False,True,False,1,False,HuggingFace
ayo,Ayoreo,False,True,True,False,2,False,FineWeb-2+HuggingFace
ayp,North Mesopotamian Arabic,False,True,True,False,2,False,FineWeb-2+HuggingFace
ayq,Ayi (Papua New Guinea),False,False,True,False,1,False,HuggingFace
ayr,Central Aymara,False,True,True,False,2,False,FineWeb-2+HuggingFace
ays,Sorsogon Ayta,False,False,True,False,1,False,HuggingFace
ayt,Magbukun Ayta,False,False,True,False,1,False,HuggingFace
ayu,Ayu,False,False,True,False,1,False,HuggingFace
ayz,Mai Brat,False,False,True,False,1,False,HuggingFace
aza,Azha,False,False,True,False,1,False,HuggingFace
azb,South Azerbaijani,False,True,True,False,2,False,FineWeb-2+HuggingFace
azd,Eastern Durango Nahuatl,False,False,True,False,1,False,HuggingFace
aze,Azerbaijani,True,False,True,True,2,False,HuggingFace+CommonVoice
azg,San Pedro Amuzgos Amuzgo,False,True,True,False,2,False,FineWeb-2+HuggingFace
azj,North Azerbaijani,False,True,True,False,2,False,FineWeb-2+HuggingFace
azm,Ipalapa Amuzgo,False,False,True,False,1,False,HuggingFace
azn,Western Durango Nahuatl,False,False,True,False,1,False,HuggingFace
azo,Awing,False,False,True,False,1,False,HuggingFace
azt,Faire Atta,False,False,True,False,1,False,HuggingFace
azz,Highland Puebla Nahuatl,False,True,True,True,3,False,FineWeb-2+HuggingFace+CommonVoice
baa,Babatana,False,False,True,False,1,False,HuggingFace
bab,Bainouk-Gunyuño,False,False,True,False,1,False,HuggingFace
bac,Badui,False,False,True,False,1,False,HuggingFace
bae,Baré,False,False,True,False,1,False,HuggingFace
baf,Nubaca,False,False,True,False,1,False,HuggingFace
bag,Tuki,False,False,True,True,2,False,HuggingFace+CommonVoice
bah,Bahamas Creole English,False,False,True,False,1,False,HuggingFace
baj,Barakai,False,False,True,False,1,False,HuggingFace
bak,Bashkir,False,True,True,True,3,False,FineWeb-2+HuggingFace+CommonVoice
bal,Baluchi,True,False,True,True,2,False,HuggingFace+CommonVoice
bam,Bambara,False,True,True,True,3,False,FineWeb-2+HuggingFace+CommonVoice
ban,Balinese,False,True,True,False,2,False,FineWeb-2+HuggingFace
bao,Waimaha,False,True,True,False,2,False,FineWeb-2+HuggingFace
bap,Bantawa,False,False,True,False,1,False,HuggingFace
bar,Bavarian,False,True,True,False,2,False,FineWeb-2+HuggingFace
bas,Basa (Cameroon),False,True,True,True,3,False,FineWeb-2+HuggingFace+CommonVoice
bau,Bada (Nigeria),False,False,True,False,1,False,HuggingFace
bav,Vengo,False,True,True,False,2,False,FineWeb-2+HuggingFace
baw,Bambili-Bambui,False,False,True,False,1,False,HuggingFace
bax,Bamun,False,False,True,True,2,False,HuggingFace+CommonVoice
bay,Batuley,False,False,True,False,1,False,HuggingFace
bba,Baatonum,False,True,True,True,3,False,FineWeb-2+HuggingFace+CommonVoice
bbb,Barai,False,True,True,False,2,False,FineWeb-2+HuggingFace
bbc,Batak Toba,False,True,True,False,2,False,FineWeb-2+HuggingFace
bbd,Bau,False,False,True,False,1,False,HuggingFace
bbe,Bangba,False,False,True,False,1,False,HuggingFace
bbf,Baibai,False,False,True,False,1,False,HuggingFace
bbg,Barama,False,False,True,False,1,False,HuggingFace
bbh,Bugan,False,False,True,False,1,False,HuggingFace
bbi,Barombi,False,False,True,False,1,False,HuggingFace
bbj,Ghomálá',False,True,True,True,3,False,FineWeb-2+HuggingFace+CommonVoice
bbk,Babanki,False,True,True,False,2,False,FineWeb-2+HuggingFace
bbl,Bats,False,False,True,True,2,False,HuggingFace+CommonVoice
bbm,Babango,False,False,True,False,1,False,HuggingFace
bbn,Uneapa,False,False,True,False,1,False,HuggingFace
bbo,Northern Bobo Madaré,False,True,True,False,2,False,FineWeb-2+HuggingFace
bbp,West Central Banda,False,False,True,False,1,False,HuggingFace
bbq,Bamali,False,False,True,False,1,False,HuggingFace
bbr,Girawa,False,True,True,False,2,False,FineWeb-2+HuggingFace
bbs,Bakpinka,False,False,True,False,1,False,HuggingFace
bbt,Mburku,False,False,True,False,1,False,HuggingFace
bbu,Kulung (Nigeria),False,False,True,False,1,False,HuggingFace
bbv,Karnai,False,False,True,False,1,False,HuggingFace
bbw,Baba,False,False,True,False,1,False,HuggingFace
bbx,Bubia,False,False,True,False,1,False,HuggingFace
bby,Befang,False,False,True,False,1,False,HuggingFace
bca,Central Bai,False,False,True,False,1,False,HuggingFace
bcb,Bainouk-Samik,False,False,True,False,1,False,HuggingFace
bcc,Southern Balochi,False,False,True,False,1,False,HuggingFace
bcd,North Babar,False,False,True,False,1,False,HuggingFace
bce,Bamenyam,False,False,True,True,2,False,HuggingFace+CommonVoice
bcf,Bamu,False,False,True,False,1,False,HuggingFace
bcg,Baga Pokur,False,False,True,False,1,False,HuggingFace
bch,Bariai,False,True,True,False,2,False,FineWeb-2+HuggingFace
bci,Baoulé,False,True,True,True,3,False,FineWeb-2+HuggingFace+CommonVoice
bcj,Bardi,False,False,True,False,1,False,HuggingFace
bck,Bunuba,False,False,True,False,1,False,HuggingFace
bcl,Central Bikol,False,True,True,False,2,False,FineWeb-2+HuggingFace
bcm,Bannoni,False,False,True,False,1,False,HuggingFace
bcn,Bali (Nigeria),False,False,True,False,1,False,HuggingFace
bco,Kaluli,False,True,True,False,2,False,FineWeb-2+HuggingFace
bcp,Bali (Democratic Republic of Congo),False,False,True,False,1,False,HuggingFace
bcq,Bench,False,False,True,False,1,False,HuggingFace
bcr,Babine,False,False,True,False,1,False,HuggingFace
bcs,Kohumono,False,False,True,False,1,False,HuggingFace
bct,Bendi,False,False,True,False,1,False,HuggingFace
bcu,Awad Bing,False,False,True,False,1,False,HuggingFace
bcv,Shoo-Minda-Nye,False,False,True,False,1,False,HuggingFace
bcw,Bana,False,True,True,False,2,False,FineWeb-2+HuggingFace
bcy,Bacama,False,False,True,False,1,False,HuggingFace
bcz,Bainouk-Gunyaamolo,False,False,True,False,1,False,HuggingFace
bda,Bayot,False,False,True,False,1,False,HuggingFace
bdb,Basap,False,False,True,False,1,False,HuggingFace
bdc,Emberá-Baudó,False,False,True,False,1,False,HuggingFace
bdd,Bunama,False,True,True,False,2,False,FineWeb-2+HuggingFace
bde,Bade,False,False,True,False,1,False,HuggingFace
bdf,Biage,False,False,True,False,1,False,HuggingFace
bdg,Bonggi,False,False,True,False,1,False,HuggingFace
bdh,Baka (South Sudan),False,True,True,False,2,False,FineWeb-2+HuggingFace
bdi,Burun,False,False,True,False,1,False,HuggingFace
bdj,Bai (South Sudan),False,False,True,False,1,False,HuggingFace
bdk,Budukh,False,False,True,False,1,False,HuggingFace
bdl,Indonesian Bajau,False,False,True,False,1,False,HuggingFace
bdm,Buduma,False,False,True,False,1,False,HuggingFace
bdn,Baldemu,False,False,True,False,1,False,HuggingFace
bdo,Morom,False,False,True,False,1,False,HuggingFace
bdp,Bende,False,False,True,False,1,False,HuggingFace
bdq,Bahnar,False,True,True,False,2,False,FineWeb-2+HuggingFace
bdr,West Coast Bajau,False,False,True,False,1,False,HuggingFace
bds,Burunge,False,False,True,False,1,False,HuggingFace
bdt,Bokoto,False,False,True,False,1,False,HuggingFace
bdu,Oroko,False,False,True,False,1,False,HuggingFace
bdv,Bodo Parja,False,False,True,False,1,False,HuggingFace
bdw,Baham,False,False,True,False,1,False,HuggingFace
bdx,Budong-Budong,False,False,True,False,1,False,HuggingFace
bdy,Bandjalang,False,False,True,False,1,False,HuggingFace
bdz,Badeshi,False,False,True,False,1,False,HuggingFace
bea,Beaver,False,True,True,False,2,False,FineWeb-2+HuggingFace
beb,Bebele,False,False,True,True,2,False,HuggingFace+CommonVoice
bec,Iceve-Maci,False,False,True,False,1,False,HuggingFace
bed,Bedoanas,False,False,True,False,1,False,HuggingFace
bee,Byangsi,False,False,True,False,1,False,HuggingFace
bef,Benabena,False,True,True,False,2,False,FineWeb-2+HuggingFace
beg,Belait,False,False,True,False,1,False,HuggingFace
beh,Biali,False,False,True,False,1,False,HuggingFace
bei,Bekati',False,False,True,False,1,False,HuggingFace
bej,Beja,False,False,True,False,1,False,HuggingFace
bek,Bebeli,False,False,True,False,1,False,HuggingFace
bel,Belarusian,False,True,True,True,3,False,FineWeb-2+HuggingFace+CommonVoice
bem,Bemba (Zambia),False,True,True,False,2,False,FineWeb-2+HuggingFace
ben,Bengali,False,True,True,True,3,False,FineWeb-2+HuggingFace+CommonVoice
beo,Beami,False,False,True,False,1,False,HuggingFace
bep,Besoa,False,False,True,False,1,False,HuggingFace
beq,Beembe,False,True,True,False,2,False,FineWeb-2+HuggingFace
bes,Besme,False,False,True,False,1,False,HuggingFace
bet,Guiberoua Béte,False,False,True,False,1,False,HuggingFace
beu,Blagar,False,False,True,False,1,False,HuggingFace
bev,Daloa Bété,False,False,True,False,1,False,HuggingFace
bew,Betawi,False,True,True,True,3,False,FineWeb-2+HuggingFace+CommonVoice
bex,Jur Modo,False,True,True,False,2,False,FineWeb-2+HuggingFace
bey,Beli (Papua New Guinea),False,False,True,False,1,False,HuggingFace
bez,Bena (Tanzania),False,False,True,False,1,False,HuggingFace
bfa,Bari,False,False,True,False,1,False,HuggingFace
bfb,Pauri Bareli,False,False,True,False,1,False,HuggingFace
bfc,Panyi Bai,False,False,True,False,1,False,HuggingFace
bfd,Bafut,False,True,True,True,3,False,FineWeb-2+HuggingFace+CommonVoice
bfe,Betaf,False,False,True,False,1,False,HuggingFace
bff,Bofi,False,False,True,False,1,False,HuggingFace
bfg,Busang Kayan,False,False,True,False,1,False,HuggingFace
bfh,Blafe,False,False,True,False,1,False,HuggingFace
bfi,British Sign Language,False,False,True,False,1,False,HuggingFace
bfj,Bafanji,False,False,True,False,1,False,HuggingFace
bfk,Ban Khor Sign Language,False,False,True,False,1,False,HuggingFace
bfl,Banda-Ndélé,False,False,True,False,1,False,HuggingFace
bfm,Mmen,False,False,True,False,1,False,HuggingFace
bfn,Bunak,False,False,True,False,1,False,HuggingFace
bfo,Malba Birifor,False,True,True,False,2,False,FineWeb-2+HuggingFace
bfp,Beba,False,False,True,False,1,False,HuggingFace
bfq,Badaga,False,False,True,True,2,False,HuggingFace+CommonVoice
bfr,Bazigar,False,False,True,False,1,False,HuggingFace
bfs,Southern Bai,False,False,True,False,1,False,HuggingFace
bft,Balti,False,False,True,True,2,False,HuggingFace+CommonVoice
bfu,Gahri,False,False,True,False,1,False,HuggingFace
bfw,Bondo,False,False,True,False,1,False,HuggingFace
bfx,Bantayanon,False,False,True,False,1,False,HuggingFace
bfy,Bagheli,False,False,True,False,1,False,HuggingFace
bfz,Mahasu Pahari,False,False,True,False,1,False,HuggingFace
bga,Gwamhi-Wuri,False,False,True,False,1,False,HuggingFace
bgb,Bobongko,False,False,True,False,1,False,HuggingFace
bgc,Haryanvi,False,False,True,False,1,False,HuggingFace
bgd,Rathwi Bareli,False,False,True,False,1,False,HuggingFace
bge,Bauria,False,False,True,False,1,False,HuggingFace
bgf,Bangandu,False,False,True,False,1,False,HuggingFace
bgg,Bugun,False,False,True,False,1,False,HuggingFace
bgi,Giangan,False,False,True,False,1,False,HuggingFace
bgj,Bangolan,False,False,True,False,1,False,HuggingFace
bgk,Bit,False,False,True,False,1,False,HuggingFace
bgl,Bo (Laos),False,False,True,False,1,False,HuggingFace
bgn,Western Balochi,False,False,True,False,1,False,HuggingFace
bgo,Baga Koga,False,False,True,False,1,False,HuggingFace
bgp,Eastern Balochi,False,False,True,True,2,False,HuggingFace+CommonVoice
bgq,Bagri,False,False,True,False,1,False,HuggingFace
bgr,Bawm Chin,False,True,True,False,2,False,FineWeb-2+HuggingFace
bgs,Tagabawa,False,True,True,False,2,False,FineWeb-2+HuggingFace
bgt,Bughotu,False,True,True,False,2,False,FineWeb-2+HuggingFace
bgu,Mbongno,False,False,True,False,1,False,HuggingFace
bgv,Warkay-Bipim,False,False,True,False,1,False,HuggingFace
bgw,Bhatri,False,False,True,False,1,False,HuggingFace
bgx,Balkan Gagauz Turkish,False,False,True,False,1,False,HuggingFace
bgy,Benggoi,False,False,True,False,1,False,HuggingFace
bgz,Banggai,False,True,True,False,2,False,FineWeb-2+HuggingFace
bha,Bharia,False,False,True,False,1,False,HuggingFace
bhb,Bhili,False,False,True,False,1,False,HuggingFace
bhc,Biga,False,False,True,False,1,False,HuggingFace
bhd,Bhadrawahi,False,False,True,False,1,False,HuggingFace
bhe,Bhaya,False,False,True,False,1,False,HuggingFace
bhf,Odiai,False,False,True,False,1,False,HuggingFace
bhg,Binandere,False,True,True,False,2,False,FineWeb-2+HuggingFace
bhh,Bukharic,False,False,True,False,1,False,HuggingFace
bhi,Bhilali,False,False,True,False,1,False,HuggingFace
bhj,Bahing,False,False,True,False,1,False,HuggingFace
bhl,Bimin,False,True,True,False,2,False,FineWeb-2+HuggingFace
bhm,Bathari,False,False,True,False,1,False,HuggingFace
bhn,Bohtan Neo-Aramaic,False,False,True,False,1,False,HuggingFace
bho,Bhojpuri,False,True,True,False,2,False,FineWeb-2+HuggingFace
bhp,Bima,False,True,True,False,2,False,FineWeb-2+HuggingFace
bhq,Tukang Besi South,False,False,True,False,1,False,HuggingFace
bhr,Bara Malagasy,False,False,True,False,1,False,HuggingFace
bhs,Buwal,False,False,True,False,1,False,HuggingFace
bht,Bhattiyali,False,False,True,False,1,False,HuggingFace
bhu,Bhunjia,False,False,True,False,1,False,HuggingFace
bhv,Bahau,False,False,True,False,1,False,HuggingFace
bhw,Biak,False,True,True,False,2,False,FineWeb-2+HuggingFace
bhx,Bhalay,False,False,True,False,1,False,HuggingFace
bhy,Bhele,False,False,True,False,1,False,HuggingFace
bhz,Bada (Indonesia),False,True,True,False,2,False,FineWeb-2+HuggingFace
bia,Badimaya,False,False,True,False,1,False,HuggingFace
bib,Bissa,False,True,True,False,2,False,FineWeb-2+HuggingFace
bid,Bidiyo,False,False,True,False,1,False,HuggingFace
bie,Bepour,False,False,True,False,1,False,HuggingFace
bif,Biafada,False,False,True,False,1,False,HuggingFace
big,Biangai,False,True,True,False,2,False,FineWeb-2+HuggingFace
bik,Bikol,True,False,True,False,1,False,HuggingFace
bil,Bile,False,False,True,False,1,False,HuggingFace
bim,Bimoba,False,True,True,False,2,False,FineWeb-2+HuggingFace
bin,Bini,False,True,True,True,3,False,FineWeb-2+HuggingFace+CommonVoice
bio,Nai,False,False,True,False,1,False,HuggingFace
bip,Bila,False,False,True,False,1,False,HuggingFace
biq,Bipi,False,False,True,False,1,False,HuggingFace
bir,Bisorio,False,False,True,False,1,False,HuggingFace
bis,Bislama,False,True,True,False,2,False,FineWeb-2+HuggingFace
bit,Berinomo,False,False,True,False,1,False,HuggingFace
biu,Biete,False,True,True,False,2,False,FineWeb-2+HuggingFace
biv,Southern Birifor,False,True,True,False,2,False,FineWeb-2+HuggingFace
biw,Kol (Cameroon),False,False,True,False,1,False,HuggingFace
bix,Bijori,False,False,True,False,1,False,HuggingFace
biy,Birhor,False,False,True,False,1,False,HuggingFace
biz,Baloi,False,False,True,False,1,False,HuggingFace
bja,Budza,False,False,True,False,1,False,HuggingFace
bjb,Banggarla,False,False,True,False,1,False,HuggingFace
bjc,Bariji,False,False,True,False,1,False,HuggingFace
bje,Biao-Jiao Mien,False,False,True,False,1,False,HuggingFace
bjf,Barzani Jewish Neo-Aramaic,False,False,True,False,1,False,HuggingFace
bjg,Bidyogo,False,False,True,False,1,False,HuggingFace
bjh,Bahinemo,False,False,True,False,1,False,HuggingFace
bji,Burji,False,False,True,False,1,False,HuggingFace
bjj,Kanauji,False,False,True,False,1,False,HuggingFace
bjk,Barok,False,False,True,False,1,False,HuggingFace
bjl,Bulu (Papua New Guinea),False,False,True,False,1,False,HuggingFace
bjm,Bajelani,False,False,True,False,1,False,HuggingFace
bjn,Banjar,False,True,True,False,2,False,FineWeb-2+HuggingFace
bjo,Mid-Southern Banda,False,False,True,False,1,False,HuggingFace
bjp,Fanamaket,False,True,True,False,2,False,FineWeb-2+HuggingFace
bjr,Binumarien,False,True,True,False,2,False,FineWeb-2+HuggingFace
bjs,Bajan,False,False,True,False,1,False,HuggingFace
bjt,Balanta-Ganja,False,False,True,False,1,False,HuggingFace
bju,Busuu,False,False,True,False,1,False,HuggingFace
bjv,Bedjond,False,True,True,False,2,False,FineWeb-2+HuggingFace
bjw,Bakwé,False,False,True,False,1,False,HuggingFace
bjx,Banao Itneg,False,False,True,False,1,False,HuggingFace
bjy,Bayali,False,False,True,False,1,False,HuggingFace
bjz,Baruga,False,False,True,False,1,False,HuggingFace
bka,Kyak,False,False,True,False,1,False,HuggingFace
bkc,Baka (Cameroon),False,False,True,False,1,False,HuggingFace
bkd,Binukid,False,True,True,False,2,False,FineWeb-2+HuggingFace
bkf,Beeke,False,False,True,False,1,False,HuggingFace
bkg,Buraka,False,False,True,False,1,False,HuggingFace
bkh,Bakoko,False,False,True,True,2,False,HuggingFace+CommonVoice
bki,Baki,False,False,True,False,1,False,HuggingFace
bkj,Pande,False,False,True,False,1,False,HuggingFace
bkk,Brokskat,False,False,True,False,1,False,HuggingFace
bkl,Berik,False,True,True,False,2,False,FineWeb-2+HuggingFace
bkm,Kom (Cameroon),False,False,True,True,2,False,HuggingFace+CommonVoice
bkn,Bukitan,False,False,True,False,1,False,HuggingFace
bko,Kwa',False,False,True,False,1,False,HuggingFace
bkp,Boko (Democratic Republic of Congo),False,False,True,False,1,False,HuggingFace
bkq,Bakairí,False,True,True,False,2,False,FineWeb-2+HuggingFace
bkr,Bakumpai,False,False,True,False,1,False,HuggingFace
bks,Northern Sorsoganon,False,False,True,False,1,False,HuggingFace
bkt,Boloki,False,False,True,False,1,False,HuggingFace
bku,Buhid,False,True,True,False,2,False,FineWeb-2+HuggingFace
bkv,Bekwarra,False,True,True,False,2,False,FineWeb-2+HuggingFace
bkw,Bekwel,False,False,True,False,1,False,HuggingFace
bkx,Baikeno,False,False,True,False,1,False,HuggingFace
bky,Bokyi,False,False,True,False,1,False,HuggingFace
bkz,Bungku,False,False,True,False,1,False,HuggingFace
bla,Siksika,False,True,True,False,2,False,FineWeb-2+HuggingFace
blb,Bilua,False,False,True,False,1,False,HuggingFace
blc,Bella Coola,False,False,True,False,1,False,HuggingFace
bld,Bolango,False,False,True,False,1,False,HuggingFace
ble,Balanta-Kentohe,False,False,True,False,1,False,HuggingFace
blf,Buol,False,False,True,False,1,False,HuggingFace
blh,Kuwaa,False,True,True,False,2,False,FineWeb-2+HuggingFace
bli,Bolia,False,False,True,False,1,False,HuggingFace
blj,Bolongan,False,False,True,False,1,False,HuggingFace
blk,Pa'o Karen,False,True,True,False,2,False,FineWeb-2+HuggingFace
bll,Biloxi,False,False,True,False,1,False,HuggingFace
blm,Beli (South Sudan),False,False,True,False,1,False,HuggingFace
bln,Southern Catanduanes Bikol,False,False,True,False,1,False,HuggingFace
blo,Anii,False,False,True,False,1,False,HuggingFace
blp,Blablanga,False,False,True,False,1,False,HuggingFace
blq,Baluan-Pam,False,False,True,False,1,False,HuggingFace
blr,Blang,False,False,True,False,1,False,HuggingFace
bls,Balaesang,False,False,True,False,1,False,HuggingFace
blt,Tai Dam,False,False,True,False,1,False,HuggingFace
blv,Kibala,False,False,True,False,1,False,HuggingFace
blw,Balangao,False,True,True,False,2,False,FineWeb-2+HuggingFace
blx,Mag-Indi Ayta,False,False,True,False,1,False,HuggingFace
bly,Notre,False,False,True,False,1,False,HuggingFace
blz,Balantak,False,True,True,False,2,False,FineWeb-2+HuggingFace
bma,Lame,False,False,True,False,1,False,HuggingFace
bmb,Bembe,False,False,True,False,1,False,HuggingFace
bmc,Biem,False,False,True,False,1,False,HuggingFace
bmd,Baga Manduri,False,False,True,False,1,False,HuggingFace
bme,Limassa,False,False,True,False,1,False,HuggingFace
bmf,Bom-Kim,False,False,True,False,1,False,HuggingFace
bmg,Bamwe,False,False,True,False,1,False,HuggingFace
bmh,Kein,False,True,True,False,2,False,FineWeb-2+HuggingFace
bmi,Bagirmi,False,False,True,False,1,False,HuggingFace
bmj,Bote-Majhi,False,False,True,False,1,False,HuggingFace
bmk,Ghayavi,False,True,True,False,2,False,FineWeb-2+HuggingFace
bml,Bomboli,False,False,True,False,1,False,HuggingFace
bmm,Northern Betsimisaraka Malagasy,False,False,True,False,1,False,HuggingFace
bmn,Bina (Papua New Guinea),False,False,True,False,1,False,HuggingFace
bmo,Bambalang,False,False,True,False,1,False,HuggingFace
bmp,Bulgebi,False,False,True,False,1,False,HuggingFace
bmq,Bomu,False,True,True,False,2,False,FineWeb-2+HuggingFace
bmr,Muinane,False,True,True,False,2,False,FineWeb-2+HuggingFace
bms,Bilma Kanuri,False,False,True,False,1,False,HuggingFace
bmt,Biao Mon,False,False,True,False,1,False,HuggingFace
bmu,Somba-Siawari,False,True,True,False,2,False,FineWeb-2+HuggingFace
bmv,Bum,False,True,True,False,2,False,FineWeb-2+HuggingFace
bmw,Bomwali,False,False,True,False,1,False,HuggingFace
bmx,Baimak,False,False,True,False,1,False,HuggingFace
bmz,Baramu,False,False,True,False,1,False,HuggingFace
bna,Bonerate,False,False,True,False,1,False,HuggingFace
bnb,Bookan,False,False,True,False,1,False,HuggingFace
bnc,Bontok,True,False,True,False,1,False,HuggingFace
bnd,Banda (Indonesia),False,False,True,False,1,False,HuggingFace
bne,Bintauna,False,False,True,False,1,False,HuggingFace
bnf,Masiwang,False,False,True,False,1,False,HuggingFace
bng,Benga,False,False,True,False,1,False,HuggingFace
bni,Bangi,False,False,True,False,1,False,HuggingFace
bnj,Eastern Tawbuid,False,False,True,False,1,False,HuggingFace
bnk,Bierebo,False,False,True,False,1,False,HuggingFace
bnl,Boon,False,False,True,False,1,False,HuggingFace
bnm,Batanga,False,False,True,True,2,False,HuggingFace+CommonVoice
bnn,Bunun,False,False,True,True,2,False,HuggingFace+CommonVoice
bno,Bantoanon,False,True,True,False,2,False,FineWeb-2+HuggingFace
bnp,Bola,False,True,True,False,2,False,FineWeb-2+HuggingFace
bnq,Bantik,False,False,True,False,1,False,HuggingFace
bnr,Butmas-Tur,False,False,True,False,1,False,HuggingFace
bns,Bundeli,False,False,True,False,1,False,HuggingFace
bnu,Bentong,False,False,True,False,1,False,HuggingFace
bnv,Bonerif,False,False,True,False,1,False,HuggingFace
bnw,Bisis,False,False,True,False,1,False,HuggingFace
bnx,Bangubangu,False,False,True,False,1,False,HuggingFace
bny,Bintulu,False,False,True,False,1,False,HuggingFace
bnz,Beezen,False,False,True,False,1,False,HuggingFace
boa,Bora,False,True,True,False,2,False,FineWeb-2+HuggingFace
bob,Aweer,False,False,True,False,1,False,HuggingFace
bod,Tibetan,False,True,True,True,3,True,FineWeb-2+HuggingFace+CommonVoice
boe,Mundabli-Mufu,False,False,True,False,1,False,HuggingFace
bof,Bolon,False,False,True,False,1,False,HuggingFace
bog,Bamako Sign Language,False,False,True,False,1,False,HuggingFace
boh,Boma,False,False,True,False,1,False,HuggingFace
boi,Barbareño,False,False,True,False,1,False,HuggingFace
boj,Anjam,False,True,True,False,2,False,FineWeb-2+HuggingFace
bok,Bonjo,False,False,True,False,1,False,HuggingFace
bol,Bole,False,False,True,False,1,False,HuggingFace
bom,Berom,False,True,True,False,2,False,FineWeb-2+HuggingFace
bon,Bine,False,True,True,False,2,False,FineWeb-2+HuggingFace
boo,Tiemacèwè Bozo,False,False,True,False,1,False,HuggingFace
bop,Bonkiman,False,False,True,False,1,False,HuggingFace
boq,Bogaya,False,False,True,False,1,False,HuggingFace
bor,Borôro,False,False,True,False,1,False,HuggingFace
bos,Bosnian,False,True,True,True,3,False,FineWeb-2+HuggingFace+CommonVoice
bot,Bongo,False,False,True,False,1,False,HuggingFace
bou,Bondei,False,False,True,False,1,False,HuggingFace
bov,Tuwuli,False,True,True,False,2,False,FineWeb-2+HuggingFace
bow,Rema,False,False,True,False,1,False,HuggingFace
box,Buamu,False,True,True,False,2,False,FineWeb-2+HuggingFace
boy,Bodo (Central African Republic),False,False,True,False,1,False,HuggingFace
boz,Tiéyaxo Bozo,False,False,True,False,1,False,HuggingFace
bpa,Daakaka,False,False,True,False,1,False,HuggingFace
bpc,Mbuk,False,False,True,False,1,False,HuggingFace
bpd,Banda-Banda,False,False,True,False,1,False,HuggingFace
bpe,Bauni,False,False,True,False,1,False,HuggingFace
bpg,Bonggo,False,False,True,False,1,False,HuggingFace
bph,Botlikh,False,False,True,False,1,False,HuggingFace
bpi,Bagupi,False,False,True,False,1,False,HuggingFace
bpj,Binji,False,False,True,False,1,False,HuggingFace
bpk,Orowe,False,False,True,False,1,False,HuggingFace
bpl,Broome Pearling Lugger Pidgin,False,False,True,False,1,False,HuggingFace
bpm,Biyom,False,False,True,False,1,False,HuggingFace
bpn,Dzao Min,False,False,True,False,1,False,HuggingFace
bpo,Anasi,False,False,True,False,1,False,HuggingFace
bpp,Kaure,False,False,True,False,1,False,HuggingFace
bpq,Banda Malay,False,False,True,False,1,False,HuggingFace
bpr,Koronadal Blaan,False,True,True,False,2,False,FineWeb-2+HuggingFace
bps,Sarangani Blaan,False,True,True,False,2,False,FineWeb-2+HuggingFace
bpt,Barrow Point,False,False,True,False,1,False,HuggingFace
bpu,Bongu,False,False,True,False,1,False,HuggingFace
bpv,Bian Marind,False,False,True,False,1,False,HuggingFace
bpw,Bo (Papua New Guinea),False,False,True,False,1,False,HuggingFace
bpx,Palya Bareli,False,False,True,False,1,False,HuggingFace
bpy,Bishnupriya,False,True,True,False,2,False,FineWeb-2+HuggingFace
bpz,Bilba,False,False,True,False,1,False,HuggingFace
bqa,Tchumbuli,False,False,True,False,1,False,HuggingFace
bqb,Bagusa,False,False,True,False,1,False,HuggingFace
bqc,Boko (Benin),False,True,True,False,2,False,FineWeb-2+HuggingFace
bqd,Bung,False,False,True,False,1,False,HuggingFace
bqf,Baga Kaloum,False,False,True,False,1,False,HuggingFace
bqg,Bago-Kusuntu,False,False,True,False,1,False,HuggingFace
bqh,Baima,False,False,True,False,1,False,HuggingFace
bqi,Bakhtiari,False,False,True,False,1,False,HuggingFace
bqj,Bandial,False,True,True,False,2,False,FineWeb-2+HuggingFace
bqk,Banda-Mbrès,False,False,True,False,1,False,HuggingFace
bql,Karian,False,False,True,False,1,False,HuggingFace
bqm,Wumboko,False,False,True,False,1,False,HuggingFace
bqn,Bulgarian Sign Language,False,False,True,False,1,False,HuggingFace
bqo,Balo,False,False,True,False,1,False,HuggingFace
bqp,Busa,False,True,True,False,2,False,FineWeb-2+HuggingFace
bqq,Biritai,False,False,True,False,1,False,HuggingFace
bqr,Burusu,False,False,True,False,1,False,HuggingFace
bqs,Bosngun,False,False,True,False,1,False,HuggingFace
bqt,Bamukumbit,False,False,True,False,1,False,HuggingFace
bqu,Boguru,False,False,True,False,1,False,HuggingFace
bqv,Koro Wachi,False,False,True,False,1,False,HuggingFace
bqw,Buru (Nigeria),False,False,True,False,1,False,HuggingFace
bqx,Baangi,False,False,True,False,1,False,HuggingFace
bqy,Bengkala Sign Language,False,False,True,False,1,False,HuggingFace
bqz,Bakaka,False,False,True,False,1,False,HuggingFace
bra,Braj,False,False,True,False,1,False,HuggingFace
brb,Brao,False,False,True,False,1,False,HuggingFace
brc,Berbice Creole Dutch,False,False,True,False,1,False,HuggingFace
brd,Baraamu,False,False,True,False,1,False,HuggingFace
bre,Breton,False,True,True,True,3,False,FineWeb-2+HuggingFace+CommonVoice
brf,Bira,False,False,True,False,1,False,HuggingFace
brg,Baure,False,False,True,False,1,False,HuggingFace
brh,Brahui,False,True,True,True,3,False,FineWeb-2+HuggingFace+CommonVoice
bri,Mokpwe,False,False,True,True,2,False,HuggingFace+CommonVoice
brj,Bieria,False,False,True,False,1,False,HuggingFace
brk,Birked,False,False,True,False,1,False,HuggingFace
brl,Birwa,False,False,True,False,1,False,HuggingFace
brm,Barambu,False,False,True,False,1,False,HuggingFace
brn,Boruca,False,False,True,False,1,False,HuggingFace
bro,Brokkat,False,False,True,False,1,False,HuggingFace
brp,Barapasi,False,False,True,False,1,False,HuggingFace
brq,Breri,False,False,True,False,1,False,HuggingFace
brr,Birao,False,False,True,False,1,False,HuggingFace
brs,Baras,False,False,True,False,1,False,HuggingFace
brt,Bitare,False,False,True,False,1,False,HuggingFace
bru,Eastern Bru,False,True,True,False,2,False,FineWeb-2+HuggingFace
brv,Western Bru,False,False,True,False,1,False,HuggingFace
brw,Bellari,False,False,True,False,1,False,HuggingFace
brx,Bodo (India),False,True,True,True,3,False,FineWeb-2+HuggingFace+CommonVoice
bry,Burui,False,False,True,False,1,False,HuggingFace
brz,Bilbil,False,False,True,False,1,False,HuggingFace
bsa,Abinomn,False,False,True,False,1,False,HuggingFace
bsb,Brunei Bisaya,False,False,True,False,1,False,HuggingFace
bsc,Bassari,False,True,True,False,2,False,FineWeb-2+HuggingFace
bse,Wushi,False,False,True,False,1,False,HuggingFace
bsf,Bauchi,False,False,True,False,1,False,HuggingFace
bsg,Bashkardi,False,False,True,False,1,False,HuggingFace
bsh,Kati,False,False,True,True,2,False,HuggingFace+CommonVoice
bsi,Bassossi,False,False,True,False,1,False,HuggingFace
bsj,Bangwinji,False,False,True,False,1,False,HuggingFace
bsk,Burushaski,False,False,True,True,2,False,HuggingFace+CommonVoice
bsl,Basa-Gumna,False,False,True,False,1,False,HuggingFace
bsm,Busami,False,False,True,False,1,False,HuggingFace
bsn,Barasana-Eduria,False,True,True,False,2,False,FineWeb-2+HuggingFace
bso,Buso,False,False,True,False,1,False,HuggingFace
bsp,Baga Sitemu,False,True,True,False,2,False,FineWeb-2+HuggingFace
bsq,Bassa,False,True,True,False,2,False,FineWeb-2+HuggingFace
bsr,Bassa-Kontagora,False,False,True,False,1,False,HuggingFace
bss,Akoose,False,True,True,False,2,False,FineWeb-2+HuggingFace
bst,Basketo,False,False,True,False,1,False,HuggingFace
bsu,Bahonsuai,False,False,True,False,1,False,HuggingFace
bsv,Baga Sobané,False,False,True,False,1,False,HuggingFace
bsw,Baiso,False,False,True,False,1,False,HuggingFace
bsx,Yangkam,False,False,True,False,1,False,HuggingFace
bsy,Sabah Bisaya,False,False,True,True,2,False,HuggingFace+CommonVoice
bta,Bata,False,False,True,False,1,False,HuggingFace
btc,Bati (Cameroon),False,False,True,False,1,False,HuggingFace
btd,Batak Dairi,False,True,True,False,2,False,FineWeb-2+HuggingFace
bte,Gamo-Ningi,False,False,True,False,1,False,HuggingFace
btf,Birgit,False,False,True,False,1,False,HuggingFace
btg,Gagnoa Bété,False,False,True,False,1,False,HuggingFace
bth,Biatah Bidayuh,False,True,True,False,2,False,FineWeb-2+HuggingFace
bti,Burate,False,False,True,False,1,False,HuggingFace
btj,Bacanese Malay,False,False,True,False,1,False,HuggingFace
btm,Batak Mandailing,False,False,True,False,1,False,HuggingFace
btn,Ratagnon,False,False,True,False,1,False,HuggingFace
bto,Rinconada Bikol,False,False,True,False,1,False,HuggingFace
btp,Budibud,False,False,True,False,1,False,HuggingFace
btq,Batek,False,False,True,False,1,False,HuggingFace
btr,Baetora,False,False,True,False,1,False,HuggingFace
bts,Batak Simalungun,False,True,True,False,2,False,FineWeb-2+HuggingFace
btt,Bete-Bendi,False,True,True,False,2,False,FineWeb-2+HuggingFace
btu,Batu,False,False,True,False,1,False,HuggingFace
btv,Bateri,False,False,True,True,2,False,HuggingFace+CommonVoice
btw,Butuanon,False,False,True,False,1,False,HuggingFace
btx,Batak Karo,False,True,True,False,2,False,FineWeb-2+HuggingFace
bty,Bobot,False,False,True,False,1,False,HuggingFace
btz,Batak Alas-Kluet,False,False,True,False,1,False,HuggingFace
bua,Buriat,True,False,True,False,1,False,HuggingFace
bub,Bua,False,False,True,False,1,False,HuggingFace
buc,Bushi,False,False,True,False,1,False,HuggingFace
bud,Ntcham,False,True,True,False,2,False,FineWeb-2+HuggingFace
bue,Beothuk,False,False,True,False,1,False,HuggingFace
buf,Bushoong,False,False,True,False,1,False,HuggingFace
bug,Buginese,False,True,True,False,2,False,FineWeb-2+HuggingFace
buh,Younuo Bunu,False,False,True,False,1,False,HuggingFace
bui,Bongili,False,False,True,False,1,False,HuggingFace
buj,Basa-Gurmana,False,False,True,False,1,False,HuggingFace
buk,Bugawac,False,True,True,False,2,False,FineWeb-2+HuggingFace
bul,Bulgarian,False,True,True,True,3,False,FineWeb-2+HuggingFace+CommonVoice
bum,Bulu (Cameroon),False,True,True,True,3,False,FineWeb-2+HuggingFace+CommonVoice
bun,Sherbro,False,False,True,False,1,False,HuggingFace
buo,Terei,False,False,True,False,1,False,HuggingFace
bup,Busoa,False,False,True,False,1,False,HuggingFace
buq,Brem,False,False,True,False,1,False,HuggingFace
bus,Bokobaru,False,True,True,False,2,False,FineWeb-2+HuggingFace
but,Bungain,False,False,True,False,1,False,HuggingFace
buu,Budu,False,False,True,False,1,False,HuggingFace
buv,Bun,False,False,True,False,1,False,HuggingFace
buw,Bubi,False,False,True,False,1,False,HuggingFace
bux,Boghom,False,False,True,False,1,False,HuggingFace
buy,Bullom So,False,False,True,False,1,False,HuggingFace
buz,Bukwen,False,False,True,False,1,False,HuggingFace
bva,Barein,False,False,True,False,1,False,HuggingFace
bvb,Bube,False,False,True,False,1,False,HuggingFace
bvc,Baelelea,False,True,True,False,2,False,FineWeb-2+HuggingFace
bvd,Baeggu,False,True,True,False,2,False,FineWeb-2+HuggingFace
bve,Berau Malay,False,False,True,False,1,False,HuggingFace
bvf,Boor,False,False,True,False,1,False,HuggingFace
bvg,Bonkeng,False,False,True,False,1,False,HuggingFace
bvh,Bure,False,False,True,False,1,False,HuggingFace
bvi,Belanda Viri,False,False,True,False,1,False,HuggingFace
bvj,Baan,False,False,True,False,1,False,HuggingFace
bvk,Bukat,False,False,True,False,1,False,HuggingFace
bvl,Bolivian Sign Language,False,False,True,False,1,False,HuggingFace
bvm,Bamunka,False,False,True,False,1,False,HuggingFace
bvn,Buna,False,False,True,False,1,False,HuggingFace
bvo,Bolgo,False,False,True,False,1,False,HuggingFace
bvp,Bumang,False,False,True,False,1,False,HuggingFace
bvq,Birri,False,False,True,False,1,False,HuggingFace
bvr,Burarra,False,True,True,False,2,False,FineWeb-2+HuggingFace
bvt,Bati (Indonesia),False,False,True,False,1,False,HuggingFace
bvu,Bukit Malay,False,False,True,False,1,False,HuggingFace
bvv,Baniva,False,False,True,False,1,False,HuggingFace
bvw,Boga,False,False,True,False,1,False,HuggingFace
bvx,Dibole,False,False,True,False,1,False,HuggingFace
bvy,Baybayanon,False,False,True,False,1,False,HuggingFace
bvz,Bauzi,False,True,True,False,2,False,FineWeb-2+HuggingFace
bwa,Bwatoo,False,False,True,False,1,False,HuggingFace
bwb,Namosi-Naitasiri-Serua,False,False,True,False,1,False,HuggingFace
bwc,Bwile,False,False,True,False,1,False,HuggingFace
bwd,Bwaidoka,False,True,True,False,2,False,FineWeb-2+HuggingFace
bwe,Bwe Karen,False,False,True,False,1,False,HuggingFace
bwf,Boselewa,False,False,True,False,1,False,HuggingFace
bwg,Barwe,False,False,True,False,1,False,HuggingFace
bwh,Bishuo,False,False,True,False,1,False,HuggingFace
bwi,Baniwa,False,True,True,False,2,False,FineWeb-2+HuggingFace
bwj,Láá Láá Bwamu,False,False,True,False,1,False,HuggingFace
bwk,Bauwaki,False,False,True,False,1,False,HuggingFace
bwl,Bwela,False,False,True,False,1,False,HuggingFace
bwm,Biwat,False,False,True,False,1,False,HuggingFace
bwn,Wunai Bunu,False,False,True,False,1,False,HuggingFace
bwo,Boro (Ethiopia),False,False,True,False,1,False,HuggingFace
bwp,Mandobo Bawah,False,False,True,False,1,False,HuggingFace
bwq,Southern Bobo Madaré,False,True,True,False,2,False,FineWeb-2+HuggingFace
bwr,Bura-Pabir,False,False,True,False,1,False,HuggingFace
bws,Bomboma,False,False,True,False,1,False,HuggingFace
bwt,Bafaw-Balong,False,False,True,False,1,False,HuggingFace
bwu,Buli (Ghana),False,True,True,False,2,False,FineWeb-2+HuggingFace
bww,Bwa,False,False,True,False,1,False,HuggingFace
bwx,Bu-Nao Bunu,False,False,True,False,1,False,HuggingFace
bwy,Cwi Bwamu,False,False,True,False,1,False,HuggingFace
bwz,Bwisi,False,False,True,False,1,False,HuggingFace
bxa,Tairaha,False,False,True,False,1,False,HuggingFace
bxb,Belanda Bor,False,False,True,False,1,False,HuggingFace
bxc,Molengue,False,False,True,False,1,False,HuggingFace
bxd,Pela,False,False,True,False,1,False,HuggingFace
bxe,Birale,False,False,True,False,1,False,HuggingFace
bxf,Bilur,False,False,True,False,1,False,HuggingFace
bxg,Bangala,False,False,True,False,1,False,HuggingFace
bxh,Buhutu,False,True,True,False,2,False,FineWeb-2+HuggingFace
bxi,Pirlatapa,False,False,True,False,1,False,HuggingFace
bxj,Bayungu,False,False,True,False,1,False,HuggingFace
bxk,Bukusu,False,False,True,True,2,False,HuggingFace+CommonVoice
bxl,Jalkunan,False,False,True,False,1,False,HuggingFace
bxm,Mongolia Buriat,False,False,True,False,1,False,HuggingFace
bxn,Burduna,False,False,True,False,1,False,HuggingFace
bxo,Barikanchi,False,False,True,False,1,False,HuggingFace
bxp,Bebil,False,False,True,False,1,False,HuggingFace
bxq,Beele,False,False,True,False,1,False,HuggingFace
bxr,Russia Buriat,False,True,True,True,3,False,FineWeb-2+HuggingFace+CommonVoice
bxs,Busam,False,False,True,False,1,False,HuggingFace
bxu,China Buriat,False,False,True,False,1,False,HuggingFace
bxv,Berakou,False,False,True,False,1,False,HuggingFace
bxw,Bankagooma,False,False,True,False,1,False,HuggingFace
bxz,Binahari,False,False,True,False,1,False,HuggingFace
bya,Batak,False,False,True,False,1,False,HuggingFace
byb,Bikya,False,False,True,False,1,False,HuggingFace
byc,Ubaghara,False,False,True,False,1,False,HuggingFace
byd,Benyadu',False,False,True,False,1,False,HuggingFace
bye,Pouye,False,False,True,False,1,False,HuggingFace
byf,Bete,False,False,True,False,1,False,HuggingFace
byg,Baygo,False,False,True,False,1,False,HuggingFace
byh,Bhujel,False,False,True,False,1,False,HuggingFace
byi,Buyu,False,False,True,False,1,False,HuggingFace
byj,Bina (Nigeria),False,False,True,False,1,False,HuggingFace
byk,Biao,False,False,True,False,1,False,HuggingFace
byl,Bayono,False,False,True,False,1,False,HuggingFace
bym,Bidjara,False,False,True,False,1,False,HuggingFace
byn,Bilin,False,False,True,False,1,False,HuggingFace
byo,Biyo,False,False,True,False,1,False,HuggingFace
byp,Bumaji,False,False,True,False,1,False,HuggingFace
byq,Basay,False,False,True,False,1,False,HuggingFace
byr,Baruya,False,True,True,False,2,False,FineWeb-2+HuggingFace
bys,Burak,False,False,True,False,1,False,HuggingFace
byt,Berti,False,False,True,False,1,False,HuggingFace
byv,Medumba,False,True,True,True,3,False,FineWeb-2+HuggingFace+CommonVoice
byw,Belhariya,False,False,True,False,1,False,HuggingFace
byx,Qaqet,False,True,True,False,2,False,FineWeb-2+HuggingFace
byz,Banaro,False,False,True,False,1,False,HuggingFace
bza,Bandi,False,False,True,False,1,False,HuggingFace
bzb,Andio,False,False,True,False,1,False,HuggingFace
bzc,Southern Betsimisaraka Malagasy,False,False,True,False,1,False,HuggingFace
bzd,Bribri,False,True,True,False,2,False,FineWeb-2+HuggingFace
bze,Jenaama Bozo,False,False,True,False,1,False,HuggingFace
bzf,Boikin,False,False,True,False,1,False,HuggingFace
bzg,Babuza,False,False,True,False,1,False,HuggingFace
bzh,Mapos Buang,False,True,True,False,2,False,FineWeb-2+HuggingFace
bzi,Bisu,False,True,True,False,2,False,FineWeb-2+HuggingFace
bzj,Belize Kriol English,False,True,True,False,2,False,FineWeb-2+HuggingFace
bzk,Nicaragua Creole English,False,False,True,False,1,False,HuggingFace
bzl,Boano (Sulawesi),False,False,True,False,1,False,HuggingFace
bzm,Bolondo,False,False,True,False,1,False,HuggingFace
bzn,Boano (Maluku),False,False,True,False,1,False,HuggingFace
bzo,Bozaba,False,False,True,False,1,False,HuggingFace
bzp,Kemberano,False,False,True,False,1,False,HuggingFace
bzq,Buli (Indonesia),False,False,True,False,1,False,HuggingFace
bzr,Biri,False,False,True,False,1,False,HuggingFace
bzs,Brazilian Sign Language,False,False,True,False,1,False,HuggingFace
bzt,Brithenig,False,False,True,False,1,False,HuggingFace
bzu,Burmeso,False,False,True,False,1,False,HuggingFace
bzv,Naami,False,False,True,False,1,False,HuggingFace
bzw,Basa (Nigeria),False,False,True,False,1,False,HuggingFace
bzx,Kɛlɛngaxo Bozo,False,False,True,False,1,False,HuggingFace
bzy,Obanliku,False,False,True,False,1,False,HuggingFace
bzz,Evant,False,False,True,False,1,False,HuggingFace
caa,Chortí,False,True,True,False,2,False,FineWeb-2+HuggingFace
cab,Garifuna,False,True,True,False,2,False,FineWeb-2+HuggingFace
cac,Chuj,False,True,True,False,2,False,FineWeb-2+HuggingFace
cad,Caddo,False,False,True,False,1,False,HuggingFace
cae,Lehar,False,False,True,False,1,False,HuggingFace
caf,Southern Carrier,False,True,True,False,2,False,FineWeb-2+HuggingFace
cag,Nivaclé,False,True,True,False,2,False,FineWeb-2+HuggingFace
cah,Cahuarano,False,False,True,False,1,False,HuggingFace
caj,Chané,False,False,True,False,1,False,HuggingFace
cak,Kaqchikel,False,True,True,True,3,False,FineWeb-2+HuggingFace+CommonVoice
cal,Carolinian,False,False,True,False,1,False,HuggingFace
cam,Cemuhî,False,False,True,False,1,False,HuggingFace
can,Chambri,False,False,True,False,1,False,HuggingFace
cao,Chácobo,False,True,True,False,2,False,FineWeb-2+HuggingFace
cap,Chipaya,False,True,True,False,2,False,FineWeb-2+HuggingFace
caq,Car Nicobarese,False,True,True,False,2,False,FineWeb-2+HuggingFace
car,Galibi Carib,False,True,True,False,2,False,FineWeb-2+HuggingFace
cas,Tsimané,False,True,True,False,2,False,FineWeb-2+HuggingFace
cat,Catalan,False,True,True,True,3,False,FineWeb-2+HuggingFace+CommonVoice
cav,Cavineña,False,True,True,False,2,False,FineWeb-2+HuggingFace
caw,Callawalla,False,False,True,False,1,False,HuggingFace
cax,Chiquitano,False,True,True,False,2,False,FineWeb-2+HuggingFace
cay,Cayuga,False,False,True,False,1,False,HuggingFace
caz,Canichana,False,False,True,False,1,False,HuggingFace
cbb,Cabiyarí,False,False,True,False,1,False,HuggingFace
cbc,Carapana,False,True,True,False,2,False,FineWeb-2+HuggingFace
cbd,Carijona,False,False,True,False,1,False,HuggingFace
cbg,Chimila,False,False,True,False,1,False,HuggingFace
cbi,Chachi,False,True,True,False,2,False,FineWeb-2+HuggingFace
cbj,Ede Cabe,False,False,True,False,1,False,HuggingFace
cbk,Chavacano,False,True,True,False,2,False,FineWeb-2+HuggingFace
cbl,Bualkhaw Chin,False,False,True,False,1,False,HuggingFace
cbn,Nyahkur,False,False,True,False,1,False,HuggingFace
cbo,Izora,False,False,True,False,1,False,HuggingFace
cbq,Tsucuba,False,False,True,False,1,False,HuggingFace
cbr,Cashibo-Cacataibo,False,True,True,False,2,False,FineWeb-2+HuggingFace
cbs,Cashinahua,False,True,True,False,2,False,FineWeb-2+HuggingFace
cbt,Chayahuita,False,True,True,False,2,False,FineWeb-2+HuggingFace
cbu,Candoshi-Shapra,False,True,True,False,2,False,FineWeb-2+HuggingFace
cbv,Cacua,False,True,True,False,2,False,FineWeb-2+HuggingFace
cbw,Kinabalian,False,False,True,False,1,False,HuggingFace
cby,Carabayo,False,False,True,False,1,False,HuggingFace
ccc,Chamicuro,False,False,True,False,1,False,HuggingFace
ccd,Cafundo Creole,False,False,True,False,1,False,HuggingFace
cce,Chopi,False,True,True,False,2,False,FineWeb-2+HuggingFace
ccg,Samba Daka,False,False,True,False,1,False,HuggingFace
cch,Atsam,False,False,True,False,1,False,HuggingFace
ccj,Kasanga,False,False,True,False,1,False,HuggingFace
ccl,Cutchi-Swahili,False,False,True,False,1,False,HuggingFace
ccm,Malaccan Creole Malay,False,False,True,False,1,False,HuggingFace
cco,Comaltepec Chinantec,False,True,True,False,2,False,FineWeb-2+HuggingFace
ccp,Chakma,False,True,True,False,2,False,FineWeb-2+HuggingFace
ccr,Cacaopera,False,False,True,False,1,False,HuggingFace
cda,Choni,False,False,True,False,1,False,HuggingFace
cde,Chenchu,False,False,True,False,1,False,HuggingFace
cdf,Chiru,False,False,True,False,1,False,HuggingFace
cdh,Chambeali,False,False,True,False,1,False,HuggingFace
cdi,Chodri,False,False,True,False,1,False,HuggingFace
cdj,Churahi,False,False,True,False,1,False,HuggingFace
cdm,Chepang,False,False,True,False,1,False,HuggingFace
cdn,Chaudangsi,False,False,True,False,1,False,HuggingFace
cdo,Min Dong Chinese,False,False,True,True,2,False,HuggingFace+CommonVoice
cdr,Cinda-Regi-Tiyal,False,False,True,False,1,False,HuggingFace
cds,Chadian Sign Language,False,False,True,False,1,False,HuggingFace
cdy,Chadong,False,False,True,False,1,False,HuggingFace
cdz,Koda,False,False,True,False,1,False,HuggingFace
cea,Lower Chehalis,False,False,True,False,1,False,HuggingFace
ceb,Cebuano,False,True,True,False,2,False,FineWeb-2+HuggingFace
ceg,Chamacoco,False,True,True,False,2,False,FineWeb-2+HuggingFace
cek,Eastern Khumi Chin,False,True,True,False,2,False,FineWeb-2+HuggingFace
cen,Cen,False,False,True,False,1,False,HuggingFace
ces,Czech,False,True,True,True,3,True,FineWeb-2+HuggingFace+CommonVoice
cet,Centúúm,False,False,True,False,1,False,HuggingFace
cey,Ekai Chin,False,False,True,False,1,False,HuggingFace
cfa,Dijim-Bwilim,False,False,True,False,1,False,HuggingFace
cfd,Cara,False,False,True,False,1,False,HuggingFace
cfg,Como Karim,False,False,True,False,1,False,HuggingFace
cfm,Falam Chin,False,True,True,False,2,False,FineWeb-2+HuggingFace
cga,Changriwa,False,False,True,False,1,False,HuggingFace
cgc,Kagayanen,False,True,True,False,2,False,FineWeb-2+HuggingFace
cgg,Chiga,False,True,True,True,3,False,FineWeb-2+HuggingFace+CommonVoice
cgk,Chocangacakha,False,False,True,False,1,False,HuggingFace
cha,Chamorro,False,True,True,False,2,False,FineWeb-2+HuggingFace
chb,Chibcha,False,False,True,False,1,False,HuggingFace
chc,Catawba,False,False,True,False,1,False,HuggingFace
chd,Highland Oaxaca Chontal,False,True,True,False,2,False,FineWeb-2+HuggingFace
che,Chechen,False,True,True,True,3,False,FineWeb-2+HuggingFace+CommonVoice
chf,Tabasco Chontal,False,True,True,False,2,False,FineWeb-2+HuggingFace
chg,Chagatai,False,False,True,False,1,False,HuggingFace
chh,Chinook,False,False,True,False,1,False,HuggingFace
chj,Ojitlán Chinantec,False,True,True,False,2,False,FineWeb-2+HuggingFace
chk,Chuukese,False,True,True,False,2,False,FineWeb-2+HuggingFace
chl,Cahuilla,False,False,True,False,1,False,HuggingFace
chm,Mari (Russia),True,False,True,False,1,False,HuggingFace
chn,Chinook jargon,False,False,True,False,1,False,HuggingFace
cho,Choctaw,False,True,True,False,2,False,FineWeb-2+HuggingFace
chp,Chipewyan,False,False,True,False,1,False,HuggingFace
chq,Quiotepec Chinantec,False,True,True,False,2,False,FineWeb-2+HuggingFace
chr,Cherokee,False,True,True,False,2,False,FineWeb-2+HuggingFace
cht,Cholón,False,False,True,False,1,False,HuggingFace
chu,Church Slavic,False,True,True,False,2,False,FineWeb-2+HuggingFace
chv,Chuvash,False,True,True,True,3,False,FineWeb-2+HuggingFace+CommonVoice
chw,Chuwabu,False,True,True,False,2,False,FineWeb-2+HuggingFace
chx,Chantyal,False,False,True,False,1,False,HuggingFace
chy,Cheyenne,False,False,True,False,1,False,HuggingFace
chz,Ozumacín Chinantec,False,True,True,False,2,False,FineWeb-2+HuggingFace
cia,Cia-Cia,False,False,True,False,1,False,HuggingFace
cib,Ci Gbe,False,False,True,False,1,False,HuggingFace
cic,Chickasaw,False,False,True,False,1,False,HuggingFace
cid,Chimariko,False,False,True,False,1,False,HuggingFace
cie,Cineni,False,False,True,False,1,False,HuggingFace
cih,Chinali,False,False,True,False,1,False,HuggingFace
cik,Chitkuli Kinnauri,False,False,True,False,1,False,HuggingFace
cim,Cimbrian,False,False,True,False,1,False,HuggingFace
cin,Cinta Larga,False,False,True,False,1,False,HuggingFace
cip,Chiapanec,False,False,True,False,1,False,HuggingFace
cir,Tiri,False,False,True,False,1,False,HuggingFace
ciw,Chippewa,False,False,True,False,1,False,HuggingFace
ciy,Chaima,False,False,True,False,1,False,HuggingFace
cja,Western Cham,False,False,True,False,1,False,HuggingFace
cje,Chru,False,False,True,False,1,False,HuggingFace
cjh,Upper Chehalis,False,False,True,False,1,False,HuggingFace
cji,Chamalal,False,False,True,False,1,False,HuggingFace
cjk,Chokwe,False,True,True,True,3,False,FineWeb-2+HuggingFace+CommonVoice
cjm,Eastern Cham,False,False,True,False,1,False,HuggingFace
cjn,Chenapian,False,False,True,False,1,False,HuggingFace
cjo,Ashéninka Pajonal,False,True,True,False,2,False,FineWeb-2+HuggingFace
cjp,Cabécar,False,True,True,False,2,False,FineWeb-2+HuggingFace
cjs,Shor,False,True,True,False,2,False,FineWeb-2+HuggingFace
cjv,Chuave,False,True,True,False,2,False,FineWeb-2+HuggingFace
cjy,Jinyu Chinese,False,False,True,False,1,False,HuggingFace
ckb,Central Kurdish,False,True,True,True,3,False,FineWeb-2+HuggingFace+CommonVoice
ckh,Chak,False,False,True,False,1,False,HuggingFace
ckl,Cibak,False,False,True,False,1,False,HuggingFace
ckm,Chakavian,False,False,True,False,1,False,HuggingFace
ckn,Kaang Chin,False,False,True,False,1,False,HuggingFace
cko,Anufo,False,True,True,False,2,False,FineWeb-2+HuggingFace
ckq,Kajakse,False,False,True,False,1,False,HuggingFace
ckr,Kairak,False,False,True,False,1,False,HuggingFace
cks,Tayo,False,False,True,False,1,False,HuggingFace
ckt,Chukot,False,True,True,False,2,False,FineWeb-2+HuggingFace
cku,Koasati,False,False,True,False,1,False,HuggingFace
ckv,Kavalan,False,False,True,False,1,False,HuggingFace
ckx,Caka,False,False,True,False,1,False,HuggingFace
cky,Cakfem-Mushere,False,False,True,False,1,False,HuggingFace
ckz,Cakchiquel-Quiché Mixed Language,False,False,True,False,1,False,HuggingFace
cla,Ron,False,False,True,False,1,False,HuggingFace
clc,Chilcotin,False,False,True,False,1,False,HuggingFace
cld,Chaldean Neo-Aramaic,False,False,True,False,1,False,HuggingFace
cle,Lealao Chinantec,False,True,True,False,2,False,FineWeb-2+HuggingFace
clh,Chilisso,False,False,True,False,1,False,HuggingFace
cli,Chakali,False,False,True,False,1,False,HuggingFace
clj,Laitu Chin,False,False,True,False,1,False,HuggingFace
clk,Idu-Mishmi,False,False,True,False,1,False,HuggingFace
cll,Chala,False,False,True,False,1,False,HuggingFace
clm,Klallam,False,False,True,False,1,False,HuggingFace
clo,Lowland Oaxaca Chontal,False,False,True,False,1,False,HuggingFace
cls,Classical Sanskrit,False,False,True,False,1,False,HuggingFace
clt,Lautu Chin,False,False,True,False,1,False,HuggingFace
clu,Caluyanun,False,True,True,False,2,False,FineWeb-2+HuggingFace
clw,Chulym,False,False,True,False,1,False,HuggingFace
cly,Eastern Highland Chatino,False,True,True,False,2,False,FineWeb-2+HuggingFace
cma,Maa,False,False,True,False,1,False,HuggingFace
cme,Cerma,False,True,True,False,2,False,FineWeb-2+HuggingFace
cmg,Classical Mongolian,False,False,True,False,1,False,HuggingFace
cmi,Emberá-Chamí,False,False,True,False,1,False,HuggingFace
cml,Campalagian,False,False,True,False,1,False,HuggingFace
cmm,Michigamea,False,False,True,False,1,False,HuggingFace
cmn,Mandarin Chinese,False,True,True,False,2,False,FineWeb-2+HuggingFace
cmo,Central Mnong,False,True,True,False,2,False,FineWeb-2+HuggingFace
cmr,Mro-Khimi Chin,False,True,True,False,2,False,FineWeb-2+HuggingFace
cms,Messapic,False,False,True,False,1,False,HuggingFace
cmt,Camtho,False,False,True,False,1,False,HuggingFace
cna,Changthang,False,False,True,False,1,False,HuggingFace
cnb,Chinbon Chin,False,False,True,False,1,False,HuggingFace
cnc,Côông,False,False,True,False,1,False,HuggingFace
cng,Northern Qiang,False,False,True,False,1,False,HuggingFace
cnh,Hakha Chin,False,True,True,True,3,False,FineWeb-2+HuggingFace+CommonVoice
cni,Asháninka,False,True,True,False,2,False,FineWeb-2+HuggingFace
cnk,Khumi Chin,False,True,True,False,2,False,FineWeb-2+HuggingFace
cnl,Lalana Chinantec,False,True,True,False,2,False,FineWeb-2+HuggingFace
cno,Con,False,False,True,False,1,False,HuggingFace
cnp,Northern Ping Chinese,False,False,True,False,1,False,HuggingFace
cnq,Chung,False,False,True,False,1,False,HuggingFace
cnr,Montenegrin,False,False,True,False,1,False,HuggingFace
cns,Central Asmat,False,False,True,False,1,False,HuggingFace
cnt,Tepetotutla Chinantec,False,True,True,False,2,False,FineWeb-2+HuggingFace
cnu,Chenoua,False,False,True,False,1,False,HuggingFace
cnw,Ngawn Chin,False,True,True,False,2,False,FineWeb-2+HuggingFace
cnx,Middle Cornish,False,False,True,False,1,False,HuggingFace
coa,Cocos Islands Malay,False,False,True,False,1,False,HuggingFace
cob,Chicomuceltec,False,False,True,False,1,False,HuggingFace
coc,Cocopa,False,False,True,False,1,False,HuggingFace
cod,Cocama-Cocamilla,False,False,True,False,1,False,HuggingFace
coe,Koreguaje,False,True,True,False,2,False,FineWeb-2+HuggingFace
cof,Colorado,False,True,True,False,2,False,FineWeb-2+HuggingFace
cog,Chong,False,False,True,False,1,False,HuggingFace
coh,Chonyi-Dzihana-Kauma,False,False,True,False,1,False,HuggingFace
coj,Cochimi,False,False,True,False,1,False,HuggingFace
cok,Santa Teresa Cora,False,True,True,False,2,False,FineWeb-2+HuggingFace
col,Columbia-Wenatchi,False,False,True,False,1,False,HuggingFace
com,Comanche,False,False,True,False,1,False,HuggingFace
con,Cofán,False,True,True,False,2,False,FineWeb-2+HuggingFace
coo,Comox,False,False,True,False,1,False,HuggingFace
cop,Coptic,False,True,True,False,2,False,FineWeb-2+HuggingFace
coq,Coquille,False,False,True,False,1,False,HuggingFace
cor,Cornish,False,True,True,True,3,False,FineWeb-2+HuggingFace+CommonVoice
cos,Corsican,False,True,True,True,3,False,FineWeb-2+HuggingFace+CommonVoice
cot,Caquinte,False,True,True,False,2,False,FineWeb-2+HuggingFace
cou,Wamey,False,True,True,False,2,False,FineWeb-2+HuggingFace
cov,Cao Miao,False,False,True,False,1,False,HuggingFace
cow,Cowlitz,False,False,True,False,1,False,HuggingFace
cox,Nanti,False,False,True,False,1,False,HuggingFace
coz,Chochotec,False,False,True,False,1,False,HuggingFace
cpa,Palantla Chinantec,False,True,True,False,2,False,FineWeb-2+HuggingFace
cpb,Ucayali-Yurúa Ashéninka,False,True,True,False,2,False,FineWeb-2+HuggingFace
cpc,Ajyíninka Apurucayali,False,True,True,False,2,False,FineWeb-2+HuggingFace
cpg,Cappadocian Greek,False,False,True,False,1,False,HuggingFace
cpi,Chinese Pidgin English,False,False,True,False,1,False,HuggingFace
cpn,Cherepon,False,False,True,False,1,False,HuggingFace
cpo,Kpeego,False,False,True,False,1,False,HuggingFace
cps,Capiznon,False,False,True,False,1,False,HuggingFace
cpu,Pichis Ashéninka,False,True,True,False,2,False,FineWeb-2+HuggingFace
cpx,Pu-Xian Chinese,False,False,True,True,2,False,HuggingFace+CommonVoice
cpy,South Ucayali Ashéninka,False,True,True,True,3,False,FineWeb-2+HuggingFace+CommonVoice
cqd,Chuanqiandian Cluster Miao,False,False,True,False,1,False,HuggingFace
cra,Chara,False,False,True,False,1,False,HuggingFace
crb,Island Carib,False,False,True,False,1,False,HuggingFace
crc,Lonwolwol,False,False,True,False,1,False,HuggingFace
crd,Coeur d'Alene,False,False,True,False,1,False,HuggingFace
cre,Cree,True,False,True,False,1,False,HuggingFace
crf,Caramanta,False,False,True,False,1,False,HuggingFace
crg,Michif,False,False,True,False,1,False,HuggingFace
crh,Crimean Tatar,False,True,True,True,3,False,FineWeb-2+HuggingFace+CommonVoice
cri,Sãotomense,False,False,True,False,1,False,HuggingFace
crj,Southern East Cree,False,True,True,False,2,False,FineWeb-2+HuggingFace
crk,Plains Cree,False,True,True,False,2,False,FineWeb-2+HuggingFace
crl,Northern East Cree,False,True,True,False,2,False,FineWeb-2+HuggingFace
crm,Moose Cree,False,True,True,False,2,False,FineWeb-2+HuggingFace
crn,El Nayar Cora,False,True,True,False,2,False,FineWeb-2+HuggingFace
cro,Crow,False,False,True,False,1,False,HuggingFace
crq,Iyo'wujwa Chorote,False,False,True,False,1,False,HuggingFace
crr,Carolina Algonquian,False,False,True,False,1,False,HuggingFace
crs,Seselwa Creole French,False,True,True,False,2,False,FineWeb-2+HuggingFace
crt,Iyojwa'ja Chorote,False,True,True,False,2,False,FineWeb-2+HuggingFace
crv,Chaura,False,False,True,False,1,False,HuggingFace
crw,Chrau,False,False,True,False,1,False,HuggingFace
crx,Carrier,False,True,True,False,2,False,FineWeb-2+HuggingFace
cry,Cori,False,False,True,False,1,False,HuggingFace
crz,Cruzeño,False,False,True,False,1,False,HuggingFace
csa,Chiltepec Chinantec,False,False,True,False,1,False,HuggingFace
csb,Kashubian,False,True,True,False,2,False,FineWeb-2+HuggingFace
csc,Catalan Sign Language,False,False,True,False,1,False,HuggingFace
csd,Chiangmai Sign Language,False,False,True,False,1,False,HuggingFace
cse,Czech Sign Language,False,False,True,False,1,False,HuggingFace
csf,Cuba Sign Language,False,False,True,False,1,False,HuggingFace
csg,Chilean Sign Language,False,False,True,False,1,False,HuggingFace
csh,Asho Chin,False,False,True,False,1,False,HuggingFace
csi,Coast Miwok,False,False,True,False,1,False,HuggingFace
csj,Songlai Chin,False,False,True,False,1,False,HuggingFace
csk,Jola-Kasa,False,True,True,False,2,False,FineWeb-2+HuggingFace
csl,Chinese Sign Language,False,False,True,False,1,False,HuggingFace
csm,Central Sierra Miwok,False,False,True,False,1,False,HuggingFace
csn,Colombian Sign Language,False,False,True,False,1,False,HuggingFace
cso,Sochiapam Chinantec,False,True,True,False,2,False,FineWeb-2+HuggingFace
csp,Southern Ping Chinese,False,False,True,False,1,False,HuggingFace
csq,Croatia Sign Language,False,False,True,False,1,False,HuggingFace
csr,Costa Rican Sign Language,False,False,True,False,1,False,HuggingFace
css,Southern Ohlone,False,False,True,False,1,False,HuggingFace
cst,Northern Ohlone,False,False,True,False,1,False,HuggingFace
csv,Sumtu Chin,False,False,True,False,1,False,HuggingFace
csw,Swampy Cree,False,True,True,False,2,False,FineWeb-2+HuggingFace
csx,Cambodian Sign Language,False,False,True,False,1,False,HuggingFace
csy,Siyin Chin,False,True,True,False,2,False,FineWeb-2+HuggingFace
csz,Coos,False,False,True,False,1,False,HuggingFace
cta,Tataltepec Chatino,False,True,True,False,2,False,FineWeb-2+HuggingFace
ctc,Chetco,False,False,True,False,1,False,HuggingFace
ctd,Tedim Chin,False,True,True,False,2,False,FineWeb-2+HuggingFace
cte,Tepinapa Chinantec,False,False,True,False,1,False,HuggingFace
ctg,Chittagonian,False,False,True,False,1,False,HuggingFace
cth,Thaiphum Chin,False,False,True,False,1,False,HuggingFace
ctl,Tlacoatzintepec Chinantec,False,False,True,False,1,False,HuggingFace
ctm,Chitimacha,False,False,True,False,1,False,HuggingFace
ctn,Chhintange,False,False,True,False,1,False,HuggingFace
cto,Emberá-Catío,False,True,True,False,2,False,FineWeb-2+HuggingFace
ctp,Western Highland Chatino,False,True,True,False,2,False,FineWeb-2+HuggingFace
cts,Northern Catanduanes Bikol,False,False,True,False,1,False,HuggingFace
ctt,Wayanad Chetti,False,False,True,False,1,False,HuggingFace
ctu,Chol,False,True,True,False,2,False,FineWeb-2+HuggingFace
cty,Moundadan Chetty,False,False,True,False,1,False,HuggingFace
ctz,Zacatepec Chatino,False,False,True,False,1,False,HuggingFace
cua,Cua,False,False,True,False,1,False,HuggingFace
cub,Cubeo,False,True,True,False,2,False,FineWeb-2+HuggingFace
cuc,Usila Chinantec,False,True,True,False,2,False,FineWeb-2+HuggingFace
cuh,Chuka,False,False,True,False,1,False,HuggingFace
cui,Cuiba,False,True,True,False,2,False,FineWeb-2+HuggingFace
cuj,Mashco Piro,False,False,True,False,1,False,HuggingFace
cuk,San Blas Kuna,False,True,True,False,2,False,FineWeb-2+HuggingFace
cul,Culina,False,True,True,False,2,False,FineWeb-2+HuggingFace
cuo,Cumanagoto,False,False,True,False,1,False,HuggingFace
cup,Cupeño,False,False,True,False,1,False,HuggingFace
cuq,Cun,False,False,True,False,1,False,HuggingFace
cur,Chhulung,False,False,True,False,1,False,HuggingFace
cut,Teutila Cuicatec,False,True,True,True,3,False,FineWeb-2+HuggingFace+CommonVoice
cuu,Tai Ya,False,False,True,False,1,False,HuggingFace
cuv,Cuvok,False,False,True,False,1,False,HuggingFace
cuw,Chukwa,False,False,True,False,1,False,HuggingFace
cux,Tepeuxila Cuicatec,False,True,True,True,3,False,FineWeb-2+HuggingFace+CommonVoice
cuy,Cuitlatec,False,False,True,False,1,False,HuggingFace
cvg,Chug,False,False,True,False,1,False,HuggingFace
cvn,Valle Nacional Chinantec,False,False,True,False,1,False,HuggingFace
cwa,Kabwa,False,False,True,False,1,False,HuggingFace
cwb,Maindo,False,False,True,False,1,False,HuggingFace
cwd,Woods Cree,False,False,True,False,1,False,HuggingFace
cwe,Kwere,False,True,True,False,2,False,FineWeb-2+HuggingFace
cwg,Chewong,False,False,True,False,1,False,HuggingFace
cwt,Kuwaataay,False,True,True,False,2,False,FineWeb-2+HuggingFace
cxh,Cha'ari,False,False,False,False,0,False,NONE
cya,Nopala Chatino,False,True,True,False,2,False,FineWeb-2+HuggingFace
cyb,Cayubaba,False,False,True,False,1,False,HuggingFace
cym,Welsh,False,True,True,True,3,False,FineWeb-2+HuggingFace+CommonVoice
cyo,Cuyonon,False,False,True,False,1,False,HuggingFace
czh,Huizhou Chinese,False,False,True,False,1,False,HuggingFace
czk,Knaanic,False,False,True,False,1,False,HuggingFace
czn,Zenzontepec Chatino,False,False,True,False,1,False,HuggingFace
czo,Min Zhong Chinese,False,False,True,False,1,False,HuggingFace
czt,Zotung Chin,False,True,True,False,2,False,FineWeb-2+HuggingFace
daa,Dangaléat,False,True,True,False,2,False,FineWeb-2+HuggingFace
dac,Dambi,False,False,True,False,1,False,HuggingFace
dad,Marik,False,True,True,False,2,False,FineWeb-2+HuggingFace
dae,Duupa,False,False,True,False,1,False,HuggingFace
dag,Dagbani,False,True,True,True,3,False,FineWeb-2+HuggingFace+CommonVoice
dah,Gwahatike,False,True,True,False,2,False,FineWeb-2+HuggingFace
dai,Day,False,False,True,False,1,False,HuggingFace
daj,Dar Fur Daju,False,False,True,False,1,False,HuggingFace
dak,Dakota,False,True,True,False,2,False,FineWeb-2+HuggingFace
dal,Dahalo,False,False,True,False,1,False,HuggingFace
dam,Damakawa,False,False,True,False,1,False,HuggingFace
dan,Danish,False,True,True,True,3,False,FineWeb-2+HuggingFace+CommonVoice
dao,Daai Chin,False,False,True,False,1,False,HuggingFace
daq,Dandami Maria,False,False,True,False,1,False,HuggingFace
dar,Dargwa,False,True,True,True,3,False,FineWeb-2+HuggingFace+CommonVoice
das,Daho-Doo,False,False,True,False,1,False,HuggingFace
dau,Dar Sila Daju,False,False,True,False,1,False,HuggingFace
dav,Taita,False,False,True,True,2,False,HuggingFace+CommonVoice
daw,Davawenyo,False,False,True,False,1,False,HuggingFace
dax,Dayi,False,False,True,False,1,False,HuggingFace
daz,Moi-Wadea,False,False,True,False,1,False,HuggingFace
dba,Bangime,False,False,True,False,1,False,HuggingFace
dbb,Deno,False,False,True,False,1,False,HuggingFace
dbd,Dadiya,False,False,True,False,1,False,HuggingFace
dbe,Dabe,False,False,True,False,1,False,HuggingFace
dbf,Edopi,False,False,True,False,1,False,HuggingFace
dbg,Dogul Dom Dogon,False,False,True,False,1,False,HuggingFace
dbi,Doka,False,False,True,False,1,False,HuggingFace
dbj,Ida'an,False,False,True,False,1,False,HuggingFace
dbl,Dyirbal,False,False,True,False,1,False,HuggingFace
dbm,Duguri,False,False,True,False,1,False,HuggingFace
dbn,Duriankere,False,False,True,False,1,False,HuggingFace
dbo,Dulbu,False,False,True,False,1,False,HuggingFace
dbp,Duwai,False,False,True,False,1,False,HuggingFace
dbq,Daba,False,False,True,False,1,False,HuggingFace
dbr,Dabarre,False,False,True,False,1,False,HuggingFace
dbt,Ben Tey Dogon,False,False,True,False,1,False,HuggingFace
dbu,Bondum Dom Dogon,False,False,True,False,1,False,HuggingFace
dbv,Dungu,False,False,True,False,1,False,HuggingFace
dbw,Bankan Tey Dogon,False,False,True,False,1,False,HuggingFace
dby,Dibiyaso,False,False,True,False,1,False,HuggingFace
dcc,Deccan,False,False,True,False,1,False,HuggingFace
dcr,Negerhollands,False,False,True,False,1,False,HuggingFace
dda,Dadi Dadi,False,False,True,False,1,False,HuggingFace
ddd,Dongotono,False,False,True,False,1,False,HuggingFace
dde,Doondo,False,False,True,False,1,False,HuggingFace
ddg,Fataluku,False,True,True,False,2,False,FineWeb-2+HuggingFace
ddi,West Goodenough,False,False,True,False,1,False,HuggingFace
ddj,Jaru,False,False,True,False,1,False,HuggingFace
ddn,Dendi (Benin),False,True,True,False,2,False,FineWeb-2+HuggingFace
ddo,Dido,False,False,True,False,1,False,HuggingFace
ddr,Dhudhuroa,False,False,True,False,1,False,HuggingFace
dds,Donno So Dogon,False,False,True,False,1,False,HuggingFace
ddw,Dawera-Daweloor,False,False,True,False,1,False,HuggingFace
dec,Dagik,False,False,True,False,1,False,HuggingFace
ded,Dedua,False,True,True,False,2,False,FineWeb-2+HuggingFace
dee,Dewoin,False,False,True,False,1,False,HuggingFace
def,Dezfuli,False,False,True,False,1,False,HuggingFace
deg,Degema,False,False,True,False,1,False,HuggingFace
deh,Dehwari,False,False,True,False,1,False,HuggingFace
dei,Demisa,False,False,True,False,1,False,HuggingFace
del,Delaware,True,False,True,False,1,False,HuggingFace
dem,Dem,False,False,True,False,1,False,HuggingFace
den,Slavey,True,False,True,False,1,False,HuggingFace
dep,Pidgin Delaware,False,False,True,False,1,False,HuggingFace
deq,Dendi (Central African Republic),False,False,True,False,1,False,HuggingFace
der,Deori,False,False,True,False,1,False,HuggingFace
des,Desano,False,True,True,False,2,False,FineWeb-2+HuggingFace
deu,German,False,True,True,True,3,True,FineWeb-2+HuggingFace+CommonVoice
dev,Domung,False,False,True,False,1,False,HuggingFace
dez,Dengese,False,False,True,False,1,False,HuggingFace
dga,Southern Dagaare,False,True,True,False,2,False,FineWeb-2+HuggingFace
dgb,Bunoge Dogon,False,False,True,False,1,False,HuggingFace
dgc,Casiguran Dumagat Agta,False,True,True,False,2,False,FineWeb-2+HuggingFace
dgd,Dagaari Dioula,False,False,True,False,1,False,HuggingFace
dge,Degenan,False,False,True,False,1,False,HuggingFace
dgg,Doga,False,False,True,False,1,False,HuggingFace
dgh,Dghwede,False,False,True,False,1,False,HuggingFace
dgi,Northern Dagara,False,True,True,False,2,False,FineWeb-2+HuggingFace
dgk,Dagba,False,False,True,False,1,False,HuggingFace
dgl,Andaandi,False,False,True,False,1,False,HuggingFace
dgn,Dagoman,False,False,True,False,1,False,HuggingFace
dgo,Dogri (individual language),False,False,True,False,1,False,HuggingFace
dgr,Tlicho,False,True,True,False,2,False,FineWeb-2+HuggingFace
dgs,Dogoso,False,False,True,False,1,False,HuggingFace
dgt,Ndra'ngith,False,False,True,False,1,False,HuggingFace
dgw,Daungwurrung,False,False,True,False,1,False,HuggingFace
dgx,Doghoro,False,False,True,False,1,False,HuggingFace
dgz,Daga,False,True,True,False,2,False,FineWeb-2+HuggingFace
dhd,Dhundari,False,False,True,False,1,False,HuggingFace
dhg,Dhangu-Djangu,False,True,True,False,2,False,FineWeb-2+HuggingFace
dhi,Dhimal,False,False,True,False,1,False,HuggingFace
dhl,Dhalandji,False,False,True,False,1,False,HuggingFace
dhm,Zemba,False,True,True,False,2,False,FineWeb-2+HuggingFace
dhn,Dhanki,False,False,True,False,1,False,HuggingFace
dho,Dhodia,False,False,True,False,1,False,HuggingFace
dhr,Dhargari,False,False,True,False,1,False,HuggingFace
dhs,Dhaiso,False,False,True,False,1,False,HuggingFace
dhu,Dhurga,False,False,True,False,1,False,HuggingFace
dhv,Dehu,False,True,True,False,2,False,FineWeb-2+HuggingFace
dhw,Dhanwar (Nepal),False,False,True,False,1,False,HuggingFace
dhx,Dhungaloo,False,False,True,False,1,False,HuggingFace
dia,Dia,False,False,True,False,1,False,HuggingFace
dib,South Central Dinka,False,False,True,False,1,False,HuggingFace
dic,Lakota Dida,False,False,True,False,1,False,HuggingFace
did,Didinga,False,True,True,False,2,False,FineWeb-2+HuggingFace
dif,Dieri,False,False,True,False,1,False,HuggingFace
dig,Digo,False,True,True,False,2,False,FineWeb-2+HuggingFace
dih,Kumiai,False,False,True,False,1,False,HuggingFace
dii,Dimbong,False,False,True,False,1,False,HuggingFace
dij,Dai,False,False,True,False,1,False,HuggingFace
dik,Southwestern Dinka,False,True,True,False,2,False,FineWeb-2+HuggingFace
dil,Dilling,False,False,True,False,1,False,HuggingFace
dim,Dime,False,False,True,False,1,False,HuggingFace
din,Dinka,True,False,True,True,2,False,HuggingFace+CommonVoice
dio,Dibo,False,False,True,False,1,False,HuggingFace
dip,Northeastern Dinka,False,False,True,False,1,False,HuggingFace
diq,Dimli (individual language),False,True,True,False,2,False,FineWeb-2+HuggingFace
dir,Dirim,False,False,True,False,1,False,HuggingFace
dis,Dimasa,False,True,True,False,2,False,FineWeb-2+HuggingFace
diu,Diriku,False,True,True,False,2,False,FineWeb-2+HuggingFace
div,Dhivehi,False,True,True,True,3,False,FineWeb-2+HuggingFace+CommonVoice
diw,Northwestern Dinka,False,False,True,False,1,False,HuggingFace
dix,Dixon Reef,False,False,True,False,1,False,HuggingFace
diy,Diuwe,False,False,True,False,1,False,HuggingFace
diz,Ding,False,False,True,False,1,False,HuggingFace
dja,Djadjawurrung,False,False,True,False,1,False,HuggingFace
djb,Djinba,False,False,True,False,1,False,HuggingFace
djc,Dar Daju Daju,False,False,True,False,1,False,HuggingFace
djd,Djamindjung,False,False,True,False,1,False,HuggingFace
dje,Zarma,False,True,True,False,2,False,FineWeb-2+HuggingFace
djf,Djangun,False,False,True,False,1,False,HuggingFace
dji,Djinang,False,False,True,False,1,False,HuggingFace
djj,Djeebbana,False,False,True,False,1,False,HuggingFace
djk,Eastern Maroon Creole,False,True,True,False,2,False,FineWeb-2+HuggingFace
djm,Jamsay Dogon,False,False,True,False,1,False,HuggingFace
djn,Jawoyn,False,False,True,False,1,False,HuggingFace
djo,Jangkang,False,False,True,False,1,False,HuggingFace
djr,Djambarrpuyngu,False,True,True,False,2,False,FineWeb-2+HuggingFace
dju,Kapriman,False,False,True,False,1,False,HuggingFace
djw,Djawi,False,False,True,False,1,False,HuggingFace
dka,Dakpakha,False,False,True,False,1,False,HuggingFace
dkg,Kadung,False,False,True,False,1,False,HuggingFace
dkk,Dakka,False,False,True,False,1,False,HuggingFace
dkr,Kuijau,False,False,True,False,1,False,HuggingFace
dks,Southeastern Dinka,False,True,True,False,2,False,FineWeb-2+HuggingFace
dkx,Mazagway,False,False,True,False,1,False,HuggingFace
dlg,Dolgan,False,False,True,False,1,False,HuggingFace
dlk,Dahalik,False,False,True,False,1,False,HuggingFace
dlm,Dalmatian,False,False,True,False,1,False,HuggingFace
dln,Darlong,False,True,True,False,2,False,FineWeb-2+HuggingFace
dma,Duma,False,False,True,False,1,False,HuggingFace
dmb,Mombo Dogon,False,False,True,False,1,False,HuggingFace
dmc,Gavak,False,False,True,False,1,False,HuggingFace
dmd,Madhi Madhi,False,False,True,False,1,False,HuggingFace
dme,Dugwor,False,False,True,False,1,False,HuggingFace
dmf,Medefaidrin,False,False,True,False,1,False,HuggingFace
dmg,Upper Kinabatangan,False,False,True,False,1,False,HuggingFace
dmk,Domaaki,False,False,True,True,2,False,HuggingFace+CommonVoice
dml,Dameli,False,False,True,True,2,False,HuggingFace+CommonVoice
dmm,Dama,False,False,True,False,1,False,HuggingFace
dmo,Kemedzung,False,False,True,False,1,False,HuggingFace
dmr,East Damar,False,False,True,False,1,False,HuggingFace
dms,Dampelas,False,False,True,False,1,False,HuggingFace
dmu,Dubu,False,False,True,False,1,False,HuggingFace
dmv,Dumpas,False,False,True,False,1,False,HuggingFace
dmw,Mudburra,False,False,True,False,1,False,HuggingFace
dmx,Dema,False,False,True,False,1,False,HuggingFace
dmy,Demta,False,False,True,False,1,False,HuggingFace
dna,Upper Grand Valley Dani,False,False,True,False,1,False,HuggingFace
dnd,Daonda,False,False,True,False,1,False,HuggingFace
dne,Ndendeule,False,False,True,False,1,False,HuggingFace
dng,Dungan,False,True,True,False,2,False,FineWeb-2+HuggingFace
dni,Lower Grand Valley Dani,False,False,True,False,1,False,HuggingFace
dnj,Dan,False,True,True,False,2,False,FineWeb-2+HuggingFace
dnk,Dengka,False,False,True,False,1,False,HuggingFace
dnn,Dzùùngoo,False,False,True,False,1,False,HuggingFace
dno,Ndrulo,False,False,True,False,1,False,HuggingFace
dnr,Danaru,False,False,True,False,1,False,HuggingFace
dnt,Mid Grand Valley Dani,False,False,True,False,1,False,HuggingFace
dnu,Danau,False,False,True,False,1,False,HuggingFace
dnv,Danu,False,False,True,False,1,False,HuggingFace
dnw,Western Dani,False,True,True,False,2,False,FineWeb-2+HuggingFace
dny,Dení,False,False,True,False,1,False,HuggingFace
doa,Dom,False,False,True,False,1,False,HuggingFace
dob,Dobu,False,True,True,False,2,False,FineWeb-2+HuggingFace
doc,Northern Dong,False,False,True,False,1,False,HuggingFace
doe,Doe,False,False,True,False,1,False,HuggingFace
dof,Domu,False,False,True,False,1,False,HuggingFace
doh,Dong,False,False,True,False,1,False,HuggingFace
doi,Dogri (macrolanguage),True,True,True,False,2,False,FineWeb-2+HuggingFace
dok,Dondo,False,False,True,False,1,False,HuggingFace
dol,Doso,False,False,True,False,1,False,HuggingFace
don,Toura (Papua New Guinea),False,False,True,False,1,False,HuggingFace
doo,Dongo,False,False,True,False,1,False,HuggingFace
dop,Lukpa,False,True,True,False,2,False,FineWeb-2+HuggingFace
doq,Dominican Sign Language,False,False,True,False,1,False,HuggingFace
dor,Dori'o,False,False,True,False,1,False,HuggingFace
dos,Dogosé,False,True,True,False,2,False,FineWeb-2+HuggingFace
dot,Dass,False,False,True,False,1,False,HuggingFace
dov,Dombe,False,False,True,False,1,False,HuggingFace
dow,Doyayo,False,True,True,False,2,False,FineWeb-2+HuggingFace
dox,Bussa,False,False,True,False,1,False,HuggingFace
doy,Dompo,False,False,True,False,1,False,HuggingFace
doz,Dorze,False,False,True,False,1,False,HuggingFace
dpp,Papar,False,False,True,False,1,False,HuggingFace
drb,Dair,False,False,True,False,1,False,HuggingFace
drc,Minderico,False,False,True,False,1,False,HuggingFace
drd,Darmiya,False,False,True,False,1,False,HuggingFace
dre,Dolpo,False,False,True,False,1,False,HuggingFace
drg,Rungus,False,True,True,False,2,False,FineWeb-2+HuggingFace
dri,C'Lela,False,False,True,False,1,False,HuggingFace
drl,Paakantyi,False,False,True,False,1,False,HuggingFace
drn,West Damar,False,False,True,False,1,False,HuggingFace
dro,Daro-Matu Melanau,False,False,True,False,1,False,HuggingFace
drq,Dura,False,False,True,False,1,False,HuggingFace
drs,Gedeo,False,False,True,False,1,False,HuggingFace
drt,Drents,False,False,True,False,1,False,HuggingFace
dru,Rukai,False,True,True,True,3,False,FineWeb-2+HuggingFace+CommonVoice
dry,Darai,False,False,True,False,1,False,HuggingFace
dsb,Lower Sorbian,False,True,True,True,3,False,FineWeb-2+HuggingFace+CommonVoice
dse,Dutch Sign Language,False,False,True,False,1,False,HuggingFace
dsh,Daasanach,False,False,True,False,1,False,HuggingFace
dsi,Disa,False,False,True,False,1,False,HuggingFace
dsk,Dokshi,False,False,False,False,0,False,NONE
dsl,Danish Sign Language,False,False,True,False,1,False,HuggingFace
dsn,Dusner,False,False,True,False,1,False,HuggingFace
dso,Desiya,False,False,True,False,1,False,HuggingFace
dsq,Tadaksahak,False,False,True,False,1,False,HuggingFace
dsz,Mardin Sign Language,False,False,True,False,1,False,HuggingFace
dta,Daur,False,False,True,False,1,False,HuggingFace
dtb,Labuk-Kinabatangan Kadazan,False,True,True,False,2,False,FineWeb-2+HuggingFace
dtd,Ditidaht,False,False,True,False,1,False,HuggingFace
dth,Adithinngithigh,False,False,True,False,1,False,HuggingFace
dti,Ana Tinga Dogon,False,False,True,False,1,False,HuggingFace
dtk,Tene Kan Dogon,False,False,True,False,1,False,HuggingFace
dtm,Tomo Kan Dogon,False,False,True,False,1,False,HuggingFace
dtn,Daatsʼíin,False,False,True,False,1,False,HuggingFace
dto,Tommo So Dogon,False,False,True,False,1,False,HuggingFace
dtp,Kadazan Dusun,False,True,True,False,2,False,FineWeb-2+HuggingFace
dtr,Lotud,False,False,True,False,1,False,HuggingFace
dts,Toro So Dogon,False,True,True,False,2,False,FineWeb-2+HuggingFace
dtt,Toro Tegu Dogon,False,False,True,False,1,False,HuggingFace
dtu,Tebul Ure Dogon,False,False,True,False,1,False,HuggingFace
dty,Dotyali,False,True,True,False,2,False,FineWeb-2+HuggingFace
dua,Duala,False,True,True,True,3,False,FineWeb-2+HuggingFace+CommonVoice
dub,Dubli,False,False,True,False,1,False,HuggingFace
duc,Duna,False,False,True,False,1,False,HuggingFace
due,Umiray Dumaget Agta,False,True,True,False,2,False,FineWeb-2+HuggingFace
duf,Dumbea,False,False,True,False,1,False,HuggingFace
dug,Duruma,False,True,True,False,2,False,FineWeb-2+HuggingFace
duh,Dungra Bhil,False,False,True,False,1,False,HuggingFace
dui,Dumun,False,False,True,False,1,False,HuggingFace
duk,Uyajitaya,False,False,True,False,1,False,HuggingFace
dul,Alabat Island Agta,False,False,True,False,1,False,HuggingFace
dum,Middle Dutch (ca. 1050-1350),False,False,True,False,1,False,HuggingFace
dun,Dusun Deyah,False,False,True,False,1,False,HuggingFace
duo,Dupaninan Agta,False,True,True,False,2,False,FineWeb-2+HuggingFace
dup,Duano,False,False,True,False,1,False,HuggingFace
duq,Dusun Malang,False,False,True,False,1,False,HuggingFace
dur,Dii,False,True,True,False,2,False,FineWeb-2+HuggingFace
dus,Dumi,False,False,True,False,1,False,HuggingFace
duu,Drung,False,False,True,False,1,False,HuggingFace
duv,Duvle,False,False,True,False,1,False,HuggingFace
duw,Dusun Witu,False,False,True,False,1,False,HuggingFace
dux,Duungooma,False,False,True,False,1,False,HuggingFace
duy,Dicamay Agta,False,False,True,False,1,False,HuggingFace
duz,Duli-Gey,False,False,True,False,1,False,HuggingFace
dva,Duau,False,False,True,False,1,False,HuggingFace
dwa,Diri,False,False,True,False,1,False,HuggingFace
dwk,Dawik Kui,False,False,True,False,1,False,HuggingFace
dwr,Dawro,False,True,True,False,2,False,FineWeb-2+HuggingFace
dws,Dutton World Speedwords,False,False,True,False,1,False,HuggingFace
dwu,Dhuwal,False,False,True,False,1,False,HuggingFace
dww,Dawawa,False,True,True,False,2,False,FineWeb-2+HuggingFace
dwy,Dhuwaya,False,False,True,False,1,False,HuggingFace
dwz,Dewas Rai,False,False,True,False,1,False,HuggingFace
dya,Dyan,False,False,True,False,1,False,HuggingFace
dyb,Dyaberdyaber,False,False,True,False,1,False,HuggingFace
dyd,Dyugun,False,False,True,False,1,False,HuggingFace
dyg,Villa Viciosa Agta,False,False,True,False,1,False,HuggingFace
dyi,Djimini Senoufo,False,True,True,False,2,False,FineWeb-2+HuggingFace
dyl,Bhutanese Sign Language,False,False,False,False,0,False,NONE
dym,Yanda Dom Dogon,False,False,True,False,1,False,HuggingFace
dyn,Dyangadi,False,False,True,False,1,False,HuggingFace
dyo,Jola-Fonyi,False,True,True,False,2,False,FineWeb-2+HuggingFace
dyr,Dyarim,False,False,False,False,0,False,NONE
dyu,Dyula,False,True,True,True,3,False,FineWeb-2+HuggingFace+CommonVoice
dyy,Djabugay,False,False,True,False,1,False,HuggingFace
dza,Tunzu,False,False,True,False,1,False,HuggingFace
dzd,Daza,False,False,False,False,0,False,NONE
dze,Djiwarli,False,False,True,False,1,False,HuggingFace
dzg,Dazaga,False,False,True,False,1,False,HuggingFace
dzl,Dzalakha,False,False,True,False,1,False,HuggingFace
dzn,Dzando,False,False,True,False,1,False,HuggingFace
dzo,Dzongkha,False,True,True,True,3,False,FineWeb-2+HuggingFace+CommonVoice
eaa,Karenggapa,False,False,True,False,1,False,HuggingFace
ebc,Beginci,False,False,True,False,1,False,HuggingFace
ebg,Ebughu,False,False,True,False,1,False,HuggingFace
ebk,Eastern Bontok,False,True,True,False,2,False,FineWeb-2+HuggingFace
ebo,Teke-Ebo,False,False,True,False,1,False,HuggingFace
ebr,Ebrié,False,False,True,True,2,False,HuggingFace+CommonVoice
ebu,Embu,False,False,True,False,1,False,HuggingFace
ecr,Eteocretan,False,False,True,False,1,False,HuggingFace
ecs,Ecuadorian Sign Language,False,False,True,False,1,False,HuggingFace
ecy,Eteocypriot,False,False,True,False,1,False,HuggingFace
eee,E,False,False,True,False,1,False,HuggingFace
efa,Efai,False,False,True,False,1,False,HuggingFace
efe,Efe,False,False,True,False,1,False,HuggingFace
efi,Efik,False,True,True,False,2,False,FineWeb-2+HuggingFace
ega,Ega,False,False,True,False,1,False,HuggingFace
egl,Emilian,False,False,True,False,1,False,HuggingFace
egm,Benamanga,False,False,True,False,1,False,HuggingFace
ego,Eggon,False,False,True,False,1,False,HuggingFace
egy,Egyptian (Ancient),False,False,True,False,1,False,HuggingFace
ehs,Miyakubo Sign Language,False,False,True,False,1,False,HuggingFace
ehu,Ehueun,False,False,True,False,1,False,HuggingFace
eip,Eipomek,False,False,True,False,1,False,HuggingFace
eit,Eitiep,False,False,True,False,1,False,HuggingFace
eiv,Askopan,False,False,True,False,1,False,HuggingFace
eja,Ejamat,False,False,True,False,1,False,HuggingFace
eka,Ekajuk,False,True,True,False,2,False,FineWeb-2+HuggingFace
eke,Ekit,False,False,True,False,1,False,HuggingFace
ekg,Ekari,False,False,True,False,1,False,HuggingFace
eki,Eki,False,False,True,False,1,False,HuggingFace
ekk,Standard Estonian,False,True,True,False,2,False,FineWeb-2+HuggingFace
ekl,Kol (Bangladesh),False,False,True,False,1,False,HuggingFace
ekm,Elip,False,False,True,False,1,False,HuggingFace
eko,Koti,False,True,True,True,3,False,FineWeb-2+HuggingFace+CommonVoice
ekp,Ekpeye,False,False,True,False,1,False,HuggingFace
ekr,Yace,False,False,True,False,1,False,HuggingFace
eky,Eastern Kayah,False,False,True,False,1,False,HuggingFace
ele,Elepi,False,False,True,False,1,False,HuggingFace
elh,El Hugeirat,False,False,True,False,1,False,HuggingFace
eli,Nding,False,False,True,False,1,False,HuggingFace
elk,Elkei,False,False,True,False,1,False,HuggingFace
ell,Modern Greek (1453-),False,True,True,True,3,False,FineWeb-2+HuggingFace+CommonVoice
elm,Eleme,False,False,True,False,1,False,HuggingFace
elo,El Molo,False,False,True,False,1,False,HuggingFace
elu,Elu,False,False,True,False,1,False,HuggingFace
elx,Elamite,False,False,True,False,1,False,HuggingFace
ema,Emai-Iuleha-Ora,False,False,True,False,1,False,HuggingFace
emb,Embaloh,False,False,True,False,1,False,HuggingFace
eme,Emerillon,False,False,True,False,1,False,HuggingFace
emg,Eastern Meohang,False,False,True,False,1,False,HuggingFace
emi,Mussau-Emira,False,True,True,False,2,False,FineWeb-2+HuggingFace
emk,Eastern Maninkakan,False,False,True,False,1,False,HuggingFace
emm,Mamulique,False,False,True,False,1,False,HuggingFace
emn,Eman,False,False,True,False,1,False,HuggingFace
emp,Northern Emberá,False,True,True,False,2,False,FineWeb-2+HuggingFace
emq,Eastern Minyag,False,False,True,False,1,False,HuggingFace
ems,Pacific Gulf Yupik,False,False,True,False,1,False,HuggingFace
emu,Eastern Muria,False,False,True,False,1,False,HuggingFace
emw,Emplawas,False,False,True,False,1,False,HuggingFace
emx,Erromintxela,False,False,True,False,1,False,HuggingFace
emy,Epigraphic Mayan,False,False,True,False,1,False,HuggingFace
emz,Mbessa,False,False,True,False,1,False,HuggingFace
ena,Apali,False,False,True,False,1,False,HuggingFace
enb,Markweeta,False,True,True,False,2,False,FineWeb-2+HuggingFace
enc,En,False,False,True,False,1,False,HuggingFace
end,Ende,False,False,True,False,1,False,HuggingFace
enf,Forest Enets,False,False,True,False,1,False,HuggingFace
eng,English,False,False,True,True,2,False,HuggingFace+CommonVoice
enh,Tundra Enets,False,False,True,False,1,False,HuggingFace
enl,Enlhet,False,True,True,False,2,False,FineWeb-2+HuggingFace
enm,Middle English (1100-1500),False,True,True,False,2,False,FineWeb-2+HuggingFace
enn,Engenni,False,False,True,False,1,False,HuggingFace
eno,Enggano,False,False,True,False,1,False,HuggingFace
enq,Enga,False,True,True,False,2,False,FineWeb-2+HuggingFace
enr,Emumu,False,False,True,False,1,False,HuggingFace
enu,Enu,False,False,True,False,1,False,HuggingFace
env,Enwan (Edo State),False,False,True,False,1,False,HuggingFace
enw,Enwan (Akwa Ibom State),False,False,True,False,1,False,HuggingFace
enx,Enxet,False,True,True,False,2,False,FineWeb-2+HuggingFace
eot,Beti (Côte d'Ivoire),False,False,True,False,1,False,HuggingFace
epi,Epie,False,False,True,False,1,False,HuggingFace
epo,Esperanto,False,True,True,True,3,False,FineWeb-2+HuggingFace+CommonVoice
era,Eravallan,False,False,True,False,1,False,HuggingFace
erg,Sie,False,False,True,False,1,False,HuggingFace
erh,Eruwa,False,False,True,False,1,False,HuggingFace
eri,Ogea,False,True,True,False,2,False,FineWeb-2+HuggingFace
erk,South Efate,False,False,True,False,1,False,HuggingFace
ero,Horpa,False,False,True,False,1,False,HuggingFace
err,Erre,False,False,True,False,1,False,HuggingFace
ers,Ersu,False,False,True,False,1,False,HuggingFace
ert,Eritai,False,False,True,False,1,False,HuggingFace
erw,Erokwanas,False,False,True,False,1,False,HuggingFace
ese,Ese Ejja,False,True,True,False,2,False,FineWeb-2+HuggingFace
esg,Aheri Gondi,False,False,True,False,1,False,HuggingFace
esh,Eshtehardi,False,False,True,False,1,False,HuggingFace
esi,North Alaskan Inupiatun,False,True,True,False,2,False,FineWeb-2+HuggingFace
esk,Northwest Alaska Inupiatun,False,True,True,False,2,False,FineWeb-2+HuggingFace
esl,Egypt Sign Language,False,False,True,False,1,False,HuggingFace
esm,Esuma,False,False,True,False,1,False,HuggingFace
esn,Salvadoran Sign Language,False,False,True,False,1,False,HuggingFace
eso,Estonian Sign Language,False,False,True,False,1,False,HuggingFace
esq,Esselen,False,False,True,False,1,False,HuggingFace
ess,Central Siberian Yupik,False,True,True,False,2,False,FineWeb-2+HuggingFace
est,Estonian,True,False,True,True,2,False,HuggingFace+CommonVoice
esu,Central Yupik,False,True,True,True,3,False,FineWeb-2+HuggingFace+CommonVoice
esy,Eskayan,False,False,True,False,1,False,HuggingFace
etb,Etebi,False,False,True,False,1,False,HuggingFace
etc,Etchemin,False,False,True,False,1,False,HuggingFace
eth,Ethiopian Sign Language,False,False,True,False,1,False,HuggingFace
etn,Eton (Vanuatu),False,False,True,False,1,False,HuggingFace
eto,Eton (Cameroon),False,True,True,True,3,False,FineWeb-2+HuggingFace+CommonVoice
etr,Edolo,False,True,True,False,2,False,FineWeb-2+HuggingFace
ets,Yekhee,False,False,True,False,1,False,HuggingFace
ett,Etruscan,False,False,True,False,1,False,HuggingFace
etu,Ejagham,False,True,True,False,2,False,FineWeb-2+HuggingFace
etx,Eten,False,False,True,False,1,False,HuggingFace
etz,Semimi,False,False,True,False,1,False,HuggingFace
eud,Eudeve,False,False,False,False,0,False,NONE
eus,Basque,False,True,True,True,3,False,FineWeb-2+HuggingFace+CommonVoice
eve,Even,False,True,True,False,2,False,FineWeb-2+HuggingFace
evh,Uvbie,False,False,True,False,1,False,HuggingFace
evn,Evenki,False,False,True,False,1,False,HuggingFace
ewe,Ewe,False,True,True,True,3,False,FineWeb-2+HuggingFace+CommonVoice
ewo,Ewondo,False,True,True,True,3,False,FineWeb-2+HuggingFace+CommonVoice
ext,Extremaduran,False,True,True,False,2,False,FineWeb-2+HuggingFace
eya,Eyak,False,False,True,False,1,False,HuggingFace
eyo,Keiyo,False,False,True,False,1,False,HuggingFace
eza,Ezaa,False,True,True,False,2,False,FineWeb-2+HuggingFace
eze,Uzekwe,False,False,True,False,1,False,HuggingFace
faa,Fasu,False,True,True,False,2,False,FineWeb-2+HuggingFace
fab,Fa d'Ambu,False,False,True,False,1,False,HuggingFace
fad,Wagi,False,True,True,False,2,False,FineWeb-2+HuggingFace
faf,Fagani,False,False,True,False,1,False,HuggingFace
fag,Finongan,False,False,True,False,1,False,HuggingFace
fah,Baissa Fali,False,False,True,False,1,False,HuggingFace
fai,Faiwol,False,True,True,False,2,False,FineWeb-2+HuggingFace
faj,Faita,False,False,True,False,1,False,HuggingFace
fak,Fang (Cameroon),False,False,True,False,1,False,HuggingFace
fal,South Fali,False,True,True,False,2,False,FineWeb-2+HuggingFace
fam,Fam,False,False,True,False,1,False,HuggingFace
fan,Fang (Equatorial Guinea),False,True,True,True,3,False,FineWeb-2+HuggingFace+CommonVoice
fao,Faroese,False,True,True,True,3,False,FineWeb-2+HuggingFace+CommonVoice
fap,Paloor,False,False,True,False,1,False,HuggingFace
far,Fataleka,False,True,True,False,2,False,FineWeb-2+HuggingFace
fas,Persian,True,True,True,True,3,True,FineWeb-2+HuggingFace+CommonVoice
fat,Fanti,False,True,True,False,2,False,FineWeb-2+HuggingFace
fau,Fayu,False,False,True,False,1,False,HuggingFace
fax,Fala,False,False,True,False,1,False,HuggingFace
fay,Southwestern Fars,False,False,True,False,1,False,HuggingFace
faz,Northwestern Fars,False,False,True,False,1,False,HuggingFace
fbl,West Albay Bikol,False,False,True,False,1,False,HuggingFace
fcs,Quebec Sign Language,False,False,True,False,1,False,HuggingFace
fer,Feroge,False,False,True,False,1,False,HuggingFace
ffi,Foia Foia,False,False,True,False,1,False,HuggingFace
ffm,Maasina Fulfulde,False,True,True,False,2,False,FineWeb-2+HuggingFace
fgr,Fongoro,False,False,True,False,1,False,HuggingFace
fia,Nobiin,False,False,True,False,1,False,HuggingFace
fie,Fyer,False,False,True,False,1,False,HuggingFace
fif,Faifi,False,False,True,False,1,False,HuggingFace
fij,Fijian,False,True,True,False,2,False,FineWeb-2+HuggingFace
fil,Filipino,False,True,True,False,2,False,FineWeb-2+HuggingFace
fin,Finnish,False,True,True,True,3,False,FineWeb-2+HuggingFace+CommonVoice
fip,Fipa,False,False,True,False,1,False,HuggingFace
fir,Firan,False,False,True,False,1,False,HuggingFace
fit,Tornedalen Finnish,False,True,True,False,2,False,FineWeb-2+HuggingFace
fiw,Fiwaga,False,False,True,False,1,False,HuggingFace
fkk,Kirya-Konzəl,False,False,True,False,1,False,HuggingFace
fkv,Kven Finnish,False,True,True,False,2,False,FineWeb-2+HuggingFace
fla,Kalispel-Pend d'Oreille,False,False,True,False,1,False,HuggingFace
flh,Foau,False,False,True,False,1,False,HuggingFace
fli,Fali,False,False,True,False,1,False,HuggingFace
fll,North Fali,False,False,True,False,1,False,HuggingFace
fln,Flinders Island,False,False,True,False,1,False,HuggingFace
flr,Fuliiru,False,False,True,False,1,False,HuggingFace
fly,Flaaitaal,False,False,True,False,1,False,HuggingFace
fmp,Fe'fe',False,False,True,True,2,False,HuggingFace+CommonVoice
fmu,Far Western Muria,False,True,True,False,2,False,FineWeb-2+HuggingFace
fnb,Fanbak,False,False,True,False,1,False,HuggingFace
fng,Fanagalo,False,False,True,False,1,False,HuggingFace
fni,Fania,False,False,True,False,1,False,HuggingFace
fod,Foodo,False,False,True,False,1,False,HuggingFace
foi,Foi,False,False,True,False,1,False,HuggingFace
fom,Foma,False,False,True,False,1,False,HuggingFace
fon,Fon,False,True,True,False,2,False,FineWeb-2+HuggingFace
for,Fore,False,True,True,False,2,False,FineWeb-2+HuggingFace
fos,Siraya,False,False,True,False,1,False,HuggingFace
fpe,Fernando Po Creole English,False,False,True,False,1,False,HuggingFace
fqs,Fas,False,False,True,False,1,False,HuggingFace
fra,French,False,True,True,True,3,True,FineWeb-2+HuggingFace+CommonVoice
frc,Cajun French,False,False,True,False,1,False,HuggingFace
frd,Fordata,False,True,True,False,2,False,FineWeb-2+HuggingFace
frk,Frankish,False,False,True,False,1,False,HuggingFace
frm,Middle French (ca. 1400-1600),False,False,True,False,1,False,HuggingFace
fro,Old French (842-ca. 1400),False,True,True,False,2,False,FineWeb-2+HuggingFace
frp,Arpitan,False,True,True,False,2,False,FineWeb-2+HuggingFace
frq,Forak,False,False,True,False,1,False,HuggingFace
frr,Northern Frisian,False,True,True,False,2,False,FineWeb-2+HuggingFace
frs,Eastern Frisian,False,False,True,False,1,False,HuggingFace
frt,Fortsenal,False,False,True,False,1,False,HuggingFace
fry,Western Frisian,False,True,True,True,3,False,FineWeb-2+HuggingFace+CommonVoice
fse,Finnish Sign Language,False,False,True,False,1,False,HuggingFace
fsl,French Sign Language,False,False,True,False,1,False,HuggingFace
fss,Finland-Swedish Sign Language,False,False,True,False,1,False,HuggingFace
fub,Adamawa Fulfulde,False,True,True,True,3,False,FineWeb-2+HuggingFace+CommonVoice
fuc,Pulaar,False,False,True,False,1,False,HuggingFace
fud,East Futuna,False,True,True,False,2,False,FineWeb-2+HuggingFace
fue,Borgu Fulfulde,False,True,True,True,3,False,FineWeb-2+HuggingFace+CommonVoice
fuf,Pular,False,True,True,True,3,False,FineWeb-2+HuggingFace+CommonVoice
fuh,Western Niger Fulfulde,False,True,True,False,2,False,FineWeb-2+HuggingFace
fui,Bagirmi Fulfulde,False,False,True,False,1,False,HuggingFace
fuj,Ko,False,False,True,False,1,False,HuggingFace
ful,Fulah,True,False,True,True,2,False,HuggingFace+CommonVoice
fum,Fum,False,False,True,False,1,False,HuggingFace
fun,Fulniô,False,False,True,False,1,False,HuggingFace
fuq,Central-Eastern Niger Fulfulde,False,True,True,False,2,False,FineWeb-2+HuggingFace
fur,Friulian,False,True,True,False,2,False,FineWeb-2+HuggingFace
fut,Futuna-Aniwa,False,False,True,False,1,False,HuggingFace
fuu,Furu,False,False,True,False,1,False,HuggingFace
fuv,Nigerian Fulfulde,False,True,True,False,2,False,FineWeb-2+HuggingFace
fuy,Fuyug,False,False,True,False,1,False,HuggingFace
fvr,Fur,False,False,True,False,1,False,HuggingFace
fwa,Fwâi,False,False,True,False,1,False,HuggingFace
fwe,Fwe,False,False,True,False,1,False,HuggingFace
gaa,Ga,False,True,True,True,3,False,FineWeb-2+HuggingFace+CommonVoice
gab,Gabri,False,False,True,False,1,False,HuggingFace
gac,Mixed Great Andamanese,False,False,True,False,1,False,HuggingFace
gad,Gaddang,False,False,True,False,1,False,HuggingFace
gae,Guarequena,False,False,True,False,1,False,HuggingFace
gaf,Gende,False,False,True,False,1,False,HuggingFace
gag,Gagauz,False,True,True,False,2,False,FineWeb-2+HuggingFace
gah,Alekano,False,True,True,False,2,False,FineWeb-2+HuggingFace
gai,Borei,False,True,True,False,2,False,FineWeb-2+HuggingFace
gaj,Gadsup,False,False,True,False,1,False,HuggingFace
gak,Gamkonora,False,False,True,False,1,False,HuggingFace
gal,Galolen,False,False,True,False,1,False,HuggingFace
gam,Kandawo,False,True,True,False,2,False,FineWeb-2+HuggingFace
gan,Gan Chinese,False,False,True,False,1,False,HuggingFace
gao,Gants,False,False,True,False,1,False,HuggingFace
gap,Gal,False,False,True,False,1,False,HuggingFace
gaq,Gata',False,False,True,False,1,False,HuggingFace
gar,Galeya,False,False,True,False,1,False,HuggingFace
gas,Adiwasi Garasia,False,False,True,False,1,False,HuggingFace
gat,Kenati,False,False,True,False,1,False,HuggingFace
gau,Mudhili Gadaba,False,False,True,False,1,False,HuggingFace
gaw,Nobonob,False,True,True,False,2,False,FineWeb-2+HuggingFace
gax,Borana-Arsi-Guji Oromo,False,False,True,False,1,False,HuggingFace
gay,Gayo,False,False,True,False,1,False,HuggingFace
gaz,West Central Oromo,False,True,True,False,2,False,FineWeb-2+HuggingFace
gba,Gbaya (Central African Republic),True,False,True,False,1,False,HuggingFace
gbb,Kaytetye,False,False,True,False,1,False,HuggingFace
gbd,Karajarri,False,False,True,False,1,False,HuggingFace
gbe,Niksek,False,False,True,False,1,False,HuggingFace
gbf,Gaikundi,False,False,True,False,1,False,HuggingFace
gbg,Gbanziri,False,False,True,False,1,False,HuggingFace
gbh,Defi Gbe,False,False,True,False,1,False,HuggingFace
gbi,Galela,False,True,True,False,2,False,FineWeb-2+HuggingFace
gbj,Bodo Gadaba,False,False,True,False,1,False,HuggingFace
gbk,Gaddi,False,False,True,False,1,False,HuggingFace
gbl,Gamit,False,False,True,False,1,False,HuggingFace
gbm,Garhwali,False,False,True,False,1,False,HuggingFace
gbn,Mo'da,False,False,True,False,1,False,HuggingFace
gbo,Northern Grebo,False,True,True,False,2,False,FineWeb-2+HuggingFace
gbp,Gbaya-Bossangoa,False,False,True,False,1,False,HuggingFace
gbq,Gbaya-Bozoum,False,False,True,False,1,False,HuggingFace
gbr,Gbagyi,False,True,True,False,2,False,FineWeb-2+HuggingFace
gbs,Gbesi Gbe,False,False,True,False,1,False,HuggingFace
gbu,Gagadu,False,False,True,False,1,False,HuggingFace
gbv,Gbanu,False,False,True,False,1,False,HuggingFace
gbw,Gabi-Gabi,False,False,True,False,1,False,HuggingFace
gbx,Eastern Xwla Gbe,False,False,True,False,1,False,HuggingFace
gby,Gbari,False,False,True,False,1,False,HuggingFace
gbz,Zoroastrian Dari,False,False,True,False,1,False,HuggingFace
gcc,Mali,False,False,True,False,1,False,HuggingFace
gcd,Ganggalida,False,False,True,False,1,False,HuggingFace
gce,Galice,False,False,True,False,1,False,HuggingFace
gcf,Guadeloupean Creole French,False,True,True,True,3,False,FineWeb-2+HuggingFace+CommonVoice
gcl,Grenadian Creole English,False,False,True,False,1,False,HuggingFace
gcn,Gaina,False,False,True,False,1,False,HuggingFace
gcr,Guianese Creole French,False,True,True,False,2,False,FineWeb-2+HuggingFace
gct,Colonia Tovar German,False,False,True,False,1,False,HuggingFace
gda,Gade Lohar,False,False,True,False,1,False,HuggingFace
gdb,Pottangi Ollar Gadaba,False,False,True,False,1,False,HuggingFace
gdc,Gugu Badhun,False,False,True,False,1,False,HuggingFace
gdd,Gedaged,False,False,True,False,1,False,HuggingFace
gde,Gude,False,True,True,False,2,False,FineWeb-2+HuggingFace
gdf,Guduf-Gava,False,False,True,False,1,False,HuggingFace
gdg,Ga'dang,False,True,True,False,2,False,FineWeb-2+HuggingFace
gdh,Gadjerawang,False,False,True,False,1,False,HuggingFace
gdi,Gundi,False,False,True,False,1,False,HuggingFace
gdj,Gurdjar,False,False,True,False,1,False,HuggingFace
gdk,Gadang,False,False,True,False,1,False,HuggingFace
gdl,Dirasha,False,False,True,False,1,False,HuggingFace
gdm,Laal,False,False,True,False,1,False,HuggingFace
gdn,Umanakaina,False,True,True,False,2,False,FineWeb-2+HuggingFace
gdo,Ghodoberi,False,False,True,False,1,False,HuggingFace
gdq,Mehri,False,False,True,False,1,False,HuggingFace
gdr,Wipi,False,True,True,False,2,False,FineWeb-2+HuggingFace
gds,Ghandruk Sign Language,False,False,True,False,1,False,HuggingFace
gdt,Kungardutyi,False,False,True,False,1,False,HuggingFace
gdu,Gudu,False,False,True,False,1,False,HuggingFace
gdx,Godwari,False,False,True,False,1,False,HuggingFace
gea,Geruma,False,False,True,False,1,False,HuggingFace
geb,Kire,False,True,True,False,2,False,FineWeb-2+HuggingFace
gec,Gboloo Grebo,False,False,True,False,1,False,HuggingFace
ged,Gade,False,False,True,False,1,False,HuggingFace
gef,Gerai,False,False,True,False,1,False,HuggingFace
geg,Gengle,False,False,True,False,1,False,HuggingFace
geh,Hutterite German,False,False,True,False,1,False,HuggingFace
gei,Gebe,False,False,True,False,1,False,HuggingFace
gej,Gen,False,True,True,True,3,False,FineWeb-2+HuggingFace+CommonVoice
gek,Ywom,False,False,True,False,1,False,HuggingFace
gel,ut-Ma'in,False,False,True,False,1,False,HuggingFace
geq,Geme,False,False,True,False,1,False,HuggingFace
ges,Geser-Gorom,False,False,True,False,1,False,HuggingFace
gev,Eviya,False,False,True,False,1,False,HuggingFace
gew,Gera,False,False,True,False,1,False,HuggingFace
gex,Garre,False,False,True,False,1,False,HuggingFace
gey,Enya,False,False,True,False,1,False,HuggingFace
gez,Geez,False,False,True,False,1,False,HuggingFace
gfk,Patpatar,False,True,True,False,2,False,FineWeb-2+HuggingFace
gft,Gafat,False,False,True,False,1,False,HuggingFace
gga,Gao,False,False,True,False,1,False,HuggingFace
ggb,Gbii,False,False,True,False,1,False,HuggingFace
ggd,Gugadj,False,False,True,False,1,False,HuggingFace
gge,Gurr-goni,False,False,True,False,1,False,HuggingFace
ggg,Gurgula,False,False,True,True,2,False,HuggingFace+CommonVoice
ggk,Kungarakany,False,False,True,False,1,False,HuggingFace
ggl,Ganglau,False,False,True,False,1,False,HuggingFace
ggt,Gitua,False,False,True,False,1,False,HuggingFace
ggu,Gagu,False,False,True,False,1,False,HuggingFace
ggw,Gogodala,False,False,True,False,1,False,HuggingFace
gha,Ghadamès,False,False,True,False,1,False,HuggingFace
ghc,Hiberno-Scottish Gaelic,False,False,True,False,1,False,HuggingFace
ghe,Southern Ghale,False,False,True,False,1,False,HuggingFace
ghh,Northern Ghale,False,False,True,False,1,False,HuggingFace
ghk,Geko Karen,False,False,True,False,1,False,HuggingFace
ghl,Ghulfan,False,False,True,False,1,False,HuggingFace
ghn,Ghanongga,False,False,True,False,1,False,HuggingFace
gho,Ghomara,False,False,True,False,1,False,HuggingFace
ghr,Ghera,False,False,True,False,1,False,HuggingFace
ghs,Guhu-Samane,False,True,True,False,2,False,FineWeb-2+HuggingFace
ght,Kuke,False,False,True,False,1,False,HuggingFace
gia,Kija,False,False,True,False,1,False,HuggingFace
gib,Gibanawa,False,False,True,False,1,False,HuggingFace
gic,Gail,False,False,True,False,1,False,HuggingFace
gid,Gidar,False,True,True,True,3,False,FineWeb-2+HuggingFace+CommonVoice
gie,Gaɓogbo,False,False,True,False,1,False,HuggingFace
gig,Goaria,False,False,True,True,2,False,HuggingFace+CommonVoice
gih,Githabul,False,False,True,False,1,False,HuggingFace
gii,Girirra,False,False,True,False,1,False,HuggingFace
gil,Gilbertese,False,True,True,False,2,False,FineWeb-2+HuggingFace
gim,Gimi (Eastern Highlands),False,False,True,False,1,False,HuggingFace
gin,Hinukh,False,False,True,False,1,False,HuggingFace
gip,Gimi (West New Britain),False,False,True,False,1,False,HuggingFace
giq,Green Gelao,False,False,True,False,1,False,HuggingFace
gir,Red Gelao,False,False,True,False,1,False,HuggingFace
gis,North Giziga,False,False,True,False,1,False,HuggingFace
git,Gitxsan,False,False,True,False,1,False,HuggingFace
giu,Mulao,False,False,True,False,1,False,HuggingFace
giw,White Gelao,False,False,True,False,1,False,HuggingFace
gix,Gilima,False,False,True,False,1,False,HuggingFace
giy,Giyug,False,False,True,False,1,False,HuggingFace
giz,South Giziga,False,True,True,True,3,False,FineWeb-2+HuggingFace+CommonVoice
gjk,Kachi Koli,False,False,True,True,2,False,HuggingFace+CommonVoice
gjm,Gunditjmara,False,False,True,False,1,False,HuggingFace
gjn,Gonja,False,True,True,False,2,False,FineWeb-2+HuggingFace
gjr,Gurindji Kriol,False,False,True,False,1,False,HuggingFace
gju,Gujari,False,False,True,True,2,False,HuggingFace+CommonVoice
gka,Guya,False,False,True,False,1,False,HuggingFace
gkd,Magɨ (Madang Province),False,False,True,False,1,False,HuggingFace
gke,Ndai,False,False,True,False,1,False,HuggingFace
gkn,Gokana,False,True,True,False,2,False,FineWeb-2+HuggingFace
gko,Kok-Nar,False,False,True,False,1,False,HuggingFace
gkp,Guinea Kpelle,False,False,True,False,1,False,HuggingFace
gku,ǂUngkue,False,False,True,False,1,False,HuggingFace
gla,Scottish Gaelic,False,True,True,False,2,False,FineWeb-2+HuggingFace
glb,Belning,False,False,True,False,1,False,HuggingFace
glc,Bon Gula,False,False,True,False,1,False,HuggingFace
gld,Nanai,False,False,True,False,1,False,HuggingFace
gle,Irish,False,True,True,True,3,False,FineWeb-2+HuggingFace+CommonVoice
glg,Galician,False,True,True,True,3,False,FineWeb-2+HuggingFace+CommonVoice
glh,Northwest Pashai,False,False,True,False,1,False,HuggingFace
glj,Gula Iro,False,False,True,False,1,False,HuggingFace
glk,Gilaki,False,True,True,True,3,False,FineWeb-2+HuggingFace+CommonVoice
gll,Garlali,False,False,True,False,1,False,HuggingFace
glo,Galambu,False,False,True,False,1,False,HuggingFace
glr,Glaro-Twabo,False,False,True,False,1,False,HuggingFace
glu,Gula (Chad),False,False,True,False,1,False,HuggingFace
glv,Manx,False,True,True,True,3,False,FineWeb-2+HuggingFace+CommonVoice
glw,Glavda,False,False,True,False,1,False,HuggingFace
gly,Gule,False,False,True,False,1,False,HuggingFace
gma,Gambera,False,False,True,False,1,False,HuggingFace
gmb,Gula'alaa,False,False,True,False,1,False,HuggingFace
gmd,Mághdì,False,False,True,False,1,False,HuggingFace
gmg,Magɨyi,False,False,True,False,1,False,HuggingFace
gmh,Middle High German (ca. 1050-1500),False,True,True,False,2,False,FineWeb-2+HuggingFace
gml,Middle Low German,False,False,True,False,1,False,HuggingFace
gmm,Gbaya-Mbodomo,False,False,True,False,1,False,HuggingFace
gmn,Gimnime,False,False,True,False,1,False,HuggingFace
gmr,Mirning,False,False,True,False,1,False,HuggingFace
gmu,Gumalu,False,False,True,False,1,False,HuggingFace
gmv,Gamo,False,True,True,False,2,False,FineWeb-2+HuggingFace
gmx,Magoma,False,False,True,False,1,False,HuggingFace
gmy,Mycenaean Greek,False,False,True,False,1,False,HuggingFace
gmz,Mgbolizhia,False,False,True,False,1,False,HuggingFace
gna,Kaansa,False,True,True,False,2,False,FineWeb-2+HuggingFace
gnb,Gangte,False,True,True,False,2,False,FineWeb-2+HuggingFace
gnc,Guanche,False,False,True,False,1,False,HuggingFace
gnd,Zulgo-Gemzek,False,True,True,False,2,False,FineWeb-2+HuggingFace
gne,Ganang,False,False,True,False,1,False,HuggingFace
gng,Ngangam,False,True,True,False,2,False,FineWeb-2+HuggingFace
gnh,Lere,False,False,True,False,1,False,HuggingFace
gni,Gooniyandi,False,False,True,False,1,False,HuggingFace
gnj,Ngen,False,False,True,False,1,False,HuggingFace
gnk,ǁGana,False,False,True,False,1,False,HuggingFace
gnl,Gangulu,False,False,True,False,1,False,HuggingFace
gnm,Ginuman,False,False,True,False,1,False,HuggingFace
gnn,Gumatj,False,True,True,False,2,False,FineWeb-2+HuggingFace
gno,Northern Gondi,False,False,True,False,1,False,HuggingFace
gnq,Gana,False,False,True,False,1,False,HuggingFace
gnr,Gureng Gureng,False,False,True,False,1,False,HuggingFace
gnt,Guntai,False,False,True,False,1,False,HuggingFace
gnu,Gnau,False,False,True,False,1,False,HuggingFace
gnw,Western Bolivian Guaraní,False,True,True,False,2,False,FineWeb-2+HuggingFace
gnz,Ganzi,False,False,True,False,1,False,HuggingFace
goa,Guro,False,True,True,False,2,False,FineWeb-2+HuggingFace
gob,Playero,False,False,True,False,1,False,HuggingFace
goc,Gorakor,False,False,True,False,1,False,HuggingFace
god,Godié,False,False,True,False,1,False,HuggingFace
goe,Gongduk,False,False,True,False,1,False,HuggingFace
gof,Gofa,False,True,True,False,2,False,FineWeb-2+HuggingFace
gog,Gogo,False,True,True,False,2,False,FineWeb-2+HuggingFace
goh,Old High German (ca. 750-1050),False,True,True,False,2,False,FineWeb-2+HuggingFace
goi,Gobasi,False,False,True,False,1,False,HuggingFace
goj,Gowlan,False,False,True,False,1,False,HuggingFace
gok,Gowli,False,False,True,False,1,False,HuggingFace
gol,Gola,False,False,True,False,1,False,HuggingFace
gom,Goan Konkani,False,True,True,True,3,False,FineWeb-2+HuggingFace+CommonVoice
gon,Gondi,True,False,True,False,1,False,HuggingFace
goo,Gone Dau,False,False,True,False,1,False,HuggingFace
gop,Yeretuar,False,False,True,False,1,False,HuggingFace
goq,Gorap,False,False,True,False,1,False,HuggingFace
gor,Gorontalo,False,True,True,False,2,False,FineWeb-2+HuggingFace
gos,Gronings,False,True,True,True,3,False,FineWeb-2+HuggingFace+CommonVoice
got,Gothic,False,True,True,False,2,False,FineWeb-2+HuggingFace
gou,Gavar,False,False,True,False,1,False,HuggingFace
gov,Goo,False,False,True,False,1,False,HuggingFace
gow,Gorowa,False,False,True,False,1,False,HuggingFace
gox,Gobu,False,False,True,False,1,False,HuggingFace
goy,Goundo,False,False,True,False,1,False,HuggingFace
goz,Gozarkhani,False,False,True,False,1,False,HuggingFace
gpa,Gupa-Abawa,False,False,True,False,1,False,HuggingFace
gpe,Ghanaian Pidgin English,False,False,True,False,1,False,HuggingFace
gpn,Taiap,False,False,True,False,1,False,HuggingFace
gqa,Ga'anda,False,False,True,False,1,False,HuggingFace
gqi,Guiqiong,False,False,True,False,1,False,HuggingFace
gqn,Guana (Brazil),False,False,True,False,1,False,HuggingFace
gqr,Gor,False,True,True,False,2,False,FineWeb-2+HuggingFace
gqu,Qau,False,False,True,False,1,False,HuggingFace
gra,Rajput Garasia,False,False,True,False,1,False,HuggingFace
grb,Grebo,True,False,True,False,1,False,HuggingFace
grc,Ancient Greek (to 1453),False,True,True,False,2,False,FineWeb-2+HuggingFace
grd,Guruntum-Mbaaru,False,False,True,False,1,False,HuggingFace
grg,Madi,False,False,True,False,1,False,HuggingFace
grh,Gbiri-Niragu,False,False,True,False,1,False,HuggingFace
gri,Ghari,False,False,True,False,1,False,HuggingFace
grj,Southern Grebo,False,False,True,False,1,False,HuggingFace
grm,Kota Marudu Talantang,False,False,True,False,1,False,HuggingFace
grn,Guarani,True,False,True,True,2,False,HuggingFace+CommonVoice
gro,Groma,False,False,True,False,1,False,HuggingFace
grq,Gorovu,False,False,True,False,1,False,HuggingFace
grr,Taznatit,False,False,True,False,1,False,HuggingFace
grs,Gresi,False,False,True,False,1,False,HuggingFace
grt,Garo,False,True,True,False,2,False,FineWeb-2+HuggingFace
gru,Kistane,False,False,True,False,1,False,HuggingFace
grv,Central Grebo,False,False,True,False,1,False,HuggingFace
grw,Gweda,False,False,True,False,1,False,HuggingFace
grx,Guriaso,False,False,True,False,1,False,HuggingFace
gry,Barclayville Grebo,False,False,True,False,1,False,HuggingFace
grz,Guramalum,False,False,True,False,1,False,HuggingFace
gse,Ghanaian Sign Language,False,False,True,False,1,False,HuggingFace
gsg,German Sign Language,False,False,True,False,1,False,HuggingFace
gsl,Gusilay,False,False,True,False,1,False,HuggingFace
gsm,Guatemalan Sign Language,False,False,True,False,1,False,HuggingFace
gsn,Nema,False,False,True,False,1,False,HuggingFace
gso,Southwest Gbaya,False,True,True,False,2,False,FineWeb-2+HuggingFace
gsp,Wasembo,False,False,True,False,1,False,HuggingFace
gss,Greek Sign Language,False,False,True,False,1,False,HuggingFace
gsw,Swiss German,False,True,True,True,3,False,FineWeb-2+HuggingFace+CommonVoice
gta,Guató,False,False,True,False,1,False,HuggingFace
gtu,Aghu-Tharnggala,False,False,True,False,1,False,HuggingFace
gua,Shiki,False,False,True,False,1,False,HuggingFace
gub,Guajajára,False,True,True,False,2,False,FineWeb-2+HuggingFace
guc,Wayuu,False,True,True,True,3,False,FineWeb-2+HuggingFace+CommonVoice
gud,Yocoboué Dida,False,True,True,False,2,False,FineWeb-2+HuggingFace
gue,Gurindji,False,False,True,False,1,False,HuggingFace
guf,Gupapuyngu,False,False,True,False,1,False,HuggingFace
gug,Paraguayan Guaraní,False,True,True,False,2,False,FineWeb-2+HuggingFace
guh,Guahibo,False,True,True,False,2,False,FineWeb-2+HuggingFace
gui,Eastern Bolivian Guaraní,False,True,True,False,2,False,FineWeb-2+HuggingFace
guj,Gujarati,False,True,True,True,3,False,FineWeb-2+HuggingFace+CommonVoice
guk,Gumuz,False,True,True,False,2,False,FineWeb-2+HuggingFace
gul,Sea Island Creole English,False,True,True,False,2,False,FineWeb-2+HuggingFace
gum,Guambiano,False,True,True,False,2,False,FineWeb-2+HuggingFace
gun,Mbyá Guaraní,False,True,True,False,2,False,FineWeb-2+HuggingFace
guo,Guayabero,False,True,True,False,2,False,FineWeb-2+HuggingFace
gup,Gunwinggu,False,False,True,False,1,False,HuggingFace
guq,Aché,False,True,True,False,2,False,FineWeb-2+HuggingFace
gur,Farefare,False,True,True,False,2,False,FineWeb-2+HuggingFace
gus,Guinean Sign Language,False,False,True,False,1,False,HuggingFace
gut,Maléku Jaíka,False,False,True,False,1,False,HuggingFace
guu,Yanomamö,False,True,True,False,2,False,FineWeb-2+HuggingFace
guw,Gun,False,True,True,False,2,False,FineWeb-2+HuggingFace
gux,Gourmanchéma,False,True,True,False,2,False,FineWeb-2+HuggingFace
guz,Gusii,False,True,True,False,2,False,FineWeb-2+HuggingFace
gva,Guana (Paraguay),False,False,True,False,1,False,HuggingFace
gvc,Guanano,False,True,True,False,2,False,FineWeb-2+HuggingFace
gve,Duwet,False,False,True,False,1,False,HuggingFace
gvf,Golin,False,True,True,False,2,False,FineWeb-2+HuggingFace
gvj,Guajá,False,False,True,False,1,False,HuggingFace
gvl,Gulay,False,True,True,False,2,False,FineWeb-2+HuggingFace
gvm,Gurmana,False,False,True,False,1,False,HuggingFace
gvn,Kuku-Yalanji,False,True,True,False,2,False,FineWeb-2+HuggingFace
gvo,Gavião Do Jiparaná,False,False,True,False,1,False,HuggingFace
gvp,Pará Gavião,False,False,True,False,1,False,HuggingFace
gvr,Gurung,False,False,True,False,1,False,HuggingFace
gvs,Gumawana,False,False,True,False,1,False,HuggingFace
gvy,Guyani,False,False,True,False,1,False,HuggingFace
gwa,Mbato,False,False,True,False,1,False,HuggingFace
gwb,Gwa,False,False,True,False,1,False,HuggingFace
gwc,Gawri,False,False,True,True,2,False,HuggingFace+CommonVoice
gwd,Gawwada,False,False,True,False,1,False,HuggingFace
gwe,Gweno,False,False,True,False,1,False,HuggingFace
gwf,Gowro,False,False,True,False,1,False,HuggingFace
gwg,Moo,False,False,True,False,1,False,HuggingFace
gwi,Gwichʼin,False,True,True,False,2,False,FineWeb-2+HuggingFace
gwj,ǀGwi,False,False,True,False,1,False,HuggingFace
gwm,Awngthim,False,False,True,False,1,False,HuggingFace
gwn,Gwandara,False,False,True,False,1,False,HuggingFace
gwr,Gwere,False,True,True,False,2,False,FineWeb-2+HuggingFace
gwt,Gawar-Bati,False,False,True,True,2,False,HuggingFace+CommonVoice
gwu,Guwamu,False,False,True,False,1,False,HuggingFace
gww,Kwini,False,False,True,False,1,False,HuggingFace
gwx,Gua,False,False,True,False,1,False,HuggingFace
gxx,Wè Southern,False,False,True,False,1,False,HuggingFace
gya,Northwest Gbaya,False,True,True,True,3,False,FineWeb-2+HuggingFace+CommonVoice
gyb,Garus,False,False,True,False,1,False,HuggingFace
gyd,Kayardild,False,False,True,False,1,False,HuggingFace
gye,Gyem,False,False,True,False,1,False,HuggingFace
gyf,Gungabula,False,False,True,False,1,False,HuggingFace
gyg,Gbayi,False,False,True,False,1,False,HuggingFace
gyi,Gyele,False,False,True,False,1,False,HuggingFace
gyl,Gayil,False,False,True,False,1,False,HuggingFace
gym,Ngäbere,False,True,True,False,2,False,FineWeb-2+HuggingFace
gyn,Guyanese Creole English,False,False,True,False,1,False,HuggingFace
gyo,Gyalsumdo,False,False,True,False,1,False,HuggingFace
gyr,Guarayu,False,True,True,False,2,False,FineWeb-2+HuggingFace
gyy,Gunya,False,False,True,False,1,False,HuggingFace
gyz,Geji,False,False,True,False,1,False,HuggingFace
gza,Ganza,False,False,True,False,1,False,HuggingFace
gzi,Gazi,False,False,True,False,1,False,HuggingFace
gzn,Gane,False,False,True,False,1,False,HuggingFace
haa,Hän,False,False,True,False,1,False,HuggingFace
hab,Hanoi Sign Language,False,False,True,False,1,False,HuggingFace
hac,Gurani,False,True,True,True,3,False,FineWeb-2+HuggingFace+CommonVoice
had,Hatam,False,False,True,False,1,False,HuggingFace
hae,Eastern Oromo,False,True,True,False,2,False,FineWeb-2+HuggingFace
haf,Haiphong Sign Language,False,False,True,False,1,False,HuggingFace
hag,Hanga,False,True,True,False,2,False,FineWeb-2+HuggingFace
hah,Hahon,False,False,True,False,1,False,HuggingFace
hai,Haida,True,False,True,False,1,False,HuggingFace
haj,Hajong,False,False,True,False,1,False,HuggingFace
hak,Hakka Chinese,False,True,True,True,3,False,FineWeb-2+HuggingFace+CommonVoice
hal,Halang,False,False,True,False,1,False,HuggingFace
ham,Hewa,False,False,True,False,1,False,HuggingFace
han,Hangaza,False,False,True,False,1,False,HuggingFace
hao,Hakö,False,False,True,False,1,False,HuggingFace
hap,Hupla,False,False,True,False,1,False,HuggingFace
haq,Ha,False,False,True,False,1,False,HuggingFace
har,Harari,False,False,True,False,1,False,HuggingFace
has,Haisla,False,False,True,False,1,False,HuggingFace
hat,Haitian,False,True,True,True,3,False,FineWeb-2+HuggingFace+CommonVoice
hau,Hausa,False,True,True,True,3,False,FineWeb-2+HuggingFace+CommonVoice
hav,Havu,False,True,True,False,2,False,FineWeb-2+HuggingFace
haw,Hawaiian,False,True,True,False,2,False,FineWeb-2+HuggingFace
hax,Southern Haida,False,False,True,False,1,False,HuggingFace
hay,Haya,False,True,True,False,2,False,FineWeb-2+HuggingFace
haz,Hazaragi,False,False,True,True,2,False,HuggingFace+CommonVoice
hba,Hamba,False,False,True,False,1,False,HuggingFace
hbb,Huba,False,False,True,False,1,False,HuggingFace
hbn,Heiban,False,False,True,False,1,False,HuggingFace
hbo,Ancient Hebrew,False,True,True,False,2,False,FineWeb-2+HuggingFace
hbs,Serbo-Croatian,True,False,True,False,1,False,HuggingFace
hbu,Habu,False,False,True,False,1,False,HuggingFace
hca,Andaman Creole Hindi,False,False,True,False,1,False,HuggingFace
hch,Huichol,False,True,True,True,3,False,FineWeb-2+HuggingFace+CommonVoice
hdn,Northern Haida,False,False,True,False,1,False,HuggingFace
hds,Honduras Sign Language,False,False,True,False,1,False,HuggingFace
hdy,Hadiyya,False,False,True,False,1,False,HuggingFace
hea,Northern Qiandong Miao,False,False,True,False,1,False,HuggingFace
heb,Hebrew,False,True,True,True,3,False,FineWeb-2+HuggingFace+CommonVoice
hed,Herdé,False,False,True,False,1,False,HuggingFace
heg,Helong,False,True,True,False,2,False,FineWeb-2+HuggingFace
heh,Hehe,False,True,True,False,2,False,FineWeb-2+HuggingFace
hei,Heiltsuk,False,False,True,False,1,False,HuggingFace
hem,Hemba,False,False,True,True,2,False,HuggingFace+CommonVoice
her,Herero,False,True,True,False,2,False,FineWeb-2+HuggingFace
hgm,Haiǁom,False,False,True,False,1,False,HuggingFace
hgw,Haigwai,False,False,True,False,1,False,HuggingFace
hhi,Hoia Hoia,False,False,True,False,1,False,HuggingFace
hhr,Kerak,False,False,True,False,1,False,HuggingFace
hhy,Hoyahoya,False,False,True,False,1,False,HuggingFace
hia,Lamang,False,False,True,False,1,False,HuggingFace
hib,Hibito,False,False,True,False,1,False,HuggingFace
hid,Hidatsa,False,False,True,False,1,False,HuggingFace
hif,Fiji Hindi,False,True,True,False,2,False,FineWeb-2+HuggingFace
hig,Kamwe,False,True,True,False,2,False,FineWeb-2+HuggingFace
hih,Pamosu,False,False,True,False,1,False,HuggingFace
hii,Hinduri,False,False,True,False,1,False,HuggingFace
hij,Hijuk,False,False,True,False,1,False,HuggingFace
hik,Seit-Kaitetu,False,False,True,False,1,False,HuggingFace
hil,Hiligaynon,False,True,True,True,3,False,FineWeb-2+HuggingFace+CommonVoice
hin,Hindi,False,True,True,True,3,False,FineWeb-2+HuggingFace+CommonVoice
hio,Tsoa,False,False,True,False,1,False,HuggingFace
hir,Himarimã,False,False,True,False,1,False,HuggingFace
hit,Hittite,False,False,True,False,1,False,HuggingFace
hiw,Hiw,False,False,True,False,1,False,HuggingFace
hix,Hixkaryána,False,True,True,False,2,False,FineWeb-2+HuggingFace
hji,Haji,False,False,True,False,1,False,HuggingFace
hka,Kahe,False,False,True,False,1,False,HuggingFace
hke,Hunde,False,False,True,False,1,False,HuggingFace
hkh,Khah,False,False,True,False,1,False,HuggingFace
hkk,Hunjara-Kaina Ke,False,False,True,False,1,False,HuggingFace
hkn,Mel-Khaonh,False,False,True,False,1,False,HuggingFace
hks,Hong Kong Sign Language,False,False,True,False,1,False,HuggingFace
hla,Halia,False,True,True,False,2,False,FineWeb-2+HuggingFace
hlb,Halbi,False,False,True,False,1,False,HuggingFace
hld,Halang Doan,False,False,True,False,1,False,HuggingFace
hle,Hlersu,False,False,True,False,1,False,HuggingFace
hlt,Matu Chin,False,False,True,False,1,False,HuggingFace
hlu,Hieroglyphic Luwian,False,False,True,False,1,False,HuggingFace
hma,Southern Mashan Hmong,False,False,True,False,1,False,HuggingFace
hmb,Humburi Senni Songhay,False,False,True,False,1,False,HuggingFace
hmc,Central Huishui Hmong,False,False,True,False,1,False,HuggingFace
hmd,Large Flowery Miao,False,False,True,False,1,False,HuggingFace
hme,Eastern Huishui Hmong,False,False,True,False,1,False,HuggingFace
hmf,Hmong Don,False,False,True,False,1,False,HuggingFace
hmg,Southwestern Guiyang Hmong,False,False,True,False,1,False,HuggingFace
hmh,Southwestern Huishui Hmong,False,False,True,False,1,False,HuggingFace
hmi,Northern Huishui Hmong,False,False,True,False,1,False,HuggingFace
hmj,Ge,False,False,True,False,1,False,HuggingFace
hmk,Maek,False,False,True,False,1,False,HuggingFace
hml,Luopohe Hmong,False,False,True,False,1,False,HuggingFace
hmm,Central Mashan Hmong,False,False,True,False,1,False,HuggingFace
hmn,Hmong,True,False,True,False,1,False,HuggingFace
hmo,Hiri Motu,False,True,True,False,2,False,FineWeb-2+HuggingFace
hmp,Northern Mashan Hmong,False,False,True,False,1,False,HuggingFace
hmq,Eastern Qiandong Miao,False,False,True,False,1,False,HuggingFace
hmr,Hmar,False,True,True,False,2,False,FineWeb-2+HuggingFace
hms,Southern Qiandong Miao,False,False,True,False,1,False,HuggingFace
hmt,Hamtai,False,False,True,False,1,False,HuggingFace
hmu,Hamap,False,False,True,False,1,False,HuggingFace
hmv,Hmong Dô,False,False,True,False,1,False,HuggingFace
hmw,Western Mashan Hmong,False,False,True,False,1,False,HuggingFace
hmy,Southern Guiyang Hmong,False,False,True,False,1,False,HuggingFace
hmz,Hmong Shua,False,False,True,False,1,False,HuggingFace
hna,Mina (Cameroon),False,False,True,False,1,False,HuggingFace
hnd,Southern Hindko,False,False,True,False,1,False,HuggingFace
hne,Chhattisgarhi,False,True,True,False,2,False,FineWeb-2+HuggingFace
hng,Hungu,False,False,True,False,1,False,HuggingFace
hnh,ǁAni,False,False,True,False,1,False,HuggingFace
hni,Hani,False,False,True,False,1,False,HuggingFace
hnj,Hmong Njua,False,True,True,False,2,False,FineWeb-2+HuggingFace
hnm,Hainanese,False,False,False,False,0,False,NONE
hnn,Hanunoo,False,True,True,False,2,False,FineWeb-2+HuggingFace
hno,Northern Hindko,False,False,True,True,2,False,HuggingFace+CommonVoice
hns,Caribbean Hindustani,False,True,True,False,2,False,FineWeb-2+HuggingFace
hnu,Hung,False,False,True,False,1,False,HuggingFace
hoa,Hoava,False,False,True,False,1,False,HuggingFace
hob,Mari (Madang Province),False,False,True,False,1,False,HuggingFace
hoc,Ho,False,False,True,False,1,False,HuggingFace
hod,Holma,False,False,True,False,1,False,HuggingFace
hoe,Horom,False,False,True,False,1,False,HuggingFace
hoh,Hobyót,False,False,True,False,1,False,HuggingFace
hoi,Holikachuk,False,False,True,False,1,False,HuggingFace
hoj,Hadothi,False,False,True,False,1,False,HuggingFace
hol,Holu,False,False,True,False,1,False,HuggingFace
hom,Homa,False,False,True,False,1,False,HuggingFace
hoo,Holoholo,False,False,True,False,1,False,HuggingFace
hop,Hopi,False,True,True,False,2,False,FineWeb-2+HuggingFace
hor,Horo,False,False,True,False,1,False,HuggingFace
hos,Ho Chi Minh City Sign Language,False,False,True,False,1,False,HuggingFace
hot,Hote,False,True,True,False,2,False,FineWeb-2+HuggingFace
hov,Hovongan,False,False,True,False,1,False,HuggingFace
how,Honi,False,False,True,False,1,False,HuggingFace
hoy,Holiya,False,False,True,False,1,False,HuggingFace
hoz,Hozo,False,False,True,False,1,False,HuggingFace
hpo,Hpon,False,False,True,False,1,False,HuggingFace
hps,Hawai'i Sign Language (HSL),False,False,True,False,1,False,HuggingFace
hra,Hrangkhol,False,True,True,False,2,False,FineWeb-2+HuggingFace
hrc,Niwer Mil,False,False,True,False,1,False,HuggingFace
hre,Hre,False,False,True,False,1,False,HuggingFace
hrk,Haruku,False,False,True,False,1,False,HuggingFace
hrm,Horned Miao,False,False,True,False,1,False,HuggingFace
hro,Haroi,False,False,True,False,1,False,HuggingFace
hrp,Nhirrpi,False,False,True,False,1,False,HuggingFace
hrt,Hértevin,False,False,True,False,1,False,HuggingFace
hru,Hruso,False,False,True,False,1,False,HuggingFace
hrv,Croatian,False,True,True,True,3,False,FineWeb-2+HuggingFace+CommonVoice
hrw,Warwar Feni,False,False,True,False,1,False,HuggingFace
hrx,Hunsrik,False,True,True,True,3,False,FineWeb-2+HuggingFace+CommonVoice
hrz,Harzani,False,False,True,False,1,False,HuggingFace
hsb,Upper Sorbian,False,True,True,True,3,False,FineWeb-2+HuggingFace+CommonVoice
hsh,Hungarian Sign Language,False,False,True,False,1,False,HuggingFace
hsl,Hausa Sign Language,False,False,True,False,1,False,HuggingFace
hsn,Xiang Chinese,False,False,True,False,1,False,HuggingFace
hss,Harsusi,False,False,True,False,1,False,HuggingFace
hti,Hoti,False,False,True,False,1,False,HuggingFace
hto,Minica Huitoto,False,True,True,False,2,False,FineWeb-2+HuggingFace
hts,Hadza,False,False,True,False,1,False,HuggingFace
htu,Hitu,False,False,True,False,1,False,HuggingFace
htx,Middle Hittite,False,False,True,False,1,False,HuggingFace
hub,Huambisa,False,True,True,False,2,False,FineWeb-2+HuggingFace
huc,ǂHua,False,False,True,False,1,False,HuggingFace
hud,Huaulu,False,False,True,False,1,False,HuggingFace
hue,San Francisco Del Mar Huave,False,False,True,False,1,False,HuggingFace
huf,Humene,False,False,True,False,1,False,HuggingFace
hug,Huachipaeri,False,False,True,False,1,False,HuggingFace
huh,Huilliche,False,False,True,False,1,False,HuggingFace
hui,Huli,False,True,True,False,2,False,FineWeb-2+HuggingFace
huj,Northern Guiyang Hmong,False,False,True,False,1,False,HuggingFace
huk,Hulung,False,False,True,False,1,False,HuggingFace
hul,Hula,False,False,True,False,1,False,HuggingFace
hum,Hungana,False,False,True,False,1,False,HuggingFace
hun,Hungarian,False,True,True,True,3,False,FineWeb-2+HuggingFace+CommonVoice
huo,Hu,False,False,True,False,1,False,HuggingFace
hup,Hupa,False,False,True,False,1,False,HuggingFace
huq,Tsat,False,False,True,False,1,False,HuggingFace
hur,Halkomelem,False,False,True,False,1,False,HuggingFace
hus,Huastec,False,True,True,False,2,False,FineWeb-2+HuggingFace
hut,Humla,False,False,True,False,1,False,HuggingFace
huu,Murui Huitoto,False,True,True,False,2,False,FineWeb-2+HuggingFace
huv,San Mateo Del Mar Huave,False,True,True,False,2,False,FineWeb-2+HuggingFace
huw,Hukumina,False,False,True,False,1,False,HuggingFace
hux,Nüpode Huitoto,False,False,True,True,2,False,HuggingFace+CommonVoice
huy,Hulaulá,False,False,True,False,1,False,HuggingFace
huz,Hunzib,False,False,True,False,1,False,HuggingFace
hvc,Haitian Vodoun Culture Language,False,False,True,False,1,False,HuggingFace
hve,San Dionisio Del Mar Huave,False,False,True,False,1,False,HuggingFace
hvk,Haveke,False,False,True,False,1,False,HuggingFace
hvn,Sabu,False,True,True,False,2,False,FineWeb-2+HuggingFace
hvv,Santa María Del Mar Huave,False,False,True,False,1,False,HuggingFace
hwa,Wané,False,False,True,False,1,False,HuggingFace
hwc,Hawai'i Creole English,False,True,True,False,2,False,FineWeb-2+HuggingFace
hwo,Hwana,False,False,True,False,1,False,HuggingFace
hya,Hya,False,False,True,False,1,False,HuggingFace
hye,Armenian,False,True,True,True,3,False,FineWeb-2+HuggingFace+CommonVoice
hyw,Western Armenian,False,True,True,False,2,False,FineWeb-2+HuggingFace
iai,Iaai,False,False,True,False,1,False,HuggingFace
ian,Iatmul,False,True,True,False,2,False,FineWeb-2+HuggingFace
iar,Purari,False,False,True,False,1,False,HuggingFace
iba,Iban,False,True,True,True,3,False,FineWeb-2+HuggingFace+CommonVoice
ibb,Ibibio,False,False,True,True,2,False,HuggingFace+CommonVoice
ibd,Iwaidja,False,False,True,False,1,False,HuggingFace
ibe,Akpes,False,False,True,False,1,False,HuggingFace
ibg,Ibanag,False,True,True,False,2,False,FineWeb-2+HuggingFace
ibh,Bih,False,False,True,False,1,False,HuggingFace
ibl,Ibaloi,False,False,True,False,1,False,HuggingFace
ibm,Agoi,False,False,True,False,1,False,HuggingFace
ibn,Ibino,False,False,True,False,1,False,HuggingFace
ibo,Igbo,False,True,True,True,3,False,FineWeb-2+HuggingFace+CommonVoice
ibr,Ibuoro,False,False,True,False,1,False,HuggingFace
ibu,Ibu,False,False,True,False,1,False,HuggingFace
iby,Ibani,False,False,True,False,1,False,HuggingFace
ica,Ede Ica,False,False,True,False,1,False,HuggingFace
ich,Etkywan,False,False,True,False,1,False,HuggingFace
icl,Icelandic Sign Language,False,False,True,False,1,False,HuggingFace
icr,Islander Creole English,False,True,True,False,2,False,FineWeb-2+HuggingFace
ida,Idakho-Isukha-Tiriki,False,False,True,False,1,False,HuggingFace
idb,Indo-Portuguese,False,False,True,False,1,False,HuggingFace
idc,Idon,False,False,True,False,1,False,HuggingFace
idd,Ede Idaca,False,False,True,False,1,False,HuggingFace
ide,Idere,False,False,True,False,1,False,HuggingFace
idi,Idi,False,False,True,False,1,False,HuggingFace
ido,Ido,False,True,True,False,2,False,FineWeb-2+HuggingFace
idr,Indri,False,False,True,False,1,False,HuggingFace
ids,Idesa,False,False,True,False,1,False,HuggingFace
idt,Idaté,False,False,True,False,1,False,HuggingFace
idu,Idoma,False,True,True,False,2,False,FineWeb-2+HuggingFace
ifa,Amganad Ifugao,False,True,True,False,2,False,FineWeb-2+HuggingFace
ifb,Batad Ifugao,False,True,True,False,2,False,FineWeb-2+HuggingFace
ife,Ifè,False,True,True,False,2,False,FineWeb-2+HuggingFace
iff,Ifo,False,False,True,False,1,False,HuggingFace
ifk,Tuwali Ifugao,False,True,True,False,2,False,FineWeb-2+HuggingFace
ifm,Teke-Fuumu,False,False,True,False,1,False,HuggingFace
ifu,Mayoyao Ifugao,False,True,True,False,2,False,FineWeb-2+HuggingFace
ify,Keley-I Kallahan,False,True,True,False,2,False,FineWeb-2+HuggingFace
igb,Ebira,False,False,True,False,1,False,HuggingFace
ige,Igede,False,True,True,False,2,False,FineWeb-2+HuggingFace
igg,Igana,False,False,True,False,1,False,HuggingFace
igl,Igala,False,False,True,False,1,False,HuggingFace
igm,Kanggape,False,False,True,False,1,False,HuggingFace
ign,Ignaciano,False,True,True,False,2,False,FineWeb-2+HuggingFace
igo,Isebe,False,False,True,False,1,False,HuggingFace
igs,Interglossa,False,False,True,False,1,False,HuggingFace
igw,Igwe,False,False,True,False,1,False,HuggingFace
ihb,Iha Based Pidgin,False,False,True,False,1,False,HuggingFace
ihi,Ihievbe,False,False,True,False,1,False,HuggingFace
ihp,Iha,False,False,True,False,1,False,HuggingFace
ihw,Bidhawal,False,False,True,False,1,False,HuggingFace
iii,Sichuan Yi,False,False,True,False,1,False,HuggingFace
iin,Thiin,False,False,True,False,1,False,HuggingFace
ijc,Izon,False,False,True,False,1,False,HuggingFace
ije,Biseni,False,False,True,False,1,False,HuggingFace
ijj,Ede Ije,False,False,True,False,1,False,HuggingFace
ijn,Kalabari,False,False,True,False,1,False,HuggingFace
ijs,Southeast Ijo,False,False,True,False,1,False,HuggingFace
ike,Eastern Canadian Inuktitut,False,True,True,False,2,False,FineWeb-2+HuggingFace
ikh,Ikhin-Arokho,False,False,False,False,0,False,NONE
iki,Iko,False,False,True,False,1,False,HuggingFace
ikk,Ika,False,True,True,False,2,False,FineWeb-2+HuggingFace
ikl,Ikulu,False,False,True,False,1,False,HuggingFace
iko,Olulumo-Ikom,False,False,True,False,1,False,HuggingFace
ikp,Ikpeshi,False,False,True,False,1,False,HuggingFace
ikr,Ikaranggal,False,False,True,False,1,False,HuggingFace
iks,Inuit Sign Language,False,False,True,False,1,False,HuggingFace
ikt,Inuinnaqtun,False,True,True,False,2,False,FineWeb-2+HuggingFace
iku,Inuktitut,True,False,True,False,1,False,HuggingFace
ikv,Iku-Gora-Ankwa,False,False,True,False,1,False,HuggingFace
ikw,Ikwere,False,True,True,False,2,False,FineWeb-2+HuggingFace
ikx,Ik,False,False,True,False,1,False,HuggingFace
ikz,Ikizu,False,False,True,False,1,False,HuggingFace
ila,Ile Ape,False,False,True,False,1,False,HuggingFace
ilb,Ila,False,True,True,False,2,False,FineWeb-2+HuggingFace
ile,Interlingue,False,True,True,True,3,False,FineWeb-2+HuggingFace+CommonVoice
ilg,Garig-Ilgar,False,False,True,False,1,False,HuggingFace
ili,Ili Turki,False,False,True,False,1,False,HuggingFace
ilk,Ilongot,False,False,True,False,1,False,HuggingFace
ilm,Iranun (Malaysia),False,False,True,False,1,False,HuggingFace
ilo,Iloko,False,True,True,False,2,False,FineWeb-2+HuggingFace
ilp,Iranun (Philippines),False,False,True,False,1,False,HuggingFace
ils,International Sign,False,False,True,False,1,False,HuggingFace
ilu,Ili'uun,False,False,True,False,1,False,HuggingFace
ilv,Ilue,False,False,True,False,1,False,HuggingFace
ima,Mala Malasar,False,False,True,False,1,False,HuggingFace
imi,Anamgura,False,False,True,False,1,False,HuggingFace
iml,Miluk,False,False,True,False,1,False,HuggingFace
imn,Imonda,False,False,True,False,1,False,HuggingFace
imo,Imbongu,False,True,True,False,2,False,FineWeb-2+HuggingFace
imr,Imroing,False,False,True,False,1,False,HuggingFace
ims,Marsian,False,False,True,False,1,False,HuggingFace
imt,Imotong,False,False,True,False,1,False,HuggingFace
imy,Milyan,False,False,True,False,1,False,HuggingFace
ina,Interlingua (IALA),False,True,True,True,3,False,FineWeb-2+HuggingFace+CommonVoice
inb,Inga,False,True,True,False,2,False,FineWeb-2+HuggingFace
ind,Indonesian,False,True,True,True,3,False,FineWeb-2+HuggingFace+CommonVoice
ing,Degexit'an,False,False,True,False,1,False,HuggingFace
inh,Ingush,False,True,True,False,2,False,FineWeb-2+HuggingFace
inj,Jungle Inga,False,False,True,False,1,False,HuggingFace
inl,Indonesian Sign Language,False,False,True,False,1,False,HuggingFace
inm,Minaean,False,False,True,False,1,False,HuggingFace
inn,Isinai,False,False,True,False,1,False,HuggingFace
ino,Inoke-Yate,False,True,True,False,2,False,FineWeb-2+HuggingFace
inp,Iñapari,False,False,True,False,1,False,HuggingFace
ins,Indian Sign Language,False,False,True,False,1,False,HuggingFace
int,Intha,False,False,True,False,1,False,HuggingFace
inz,Ineseño,False,False,True,False,1,False,HuggingFace
ior,Inor,False,False,True,False,1,False,HuggingFace
iou,Tuma-Irumu,False,True,True,False,2,False,FineWeb-2+HuggingFace
iow,Iowa-Oto,False,False,True,False,1,False,HuggingFace
ipi,Ipili,False,True,True,False,2,False,FineWeb-2+HuggingFace
ipk,Inupiaq,True,False,True,True,2,False,HuggingFace+CommonVoice
ipo,Ipiko,False,False,True,False,1,False,HuggingFace
iqu,Iquito,False,False,True,False,1,False,HuggingFace
iqw,Ikwo,False,True,True,False,2,False,FineWeb-2+HuggingFace
ire,Iresim,False,False,True,False,1,False,HuggingFace
irh,Irarutu,False,False,True,False,1,False,HuggingFace
iri,Rigwe,False,True,True,False,2,False,FineWeb-2+HuggingFace
irk,Iraqw,False,True,True,False,2,False,FineWeb-2+HuggingFace
irn,Irántxe,False,False,True,False,1,False,HuggingFace
irr,Ir,False,False,True,False,1,False,HuggingFace
iru,Irula,False,False,True,False,1,False,HuggingFace
irx,Kamberau,False,False,True,False,1,False,HuggingFace
iry,Iraya,False,True,True,False,2,False,FineWeb-2+HuggingFace
isa,Isabi,False,False,True,False,1,False,HuggingFace
isc,Isconahua,False,False,True,False,1,False,HuggingFace
isd,Isnag,False,True,True,False,2,False,FineWeb-2+HuggingFace
ise,Italian Sign Language,False,False,True,False,1,False,HuggingFace
isg,Irish Sign Language,False,False,True,False,1,False,HuggingFace
ish,Esan,False,True,True,False,2,False,FineWeb-2+HuggingFace
isi,Nkem-Nkum,False,False,True,False,1,False,HuggingFace
isk,Ishkashimi,False,False,True,False,1,False,HuggingFace
isl,Icelandic,False,True,True,True,3,False,FineWeb-2+HuggingFace+CommonVoice
ism,Masimasi,False,False,True,False,1,False,HuggingFace
isn,Isanzu,False,False,True,False,1,False,HuggingFace
iso,Isoko,False,True,True,False,2,False,FineWeb-2+HuggingFace
isr,Israeli Sign Language,False,False,True,False,1,False,HuggingFace
ist,Istriot,False,False,True,False,1,False,HuggingFace
isu,Isu,False,False,True,False,1,False,HuggingFace
isv,Interslavic,False,False,True,False,1,False,HuggingFace
ita,Italian,False,True,True,True,3,False,FineWeb-2+HuggingFace+CommonVoice
itb,Binongan Itneg,False,False,True,False,1,False,HuggingFace
itd,Southern Tidung,False,False,True,False,1,False,HuggingFace
ite,Itene,False,False,True,False,1,False,HuggingFace
iti,Inlaod Itneg,False,False,True,False,1,False,HuggingFace
itk,Judeo-Italian,False,False,True,False,1,False,HuggingFace
itl,Itelmen,False,False,True,False,1,False,HuggingFace
itm,Itu Mbon Uzo,False,False,True,False,1,False,HuggingFace
ito,Itonama,False,False,True,False,1,False,HuggingFace
itr,Iteri,False,False,True,False,1,False,HuggingFace
its,Isekiri,False,False,True,False,1,False,HuggingFace
itt,Maeng Itneg,False,False,True,False,1,False,HuggingFace
itv,Itawit,False,True,True,False,2,False,FineWeb-2+HuggingFace
itw,Ito,False,False,True,False,1,False,HuggingFace
itx,Itik,False,False,True,False,1,False,HuggingFace
ity,Moyadan Itneg,False,False,True,False,1,False,HuggingFace
itz,Itzá,False,False,True,False,1,False,HuggingFace
ium,Iu Mien,False,True,True,False,2,False,FineWeb-2+HuggingFace
ivb,Ibatan,False,True,True,False,2,False,FineWeb-2+HuggingFace
ivv,Ivatan,False,True,True,False,2,False,FineWeb-2+HuggingFace
iwk,I-Wak,False,False,True,False,1,False,HuggingFace
iwm,Iwam,False,False,True,False,1,False,HuggingFace
iwo,Iwur,False,False,True,False,1,False,HuggingFace
iws,Sepik Iwam,False,True,True,False,2,False,FineWeb-2+HuggingFace
ixc,Ixcatec,False,False,True,False,1,False,HuggingFace
ixl,Ixil,False,True,True,False,2,False,FineWeb-2+HuggingFace
iya,Iyayu,False,False,True,False,1,False,HuggingFace
iyo,Mesaka,False,False,True,False,1,False,HuggingFace
iyx,Yaka (Congo),False,False,True,False,1,False,HuggingFace
izh,Ingrian,False,False,True,True,2,False,HuggingFace+CommonVoice
izm,Kizamani,False,False,False,False,0,False,NONE
izr,Izere,False,True,True,False,2,False,FineWeb-2+HuggingFace
izz,Izii,False,True,True,False,2,False,FineWeb-2+HuggingFace
jaa,Jamamadí,False,True,True,False,2,False,FineWeb-2+HuggingFace
jab,Hyam,False,False,True,False,1,False,HuggingFace
jac,Popti',False,True,True,False,2,False,FineWeb-2+HuggingFace
jad,Jahanka,False,False,True,False,1,False,HuggingFace
jae,Yabem,False,True,True,False,2,False,FineWeb-2+HuggingFace
jaf,Jara,False,False,True,False,1,False,HuggingFace
jah,Jah Hut,False,False,True,False,1,False,HuggingFace
jaj,Zazao,False,False,True,False,1,False,HuggingFace
jak,Jakun,False,False,True,False,1,False,HuggingFace
jal,Yalahatan,False,False,True,False,1,False,HuggingFace
jam,Jamaican Creole English,False,True,True,True,3,False,FineWeb-2+HuggingFace+CommonVoice
jan,Jandai,False,False,True,False,1,False,HuggingFace
jao,Yanyuwa,False,False,True,False,1,False,HuggingFace
jaq,Yaqay,False,False,True,False,1,False,HuggingFace
jas,New Caledonian Javanese,False,False,True,False,1,False,HuggingFace
jat,Jakati,False,False,True,False,1,False,HuggingFace
jau,Yaur,False,False,True,False,1,False,HuggingFace
jav,Javanese,False,True,True,True,3,False,FineWeb-2+HuggingFace+CommonVoice
jax,Jambi Malay,False,False,True,False,1,False,HuggingFace
jay,Yan-nhangu,False,False,True,False,1,False,HuggingFace
jaz,Jawe,False,False,True,False,1,False,HuggingFace
jbe,Judeo-Berber,False,False,True,False,1,False,HuggingFace
jbi,Badjiri,False,False,True,False,1,False,HuggingFace
jbj,Arandai,False,False,True,False,1,False,HuggingFace
jbk,Barikewa,False,False,True,False,1,False,HuggingFace
jbm,Bijim,False,False,True,False,1,False,HuggingFace
jbn,Nafusi,False,False,True,False,1,False,HuggingFace
jbo,Lojban,False,True,True,True,3,False,FineWeb-2+HuggingFace+CommonVoice
jbr,Jofotek-Bromnya,False,False,True,False,1,False,HuggingFace
jbt,Jabutí,False,False,True,False,1,False,HuggingFace
jbu,Jukun Takum,False,True,True,False,2,False,FineWeb-2+HuggingFace
jbw,Yawijibaya,False,False,True,False,1,False,HuggingFace
jcs,Jamaican Country Sign Language,False,False,True,False,1,False,HuggingFace
jct,Krymchak,False,False,True,False,1,False,HuggingFace
jda,Jad,False,False,True,False,1,False,HuggingFace
jdg,Jadgali,False,False,True,False,1,False,HuggingFace
jdt,Judeo-Tat,False,False,True,False,1,False,HuggingFace
jeb,Jebero,False,False,True,False,1,False,HuggingFace
jee,Jerung,False,False,True,False,1,False,HuggingFace
jeh,Jeh,False,False,True,False,1,False,HuggingFace
jei,Yei,False,False,True,False,1,False,HuggingFace
jek,Jeri Kuo,False,False,True,False,1,False,HuggingFace
jel,Yelmek,False,False,True,False,1,False,HuggingFace
jen,Dza,False,False,True,False,1,False,HuggingFace
jer,Jere,False,False,True,False,1,False,HuggingFace
jet,Manem,False,False,True,False,1,False,HuggingFace
jeu,Jonkor Bourmataguil,False,False,True,False,1,False,HuggingFace
jgb,Ngbee,False,False,True,False,1,False,HuggingFace
jge,Judeo-Georgian,False,False,True,False,1,False,HuggingFace
jgk,Gwak,False,False,True,False,1,False,HuggingFace
jgo,Ngomba,False,False,True,True,2,False,HuggingFace+CommonVoice
jhi,Jehai,False,False,True,False,1,False,HuggingFace
jhs,Jhankot Sign Language,False,False,True,False,1,False,HuggingFace
jia,Jina,False,False,True,False,1,False,HuggingFace
jib,Jibu,False,False,True,False,1,False,HuggingFace
jic,Tol,False,True,True,False,2,False,FineWeb-2+HuggingFace
jid,Bu (Kaduna State),False,False,True,False,1,False,HuggingFace
jie,Jilbe,False,False,True,False,1,False,HuggingFace
jig,Jingulu,False,False,True,False,1,False,HuggingFace
jih,sTodsde,False,False,True,False,1,False,HuggingFace
jii,Jiiddu,False,False,True,False,1,False,HuggingFace
jil,Jilim,False,False,True,False,1,False,HuggingFace
jim,Jimi (Cameroon),False,False,True,False,1,False,HuggingFace
jio,Jiamao,False,False,True,False,1,False,HuggingFace
jiq,Guanyinqiao,False,False,True,False,1,False,HuggingFace
jit,Jita,False,False,True,False,1,False,HuggingFace
jiu,Youle Jinuo,False,False,True,False,1,False,HuggingFace
jiv,Shuar,False,True,True,False,2,False,FineWeb-2+HuggingFace
jiy,Buyuan Jinuo,False,False,True,False,1,False,HuggingFace
jje,Jejueo,False,False,True,False,1,False,HuggingFace
jjr,Bankal,False,False,True,False,1,False,HuggingFace
jka,Kaera,False,False,True,False,1,False,HuggingFace
jkm,Mobwa Karen,False,False,True,False,1,False,HuggingFace
jko,Kubo,False,False,True,False,1,False,HuggingFace
jkp,Paku Karen,False,False,True,False,1,False,HuggingFace
jkr,Koro (India),False,False,True,False,1,False,HuggingFace
jks,Amami Koniya Sign Language,False,False,True,False,1,False,HuggingFace
jku,Labir,False,False,True,False,1,False,HuggingFace
jle,Ngile,False,False,True,False,1,False,HuggingFace
jls,Jamaican Sign Language,False,False,True,False,1,False,HuggingFace
jma,Dima,False,False,True,False,1,False,HuggingFace
jmb,Zumbun,False,False,True,False,1,False,HuggingFace
jmc,Machame,False,True,True,False,2,False,FineWeb-2+HuggingFace
jmd,Yamdena,False,False,True,False,1,False,HuggingFace
jmi,Jimi (Nigeria),False,False,True,False,1,False,HuggingFace
jml,Jumli,False,False,True,False,1,False,HuggingFace
jmn,Makuri Naga,False,False,True,False,1,False,HuggingFace
jmr,Kamara,False,False,True,False,1,False,HuggingFace
jms,Mashi (Nigeria),False,False,True,False,1,False,HuggingFace
jmw,Mouwase,False,False,True,False,1,False,HuggingFace
jmx,Western Juxtlahuaca Mixtec,False,False,True,False,1,False,HuggingFace
jna,Jangshung,False,False,True,False,1,False,HuggingFace
jnd,Jandavra,False,False,True,False,1,False,HuggingFace
jng,Yangman,False,False,True,False,1,False,HuggingFace
jni,Janji,False,False,True,False,1,False,HuggingFace
jnj,Yemsa,False,False,True,False,1,False,HuggingFace
jnl,Rawat,False,False,True,False,1,False,HuggingFace
jns,Jaunsari,False,False,True,False,1,False,HuggingFace
job,Joba,False,False,True,False,1,False,HuggingFace
jod,Wojenaka,False,False,True,False,1,False,HuggingFace
jog,Jogi,False,False,True,False,1,False,HuggingFace
jor,Jorá,False,False,True,False,1,False,HuggingFace
jos,Jordanian Sign Language,False,False,True,False,1,False,HuggingFace
jow,Jowulu,False,False,True,False,1,False,HuggingFace
jpa,Jewish Palestinian Aramaic,False,False,True,False,1,False,HuggingFace
jpn,Japanese,False,True,True,True,3,False,FineWeb-2+HuggingFace+CommonVoice
jpr,Judeo-Persian,False,False,True,False,1,False,HuggingFace
jqr,Jaqaru,False,False,True,True,2,False,HuggingFace+CommonVoice
jra,Jarai,False,True,True,False,2,False,FineWeb-2+HuggingFace
jrb,Judeo-Arabic,True,False,True,False,1,False,HuggingFace
jrr,Jiru,False,False,True,False,1,False,HuggingFace
jrt,Jakattoe,False,False,True,False,1,False,HuggingFace
jru,Japrería,False,False,True,False,1,False,HuggingFace
jsl,Japanese Sign Language,False,False,True,False,1,False,HuggingFace
jua,Júma,False,False,True,False,1,False,HuggingFace
jub,Wannu,False,False,True,False,1,False,HuggingFace
juc,Jurchen,False,False,True,False,1,False,HuggingFace
jud,Worodougou,False,False,True,False,1,False,HuggingFace
juh,Hõne,False,False,True,False,1,False,HuggingFace
jui,Ngadjuri,False,False,True,False,1,False,HuggingFace
juk,Wapan,False,False,True,False,1,False,HuggingFace
jul,Jirel,False,False,True,False,1,False,HuggingFace
jum,Jumjum,False,False,True,False,1,False,HuggingFace
jun,Juang,False,True,True,False,2,False,FineWeb-2+HuggingFace
juo,Jiba,False,False,True,False,1,False,HuggingFace
jup,Hupdë,False,False,True,False,1,False,HuggingFace
jur,Jurúna,False,False,True,False,1,False,HuggingFace
jus,Jumla Sign Language,False,False,True,False,1,False,HuggingFace
jut,Jutish,False,False,True,False,1,False,HuggingFace
juu,Ju,False,False,True,False,1,False,HuggingFace
juw,Wãpha,False,False,True,False,1,False,HuggingFace
juy,Juray,False,False,True,False,1,False,HuggingFace
jvd,Javindo,False,False,True,False,1,False,HuggingFace
jvn,Caribbean Javanese,False,True,True,False,2,False,FineWeb-2+HuggingFace
jwi,Jwira-Pepesa,False,False,True,False,1,False,HuggingFace
jya,Jiarong,False,False,True,False,1,False,HuggingFace
jye,Judeo-Yemeni Arabic,False,False,True,False,1,False,HuggingFace
jyy,Jaya,False,False,True,False,1,False,HuggingFace
kaa,Kara-Kalpak,False,True,True,True,3,False,FineWeb-2+HuggingFace+CommonVoice
kab,Kabyle,False,True,True,True,3,False,FineWeb-2+HuggingFace+CommonVoice
kac,Kachin,False,True,True,False,2,False,FineWeb-2+HuggingFace
kad,Adara,False,False,True,False,1,False,HuggingFace
kae,Ketangalan,False,False,True,False,1,False,HuggingFace
kaf,Katso,False,False,True,False,1,False,HuggingFace
kag,Kajaman,False,False,True,False,1,False,HuggingFace
kah,Kara (Central African Republic),False,False,True,False,1,False,HuggingFace
kai,Karekare,False,False,True,False,1,False,HuggingFace
kaj,Jju,False,False,True,False,1,False,HuggingFace
kak,Kalanguya,False,True,True,False,2,False,FineWeb-2+HuggingFace
kal,Kalaallisut,False,True,True,True,3,False,FineWeb-2+HuggingFace+CommonVoice
kam,Kamba (Kenya),False,True,True,True,3,False,FineWeb-2+HuggingFace+CommonVoice
kan,Kannada,False,True,True,True,3,False,FineWeb-2+HuggingFace+CommonVoice
kao,Xaasongaxango,False,True,True,False,2,False,FineWeb-2+HuggingFace
kap,Bezhta,False,False,True,False,1,False,HuggingFace
kaq,Capanahua,False,True,True,False,2,False,FineWeb-2+HuggingFace
kas,Kashmiri,False,True,True,True,3,False,FineWeb-2+HuggingFace+CommonVoice
kat,Georgian,False,True,True,True,3,False,FineWeb-2+HuggingFace+CommonVoice
kau,Kanuri,True,False,True,False,1,False,HuggingFace
kav,Katukína,False,False,True,False,1,False,HuggingFace
kaw,Kawi,False,False,True,False,1,False,HuggingFace
kax,Kao,False,False,True,False,1,False,HuggingFace
kay,Kamayurá,False,False,True,False,1,False,HuggingFace
kaz,Kazakh,False,True,True,True,3,False,FineWeb-2+HuggingFace+CommonVoice
kba,Kalarko,False,False,True,False,1,False,HuggingFace
kbb,Kaxuiâna,False,False,True,False,1,False,HuggingFace
kbc,Kadiwéu,False,True,True,False,2,False,FineWeb-2+HuggingFace
kbd,Kabardian,False,True,True,True,3,False,FineWeb-2+HuggingFace+CommonVoice
kbe,Kanju,False,False,True,False,1,False,HuggingFace
kbg,Khamba,False,False,True,False,1,False,HuggingFace
kbh,Camsá,False,True,True,False,2,False,FineWeb-2+HuggingFace
kbi,Kaptiau,False,False,True,False,1,False,HuggingFace
kbj,Kari,False,False,True,False,1,False,HuggingFace
kbk,Grass Koiari,False,False,True,False,1,False,HuggingFace
kbl,Kanembu,False,False,True,False,1,False,HuggingFace
kbm,Iwal,False,True,True,False,2,False,FineWeb-2+HuggingFace
kbn,Kare (Central African Republic),False,False,True,False,1,False,HuggingFace
kbo,Keliko,False,True,True,False,2,False,FineWeb-2+HuggingFace
kbp,Kabiyè,False,True,True,False,2,False,FineWeb-2+HuggingFace
kbq,Kamano,False,True,True,False,2,False,FineWeb-2+HuggingFace
kbr,Kafa,False,True,True,False,2,False,FineWeb-2+HuggingFace
kbs,Kande,False,False,True,False,1,False,HuggingFace
kbt,Abadi,False,False,True,False,1,False,HuggingFace
kbu,Kabutra,False,False,True,False,1,False,HuggingFace
kbv,Dera (Indonesia),False,False,True,False,1,False,HuggingFace
kbw,Kaiep,False,False,True,False,1,False,HuggingFace
kbx,Ap Ma,False,False,True,False,1,False,HuggingFace
kby,Manga Kanuri,False,True,True,False,2,False,FineWeb-2+HuggingFace
kbz,Duhwa,False,False,True,False,1,False,HuggingFace
kca,Khanty,False,True,True,False,2,False,FineWeb-2+HuggingFace
kcb,Kawacha,False,False,True,False,1,False,HuggingFace
kcc,Lubila,False,False,True,False,1,False,HuggingFace
kcd,Ngkâlmpw Kanum,False,False,True,False,1,False,HuggingFace
kce,Kaivi,False,False,True,False,1,False,HuggingFace
kcf,Ukaan,False,False,True,False,1,False,HuggingFace
kcg,Tyap,False,True,True,False,2,False,FineWeb-2+HuggingFace
kch,Vono,False,False,True,False,1,False,HuggingFace
kci,Ngyian,False,False,True,False,1,False,HuggingFace
kcj,Kobiana,False,False,True,False,1,False,HuggingFace
kck,Kalanga,False,True,True,False,2,False,FineWeb-2+HuggingFace
kcl,Kela (Papua New Guinea),False,False,True,False,1,False,HuggingFace
kcm,Gula (Central African Republic),False,False,True,False,1,False,HuggingFace
kcn,Nubi,False,False,True,True,2,False,HuggingFace+CommonVoice
kco,Kinalakna,False,False,True,False,1,False,HuggingFace
kcp,Kanga,False,False,True,False,1,False,HuggingFace
kcq,Kamo,False,False,True,False,1,False,HuggingFace
kcr,Katla,False,False,True,False,1,False,HuggingFace
kcs,Koenoem,False,False,True,False,1,False,HuggingFace
kct,Kaian,False,False,True,False,1,False,HuggingFace
kcu,Kami (Tanzania),False,False,True,False,1,False,HuggingFace
kcv,Kete,False,False,True,False,1,False,HuggingFace
kcw,Kabwari,False,False,True,False,1,False,HuggingFace
kcx,Kachama-Ganjule,False,False,True,False,1,False,HuggingFace
kcy,Korandje,False,False,True,False,1,False,HuggingFace
kcz,Konongo,False,False,True,False,1,False,HuggingFace
kda,Worimi,False,False,True,False,1,False,HuggingFace
kdc,Kutu,False,True,True,False,2,False,FineWeb-2+HuggingFace
kdd,Yankunytjatjara,False,False,True,False,1,False,HuggingFace
kde,Makonde,False,True,True,False,2,False,FineWeb-2+HuggingFace
kdf,Mamusi,False,False,True,False,1,False,HuggingFace
kdg,Seba,False,False,True,False,1,False,HuggingFace
kdh,Tem,False,True,True,True,3,False,FineWeb-2+HuggingFace+CommonVoice
kdi,Kumam,False,True,True,False,2,False,FineWeb-2+HuggingFace
kdj,Karamojong,False,True,True,False,2,False,FineWeb-2+HuggingFace
kdk,Numèè,False,False,True,False,1,False,HuggingFace
kdl,Tsikimba,False,True,True,False,2,False,FineWeb-2+HuggingFace
kdm,Kagoma,False,False,True,False,1,False,HuggingFace
kdn,Kunda,False,False,True,False,1,False,HuggingFace
kdp,Kaningdon-Nindem,False,False,True,False,1,False,HuggingFace
kdq,Koch,False,False,True,False,1,False,HuggingFace
kdr,Karaim,False,True,True,False,2,False,FineWeb-2+HuggingFace
kdt,Kuy,False,False,True,False,1,False,HuggingFace
kdu,Kadaru,False,False,True,False,1,False,HuggingFace
kdw,Koneraw,False,False,True,False,1,False,HuggingFace
kdx,Kam,False,False,True,False,1,False,HuggingFace
kdy,Keder,False,False,True,False,1,False,HuggingFace
kdz,Kwaja,False,False,True,False,1,False,HuggingFace
kea,Kabuverdianu,False,True,True,False,2,False,FineWeb-2+HuggingFace
keb,Kélé,False,False,True,False,1,False,HuggingFace
kec,Keiga,False,False,True,False,1,False,HuggingFace
ked,Kerewe,False,False,True,False,1,False,HuggingFace
kee,Eastern Keres,False,False,True,False,1,False,HuggingFace
kef,Kpessi,False,False,True,False,1,False,HuggingFace
keg,Tese,False,False,True,False,1,False,HuggingFace
keh,Keak,False,False,True,False,1,False,HuggingFace
kei,Kei,False,True,True,False,2,False,FineWeb-2+HuggingFace
kej,Kadar,False,False,True,False,1,False,HuggingFace
kek,Kekchí,False,True,True,False,2,False,FineWeb-2+HuggingFace
kel,Kela (Democratic Republic of Congo),False,False,True,False,1,False,HuggingFace
kem,Kemak,False,False,True,False,1,False,HuggingFace
ken,Kenyang,False,True,True,False,2,False,FineWeb-2+HuggingFace
keo,Kakwa,False,True,True,False,2,False,FineWeb-2+HuggingFace
kep,Kaikadi,False,False,True,False,1,False,HuggingFace
keq,Kamar,False,False,True,False,1,False,HuggingFace
ker,Kera,False,True,True,False,2,False,FineWeb-2+HuggingFace
kes,Kugbo,False,False,True,False,1,False,HuggingFace
ket,Ket,False,False,True,False,1,False,HuggingFace
keu,Akebu,False,False,True,False,1,False,HuggingFace
kev,Kanikkaran,False,False,True,False,1,False,HuggingFace
kew,West Kewa,False,True,True,False,2,False,FineWeb-2+HuggingFace
kex,Kukna,False,False,True,False,1,False,HuggingFace
key,Kupia,False,False,True,False,1,False,HuggingFace
kez,Kukele,False,True,True,False,2,False,FineWeb-2+HuggingFace
kfa,Kodava,False,False,True,False,1,False,HuggingFace
kfb,Northwestern Kolami,False,False,True,False,1,False,HuggingFace
kfc,Konda-Dora,False,False,True,False,1,False,HuggingFace
kfd,Korra Koraga,False,False,True,False,1,False,HuggingFace
kfe,Kota (India),False,False,True,False,1,False,HuggingFace
kff,Koya,False,True,True,False,2,False,FineWeb-2+HuggingFace
kfg,Kudiya,False,False,True,False,1,False,HuggingFace
kfh,Kurichiya,False,False,True,False,1,False,HuggingFace
kfi,Kannada Kurumba,False,False,True,False,1,False,HuggingFace
kfj,Kemiehua,False,False,True,False,1,False,HuggingFace
kfk,Kinnauri,False,False,True,False,1,False,HuggingFace
kfl,Kung,False,False,True,False,1,False,HuggingFace
kfm,Khunsari,False,False,True,False,1,False,HuggingFace
kfn,Kuk,False,False,True,False,1,False,HuggingFace
kfo,Koro (Côte d'Ivoire),False,False,True,False,1,False,HuggingFace
kfp,Korwa,False,False,True,False,1,False,HuggingFace
kfq,Korku,False,False,True,False,1,False,HuggingFace
kfr,Kachhi,False,False,True,False,1,False,HuggingFace
kfs,Bilaspuri,False,False,True,False,1,False,HuggingFace
kft,Kanjari,False,False,True,False,1,False,HuggingFace
kfu,Katkari,False,False,True,False,1,False,HuggingFace
kfv,Kurmukar,False,False,True,False,1,False,HuggingFace
kfw,Kharam Naga,False,False,True,False,1,False,HuggingFace
kfx,Kullu Pahari,False,False,True,False,1,False,HuggingFace
kfy,Kumaoni,False,False,True,False,1,False,HuggingFace
kfz,Koromfé,False,False,True,False,1,False,HuggingFace
kga,Koyaga,False,False,True,False,1,False,HuggingFace
kgb,Kawe,False,False,True,False,1,False,HuggingFace
kge,Komering,False,False,True,False,1,False,HuggingFace
kgf,Kube,False,True,True,False,2,False,FineWeb-2+HuggingFace
kgg,Kusunda,False,False,True,False,1,False,HuggingFace
kgi,Selangor Sign Language,False,False,True,False,1,False,HuggingFace
kgj,Gamale Kham,False,False,True,False,1,False,HuggingFace
kgk,Kaiwá,False,True,True,False,2,False,FineWeb-2+HuggingFace
kgl,Kunggari,False,False,True,False,1,False,HuggingFace
kgn,Karingani,False,False,True,False,1,False,HuggingFace
kgo,Krongo,False,False,True,False,1,False,HuggingFace
kgp,Kaingang,False,True,True,False,2,False,FineWeb-2+HuggingFace
kgq,Kamoro,False,False,True,False,1,False,HuggingFace
kgr,Abun,False,True,True,False,2,False,FineWeb-2+HuggingFace
kgs,Kumbainggar,False,False,True,False,1,False,HuggingFace
kgt,Somyev,False,False,True,False,1,False,HuggingFace
kgu,Kobol,False,False,True,False,1,False,HuggingFace
kgv,Karas,False,False,True,False,1,False,HuggingFace
kgw,Karon Dori,False,False,True,False,1,False,HuggingFace
kgx,Kamaru,False,False,True,False,1,False,HuggingFace
kgy,Kyerung,False,False,True,False,1,False,HuggingFace
kha,Khasi,False,True,True,False,2,False,FineWeb-2+HuggingFace
khb,Lü,False,False,True,False,1,False,HuggingFace
khc,Tukang Besi North,False,False,True,False,1,False,HuggingFace
khd,Bädi Kanum,False,False,True,False,1,False,HuggingFace
khe,Korowai,False,False,True,False,1,False,HuggingFace
khf,Khuen,False,False,True,False,1,False,HuggingFace
khg,Khams Tibetan,False,False,True,False,1,False,HuggingFace
khh,Kehu,False,False,True,False,1,False,HuggingFace
khj,Kuturmi,False,False,True,False,1,False,HuggingFace
khk,Halh Mongolian,False,True,True,False,2,False,FineWeb-2+HuggingFace
khl,Lusi,False,False,True,False,1,False,HuggingFace
khm,Khmer,False,True,True,True,3,False,FineWeb-2+HuggingFace+CommonVoice
khn,Khandesi,False,False,True,False,1,False,HuggingFace
kho,Khotanese,False,False,True,False,1,False,HuggingFace
khp,Kapori,False,False,True,False,1,False,HuggingFace
khq,Koyra Chiini Songhay,False,False,True,False,1,False,HuggingFace
khr,Kharia,False,False,True,False,1,False,HuggingFace
khs,Kasua,False,True,True,False,2,False,FineWeb-2+HuggingFace
kht,Khamti,False,False,True,False,1,False,HuggingFace
khu,Nkhumbi,False,False,True,False,1,False,HuggingFace
khv,Khvarshi,False,False,True,False,1,False,HuggingFace
khw,Khowar,False,False,True,True,2,False,HuggingFace+CommonVoice
khx,Kanu,False,False,True,False,1,False,HuggingFace
khy,Kele (Democratic Republic of Congo),False,False,True,False,1,False,HuggingFace
khz,Keapara,False,True,True,False,2,False,FineWeb-2+HuggingFace
kia,Kim,False,True,True,False,2,False,FineWeb-2+HuggingFace
kib,Koalib,False,False,True,False,1,False,HuggingFace
kic,Kickapoo,False,False,True,False,1,False,HuggingFace
kid,Koshin,False,False,True,False,1,False,HuggingFace
kie,Kibet,False,False,True,False,1,False,HuggingFace
kif,Eastern Parbate Kham,False,False,True,False,1,False,HuggingFace
kig,Kimaama,False,False,True,False,1,False,HuggingFace
kih,Kilmeri,False,False,True,False,1,False,HuggingFace
kii,Kitsai,False,False,True,False,1,False,HuggingFace
kij,Kilivila,False,True,True,False,2,False,FineWeb-2+HuggingFace
kik,Kikuyu,False,True,True,True,3,False,FineWeb-2+HuggingFace+CommonVoice
kil,Kariya,False,False,True,False,1,False,HuggingFace
kim,Karagas,False,False,True,False,1,False,HuggingFace
kin,Kinyarwanda,False,True,True,True,3,False,FineWeb-2+HuggingFace+CommonVoice
kio,Kiowa,False,False,True,False,1,False,HuggingFace
kip,Sheshi Kham,False,False,True,False,1,False,HuggingFace
kiq,Kosadle,False,False,True,False,1,False,HuggingFace
kir,Kirghiz,False,True,True,True,3,False,FineWeb-2+HuggingFace+CommonVoice
kis,Kis,False,False,True,False,1,False,HuggingFace
kit,Agob,False,False,True,False,1,False,HuggingFace
kiu,Kirmanjki (individual language),False,True,True,False,2,False,FineWeb-2+HuggingFace
kiv,Kimbu,False,False,True,False,1,False,HuggingFace
kiw,Northeast Kiwai,False,False,True,False,1,False,HuggingFace
kix,Khiamniungan Naga,False,True,True,False,2,False,FineWeb-2+HuggingFace
kiy,Kirikiri,False,False,True,False,1,False,HuggingFace
kiz,Kisi,False,False,True,False,1,False,HuggingFace
kja,Mlap,False,False,True,False,1,False,HuggingFace
kjb,Q'anjob'al,False,True,True,False,2,False,FineWeb-2+HuggingFace
kjc,Coastal Konjo,False,False,True,False,1,False,HuggingFace
kjd,Southern Kiwai,False,False,True,False,1,False,HuggingFace
kje,Kisar,False,True,True,False,2,False,FineWeb-2+HuggingFace
kjg,Khmu,False,False,True,False,1,False,HuggingFace
kjh,Khakas,False,True,True,True,3,False,FineWeb-2+HuggingFace+CommonVoice
kji,Zabana,False,False,True,False,1,False,HuggingFace
kjj,Khinalugh,False,False,True,False,1,False,HuggingFace
kjk,Highland Konjo,False,False,True,False,1,False,HuggingFace
kjl,Western Parbate Kham,False,False,True,False,1,False,HuggingFace
kjm,Kháng,False,False,True,False,1,False,HuggingFace
kjn,Kunjen,False,False,True,False,1,False,HuggingFace
kjo,Kinnauri Pahari,False,False,True,False,1,False,HuggingFace
kjp,Pwo Eastern Karen,False,False,True,False,1,False,HuggingFace
kjq,Western Keres,False,False,True,False,1,False,HuggingFace
kjr,Kurudu,False,False,True,False,1,False,HuggingFace
kjs,East Kewa,False,True,True,False,2,False,FineWeb-2+HuggingFace
kjt,Phrae Pwo Karen,False,False,True,False,1,False,HuggingFace
kju,Kashaya,False,False,True,False,1,False,HuggingFace
kjv,Kaikavian Literary Language,False,False,True,False,1,False,HuggingFace
kjx,Ramopa,False,False,True,False,1,False,HuggingFace
kjy,Erave,False,False,True,False,1,False,HuggingFace
kjz,Bumthangkha,False,False,True,False,1,False,HuggingFace
kka,Kakanda,False,False,True,False,1,False,HuggingFace
kkb,Kwerisa,False,False,True,False,1,False,HuggingFace
kkc,Odoodee,False,True,True,False,2,False,FineWeb-2+HuggingFace
kkd,Kinuku,False,False,True,False,1,False,HuggingFace
kke,Kakabe,False,False,True,False,1,False,HuggingFace
kkf,Kalaktang Monpa,False,False,True,False,1,False,HuggingFace
kkg,Mabaka Valley Kalinga,False,False,True,False,1,False,HuggingFace
kkh,Khün,False,False,True,False,1,False,HuggingFace
kki,Kagulu,False,True,True,False,2,False,FineWeb-2+HuggingFace
kkj,Kako,False,True,True,False,2,False,FineWeb-2+HuggingFace
kkk,Kokota,False,False,True,False,1,False,HuggingFace
kkl,Kosarek Yale,False,True,True,False,2,False,FineWeb-2+HuggingFace
kkm,Kiong,False,False,True,False,1,False,HuggingFace
kkn,Kon Keu,False,False,True,False,1,False,HuggingFace
kko,Karko,False,False,True,False,1,False,HuggingFace
kkp,Gugubera,False,False,True,False,1,False,HuggingFace
kkq,Kaeku,False,False,True,False,1,False,HuggingFace
kkr,Kir-Balar,False,False,True,False,1,False,HuggingFace
kks,Giiwo,False,False,True,False,1,False,HuggingFace
kkt,Koi,False,False,True,False,1,False,HuggingFace
kku,Tumi,False,False,True,False,1,False,HuggingFace
kkv,Kangean,False,False,True,False,1,False,HuggingFace
kkw,Teke-Kukuya,False,False,True,False,1,False,HuggingFace
kkx,Kohin,False,False,True,False,1,False,HuggingFace
kky,Guugu Yimidhirr,False,False,True,False,1,False,HuggingFace
kkz,Kaska,False,False,True,False,1,False,HuggingFace
kla,Klamath-Modoc,False,False,True,False,1,False,HuggingFace
klb,Kiliwa,False,False,True,False,1,False,HuggingFace
klc,Kolbila,False,False,True,False,1,False,HuggingFace
kld,Gamilaraay,False,False,True,False,1,False,HuggingFace
kle,Kulung (Nepal),False,True,True,False,2,False,FineWeb-2+HuggingFace
klf,Kendeje,False,False,True,False,1,False,HuggingFace
klg,Tagakaulo,False,False,True,False,1,False,HuggingFace
klh,Weliki,False,False,True,False,1,False,HuggingFace
kli,Kalumpang,False,False,True,False,1,False,HuggingFace
klj,Khalaj,False,False,True,False,1,False,HuggingFace
klk,Kono (Nigeria),False,False,True,False,1,False,HuggingFace
kll,Kagan Kalagan,False,False,True,False,1,False,HuggingFace
klm,Migum,False,False,True,False,1,False,HuggingFace
kln,Kalenjin,True,False,True,True,2,False,HuggingFace+CommonVoice
klo,Kapya,False,False,True,False,1,False,HuggingFace
klp,Kamasa,False,False,True,False,1,False,HuggingFace
klq,Rumu,False,False,True,False,1,False,HuggingFace
klr,Khaling,False,False,True,False,1,False,HuggingFace
kls,Kalasha,False,False,True,True,2,False,HuggingFace+CommonVoice
klt,Nukna,False,True,True,False,2,False,FineWeb-2+HuggingFace
klu,Klao,False,False,True,False,1,False,HuggingFace
klv,Maskelynes,False,True,True,False,2,False,FineWeb-2+HuggingFace
klw,Tado,False,False,True,False,1,False,HuggingFace
klx,Koluwawa,False,False,True,False,1,False,HuggingFace
kly,Kalao,False,False,True,False,1,False,HuggingFace
klz,Kabola,False,False,True,False,1,False,HuggingFace
kma,Konni,False,False,True,False,1,False,HuggingFace
kmb,Kimbundu,False,True,True,False,2,False,FineWeb-2+HuggingFace
kmc,Southern Dong,False,False,True,False,1,False,HuggingFace
kmd,Majukayang Kalinga,False,False,True,False,1,False,HuggingFace
kme,Bakole,False,False,True,False,1,False,HuggingFace
kmf,Kare (Papua New Guinea),False,False,True,False,1,False,HuggingFace
kmg,Kâte,False,True,True,False,2,False,FineWeb-2+HuggingFace
kmh,Kalam,False,True,True,False,2,False,FineWeb-2+HuggingFace
kmi,Kami (Nigeria),False,False,True,False,1,False,HuggingFace
kmj,Kumarbhag Paharia,False,False,True,False,1,False,HuggingFace
kmk,Limos Kalinga,False,True,True,False,2,False,FineWeb-2+HuggingFace
kml,Tanudan Kalinga,False,False,True,False,1,False,HuggingFace
kmm,Kom (India),False,True,True,False,2,False,FineWeb-2+HuggingFace
kmn,Awtuw,False,False,True,False,1,False,HuggingFace
kmo,Kwoma,False,True,True,False,2,False,FineWeb-2+HuggingFace
kmp,Gimme,False,False,True,False,1,False,HuggingFace
kmq,Kwama,False,False,True,False,1,False,HuggingFace
kmr,Northern Kurdish,False,True,True,True,3,False,FineWeb-2+HuggingFace+CommonVoice
kms,Kamasau,False,True,True,False,2,False,FineWeb-2+HuggingFace
kmt,Kemtuik,False,False,True,False,1,False,HuggingFace
kmu,Kanite,False,True,True,False,2,False,FineWeb-2+HuggingFace
kmv,Karipúna Creole French,False,False,True,False,1,False,HuggingFace
kmw,Komo (Democratic Republic of Congo),False,False,True,False,1,False,HuggingFace
kmx,Waboda,False,False,True,False,1,False,HuggingFace
kmy,Koma,False,True,True,False,2,False,FineWeb-2+HuggingFace
kmz,Khorasani Turkish,False,False,True,False,1,False,HuggingFace
kna,Dera (Nigeria),False,False,True,False,1,False,HuggingFace
knb,Lubuagan Kalinga,False,False,True,False,1,False,HuggingFace
knc,Central Kanuri,False,True,True,False,2,False,FineWeb-2+HuggingFace
knd,Konda,False,False,True,False,1,False,HuggingFace
kne,Kankanaey,False,True,True,False,2,False,FineWeb-2+HuggingFace
knf,Mankanya,False,True,True,False,2,False,FineWeb-2+HuggingFace
kng,Koongo,False,True,True,False,2,False,FineWeb-2+HuggingFace
kni,Kanufi,False,False,True,False,1,False,HuggingFace
knj,Western Kanjobal,False,True,True,False,2,False,FineWeb-2+HuggingFace
knk,Kuranko,False,True,True,False,2,False,FineWeb-2+HuggingFace
knl,Keninjal,False,False,True,False,1,False,HuggingFace
knm,Kanamarí,False,False,True,False,1,False,HuggingFace
knn,Konkani (individual language),False,False,True,True,2,False,HuggingFace+CommonVoice
kno,Kono (Sierra Leone),False,True,True,False,2,False,FineWeb-2+HuggingFace
knp,Kwanja,False,False,True,False,1,False,HuggingFace
knq,Kintaq,False,False,True,False,1,False,HuggingFace
knr,Kaningra,False,False,True,False,1,False,HuggingFace
kns,Kensiu,False,False,True,False,1,False,HuggingFace
knt,Panoan Katukína,False,False,True,False,1,False,HuggingFace
knu,Kono (Guinea),False,False,True,False,1,False,HuggingFace
knv,Tabo,False,True,True,False,2,False,FineWeb-2+HuggingFace
knw,Kung-Ekoka,False,False,True,False,1,False,HuggingFace
knx,Kendayan,False,True,True,False,2,False,FineWeb-2+HuggingFace
kny,Kanyok,False,True,True,False,2,False,FineWeb-2+HuggingFace
knz,Kalamsé,False,False,True,False,1,False,HuggingFace
koa,Konomala,False,False,True,False,1,False,HuggingFace
koc,Kpati,False,False,True,False,1,False,HuggingFace
kod,Kodi,False,False,True,False,1,False,HuggingFace
koe,Kacipo-Bale Suri,False,False,True,False,1,False,HuggingFace
kof,Kubi,False,False,True,False,1,False,HuggingFace
kog,Cogui,False,True,True,False,2,False,FineWeb-2+HuggingFace
koh,Koyo,False,False,True,False,1,False,HuggingFace
koi,Komi-Permyak,False,True,True,False,2,False,FineWeb-2+HuggingFace
kok,Konkani (macrolanguage),True,False,True,False,1,False,HuggingFace
kol,Kol (Papua New Guinea),False,False,True,False,1,False,HuggingFace
kom,Komi,True,False,True,False,1,False,HuggingFace
kon,Kongo,True,False,True,False,1,False,HuggingFace
koo,Konzo,False,True,True,True,3,False,FineWeb-2+HuggingFace+CommonVoice
kop,Waube,False,False,True,False,1,False,HuggingFace
koq,Kota (Gabon),False,False,True,False,1,False,HuggingFace
kor,Korean,False,True,True,True,3,False,FineWeb-2+HuggingFace+CommonVoice
kos,Kosraean,False,True,True,False,2,False,FineWeb-2+HuggingFace
kot,Lagwan,False,False,True,False,1,False,HuggingFace
kou,Koke,False,False,True,False,1,False,HuggingFace
kov,Kudu-Camo,False,False,True,False,1,False,HuggingFace
kow,Kugama,False,False,True,False,1,False,HuggingFace
koy,Koyukon,False,False,True,False,1,False,HuggingFace
koz,Korak,False,False,True,False,1,False,HuggingFace
kpa,Kutto,False,False,True,False,1,False,HuggingFace
kpb,Mullu Kurumba,False,False,True,False,1,False,HuggingFace
kpc,Curripaco,False,False,True,False,1,False,HuggingFace
kpd,Koba,False,False,True,False,1,False,HuggingFace
kpe,Kpelle,True,True,True,False,2,False,FineWeb-2+HuggingFace
kpf,Komba,False,True,True,False,2,False,FineWeb-2+HuggingFace
kpg,Kapingamarangi,False,True,True,False,2,False,FineWeb-2+HuggingFace
kph,Kplang,False,False,True,False,1,False,HuggingFace
kpi,Kofei,False,False,True,False,1,False,HuggingFace
kpj,Karajá,False,True,True,False,2,False,FineWeb-2+HuggingFace
kpk,Kpan,False,False,True,False,1,False,HuggingFace
kpl,Kpala,False,False,True,False,1,False,HuggingFace
kpm,Koho,False,False,True,False,1,False,HuggingFace
kpn,Kepkiriwát,False,False,True,False,1,False,HuggingFace
kpo,Ikposo,False,False,True,False,1,False,HuggingFace
kpq,Korupun-Sela,False,True,True,False,2,False,FineWeb-2+HuggingFace
kpr,Korafe-Yegha,False,True,True,False,2,False,FineWeb-2+HuggingFace
kps,Tehit,False,False,True,False,1,False,HuggingFace
kpt,Karata,False,False,True,False,1,False,HuggingFace
kpu,Kafoa,False,False,True,False,1,False,HuggingFace
kpv,Komi-Zyrian,False,True,True,True,3,False,FineWeb-2+HuggingFace+CommonVoice
kpw,Kobon,False,True,True,False,2,False,FineWeb-2+HuggingFace
kpx,Mountain Koiali,False,True,True,False,2,False,FineWeb-2+HuggingFace
kpy,Koryak,False,False,True,False,1,False,HuggingFace
kpz,Kupsabiny,False,True,True,False,2,False,FineWeb-2+HuggingFace
kqa,Mum,False,False,True,False,1,False,HuggingFace
kqb,Kovai,False,False,True,False,1,False,HuggingFace
kqc,Doromu-Koki,False,True,True,False,2,False,FineWeb-2+HuggingFace
kqd,Koy Sanjaq Surat,False,False,True,False,1,False,HuggingFace
kqe,Kalagan,False,True,True,False,2,False,FineWeb-2+HuggingFace
kqf,Kakabai,False,True,True,False,2,False,FineWeb-2+HuggingFace
kqg,Khe,False,False,True,False,1,False,HuggingFace
kqh,Kisankasa,False,False,True,False,1,False,HuggingFace
kqi,Koitabu,False,False,True,False,1,False,HuggingFace
kqj,Koromira,False,False,True,False,1,False,HuggingFace
kqk,Kotafon Gbe,False,False,True,False,1,False,HuggingFace
kql,Kyenele,False,True,True,False,2,False,FineWeb-2+HuggingFace
kqm,Khisa,False,False,True,False,1,False,HuggingFace
kqn,Kaonde,False,True,True,False,2,False,FineWeb-2+HuggingFace
kqo,Eastern Krahn,False,True,True,False,2,False,FineWeb-2+HuggingFace
kqp,Kimré,False,True,True,False,2,False,FineWeb-2+HuggingFace
kqq,Krenak,False,False,True,False,1,False,HuggingFace
kqr,Kimaragang,False,False,True,False,1,False,HuggingFace
kqs,Northern Kissi,False,True,True,False,2,False,FineWeb-2+HuggingFace
kqt,Klias River Kadazan,False,False,True,False,1,False,HuggingFace
kqu,Seroa,False,False,True,False,1,False,HuggingFace
kqv,Okolod,False,False,True,False,1,False,HuggingFace
kqw,Kandas,False,True,True,False,2,False,FineWeb-2+HuggingFace
kqx,Mser,False,False,True,False,1,False,HuggingFace
kqy,Koorete,False,True,True,False,2,False,FineWeb-2+HuggingFace
kqz,Korana,False,False,True,False,1,False,HuggingFace
kra,Kumhali,False,False,True,False,1,False,HuggingFace
krb,Karkin,False,False,True,False,1,False,HuggingFace
krc,Karachay-Balkar,False,True,True,True,3,False,FineWeb-2+HuggingFace+CommonVoice
krd,Kairui-Midiki,False,False,True,False,1,False,HuggingFace
kre,Panará,False,False,True,False,1,False,HuggingFace
krf,Koro (Vanuatu),False,False,True,False,1,False,HuggingFace
krh,Kurama,False,False,True,False,1,False,HuggingFace
kri,Krio,False,True,True,False,2,False,FineWeb-2+HuggingFace
krj,Kinaray-A,False,True,True,False,2,False,FineWeb-2+HuggingFace
krk,Kerek,False,False,True,False,1,False,HuggingFace
krl,Karelian,False,True,True,False,2,False,FineWeb-2+HuggingFace
krn,Sapo,False,False,True,False,1,False,HuggingFace
krp,Durop,False,False,True,False,1,False,HuggingFace
krr,Krung,False,False,True,False,1,False,HuggingFace
krs,Gbaya (Sudan),False,False,True,False,1,False,HuggingFace
krt,Tumari Kanuri,False,False,True,False,1,False,HuggingFace
kru,Kurukh,False,True,True,False,2,False,FineWeb-2+HuggingFace
krv,Kavet,False,False,True,False,1,False,HuggingFace
krw,Western Krahn,False,False,True,False,1,False,HuggingFace
krx,Karon,False,True,True,False,2,False,FineWeb-2+HuggingFace
kry,Kryts,False,False,True,False,1,False,HuggingFace
krz,Sota Kanum,False,False,True,False,1,False,HuggingFace
ksb,Shambala,False,True,True,False,2,False,FineWeb-2+HuggingFace
ksc,Southern Kalinga,False,True,True,False,2,False,FineWeb-2+HuggingFace
ksd,Kuanua,False,True,True,False,2,False,FineWeb-2+HuggingFace
kse,Kuni,False,False,True,False,1,False,HuggingFace
ksf,Bafia,False,True,True,True,3,False,FineWeb-2+HuggingFace+CommonVoice
ksg,Kusaghe,False,False,True,False,1,False,HuggingFace
ksh,Kölsch,False,True,True,False,2,False,FineWeb-2+HuggingFace
ksi,Krisa,False,False,True,False,1,False,HuggingFace
ksj,Uare,False,True,True,False,2,False,FineWeb-2+HuggingFace
ksk,Kansa,False,False,True,False,1,False,HuggingFace
ksl,Kumalu,False,False,True,False,1,False,HuggingFace
ksm,Kumba,False,False,True,False,1,False,HuggingFace
ksn,Kasiguranin,False,False,True,False,1,False,HuggingFace
kso,Kofa,False,False,True,False,1,False,HuggingFace
ksp,Kaba,False,True,True,False,2,False,FineWeb-2+HuggingFace
ksq,Kwaami,False,False,True,False,1,False,HuggingFace
ksr,Borong,False,True,True,False,2,False,FineWeb-2+HuggingFace
kss,Southern Kisi,False,True,True,False,2,False,FineWeb-2+HuggingFace
kst,Winyé,False,False,True,False,1,False,HuggingFace
ksu,Khamyang,False,False,True,False,1,False,HuggingFace
ksv,Kusu,False,False,True,False,1,False,HuggingFace
ksw,S'gaw Karen,False,True,True,False,2,False,FineWeb-2+HuggingFace
ksx,Kedang,False,False,True,False,1,False,HuggingFace
ksy,Kharia Thar,False,False,True,False,1,False,HuggingFace
ksz,Kodaku,False,False,True,False,1,False,HuggingFace
kta,Katua,False,False,True,False,1,False,HuggingFace
ktb,Kambaata,False,True,True,False,2,False,FineWeb-2+HuggingFace
ktc,Kholok,False,False,True,False,1,False,HuggingFace
ktd,Kokata,False,False,True,False,1,False,HuggingFace
kte,Nubri,False,False,True,False,1,False,HuggingFace
ktf,Kwami,False,False,True,False,1,False,HuggingFace
ktg,Kalkutung,False,False,True,False,1,False,HuggingFace
kth,Karanga,False,False,True,False,1,False,HuggingFace
kti,North Muyu,False,False,True,False,1,False,HuggingFace
ktj,Plapo Krumen,False,True,True,False,2,False,FineWeb-2+HuggingFace
ktk,Kaniet,False,False,True,False,1,False,HuggingFace
ktl,Koroshi,False,False,True,False,1,False,HuggingFace
ktm,Kurti,False,True,True,False,2,False,FineWeb-2+HuggingFace
ktn,Karitiâna,False,False,True,False,1,False,HuggingFace
kto,Kuot,False,True,True,False,2,False,FineWeb-2+HuggingFace
ktp,Kaduo,False,False,True,False,1,False,HuggingFace
ktq,Katabaga,False,False,True,False,1,False,HuggingFace
kts,South Muyu,False,False,True,False,1,False,HuggingFace
ktt,Ketum,False,False,True,False,1,False,HuggingFace
ktu,Kituba (Democratic Republic of Congo),False,True,True,False,2,False,FineWeb-2+HuggingFace
ktv,Eastern Katu,False,False,True,False,1,False,HuggingFace
ktw,Kato,False,False,True,False,1,False,HuggingFace
ktx,Kaxararí,False,False,True,False,1,False,HuggingFace
kty,Kango (Bas-Uélé District),False,False,True,False,1,False,HuggingFace
ktz,Juǀʼhoan,False,True,True,False,2,False,FineWeb-2+HuggingFace
kua,Kuanyama,False,True,True,False,2,False,FineWeb-2+HuggingFace
kub,Kutep,False,True,True,False,2,False,FineWeb-2+HuggingFace
kuc,Kwinsu,False,False,True,False,1,False,HuggingFace
kud,'Auhelawa,False,True,True,False,2,False,FineWeb-2+HuggingFace
kue,Kuman (Papua New Guinea),False,True,True,False,2,False,FineWeb-2+HuggingFace
kuf,Western Katu,False,False,True,False,1,False,HuggingFace
kug,Kupa,False,False,True,False,1,False,HuggingFace
kuh,Kushi,False,False,True,False,1,False,HuggingFace
kui,Kuikúro-Kalapálo,False,False,True,False,1,False,HuggingFace
kuj,Kuria,False,True,True,False,2,False,FineWeb-2+HuggingFace
kuk,Kepo',False,False,True,False,1,False,HuggingFace
kul,Kulere,False,False,True,False,1,False,HuggingFace
kum,Kumyk,False,True,True,False,2,False,FineWeb-2+HuggingFace
kun,Kunama,False,False,True,False,1,False,HuggingFace
kuo,Kumukio,False,False,True,False,1,False,HuggingFace
kup,Kunimaipa,False,True,True,False,2,False,FineWeb-2+HuggingFace
kuq,Karipuna,False,False,True,False,1,False,HuggingFace
kur,Kurdish,True,False,True,False,1,False,HuggingFace
kus,Kusaal,False,True,True,False,2,False,FineWeb-2+HuggingFace
kut,Ktunaxa,False,False,True,False,1,False,HuggingFace
kuu,Upper Kuskokwim,False,False,True,False,1,False,HuggingFace
kuv,Kur,False,False,True,False,1,False,HuggingFace
kuw,Kpagua,False,False,True,False,1,False,HuggingFace
kux,Kukatja,False,False,True,False,1,False,HuggingFace
kuy,Kuuku-Ya'u,False,False,True,False,1,False,HuggingFace
kuz,Kunza,False,False,True,False,1,False,HuggingFace
kva,Bagvalal,False,False,True,False,1,False,HuggingFace
kvb,Kubu,False,False,True,False,1,False,HuggingFace
kvc,Kove,False,False,True,False,1,False,HuggingFace
kvd,Kui (Indonesia),False,False,True,False,1,False,HuggingFace
kve,Kalabakan,False,False,True,False,1,False,HuggingFace
kvf,Kabalai,False,False,True,False,1,False,HuggingFace
kvg,Kuni-Boazi,False,True,True,False,2,False,FineWeb-2+HuggingFace
kvh,Komodo,False,False,True,False,1,False,HuggingFace
kvi,Kwang,False,False,True,False,1,False,HuggingFace
kvj,Psikye,False,True,True,False,2,False,FineWeb-2+HuggingFace
kvk,Korean Sign Language,False,False,True,False,1,False,HuggingFace
kvl,Kayaw,False,False,True,False,1,False,HuggingFace
kvm,Kendem,False,False,True,False,1,False,HuggingFace
kvn,Border Kuna,False,True,True,False,2,False,FineWeb-2+HuggingFace
kvo,Dobel,False,False,True,False,1,False,HuggingFace
kvp,Kompane,False,False,True,False,1,False,HuggingFace
kvq,Geba Karen,False,False,True,False,1,False,HuggingFace
kvr,Kerinci,False,False,True,False,1,False,HuggingFace
kvt,Lahta Karen,False,False,True,False,1,False,HuggingFace
kvu,Yinbaw Karen,False,False,True,False,1,False,HuggingFace
kvv,Kola,False,False,True,False,1,False,HuggingFace
kvw,Wersing,False,False,True,False,1,False,HuggingFace
kvx,Parkari Koli,False,False,True,True,2,False,HuggingFace+CommonVoice
kvy,Yintale Karen,False,False,True,False,1,False,HuggingFace
kvz,Tsakwambo,False,False,True,False,1,False,HuggingFace
kwa,Dâw,False,False,True,False,1,False,HuggingFace
kwb,Kwa,False,False,True,False,1,False,HuggingFace
kwc,Likwala,False,False,True,False,1,False,HuggingFace
kwd,Kwaio,False,True,True,False,2,False,FineWeb-2+HuggingFace
kwe,Kwerba,False,False,True,False,1,False,HuggingFace
kwf,Kwara'ae,False,True,True,False,2,False,FineWeb-2+HuggingFace
kwg,Sara Kaba Deme,False,False,True,False,1,False,HuggingFace
kwh,Kowiai,False,False,True,False,1,False,HuggingFace
kwi,Awa-Cuaiquer,False,True,True,False,2,False,FineWeb-2+HuggingFace
kwj,Kwanga,False,True,True,False,2,False,FineWeb-2+HuggingFace
kwk,Kwak'wala,False,False,True,False,1,False,HuggingFace
kwl,Kofyar,False,False,True,False,1,False,HuggingFace
kwm,Kwambi,False,False,True,False,1,False,HuggingFace
kwn,Kwangali,False,True,True,False,2,False,FineWeb-2+HuggingFace
kwo,Kwomtari,False,False,True,False,1,False,HuggingFace
kwp,Kodia,False,False,True,False,1,False,HuggingFace
kwr,Kwer,False,False,True,False,1,False,HuggingFace
kws,Kwese,False,False,True,False,1,False,HuggingFace
kwt,Kwesten,False,False,True,False,1,False,HuggingFace
kwu,Kwakum,False,False,True,False,1,False,HuggingFace
kwv,Sara Kaba Náà,False,False,True,False,1,False,HuggingFace
kww,Kwinti,False,False,True,False,1,False,HuggingFace
kwx,Khirwar,False,False,True,False,1,False,HuggingFace
kwy,San Salvador Kongo,False,True,True,False,2,False,FineWeb-2+HuggingFace
kwz,Kwadi,False,False,True,False,1,False,HuggingFace
kxa,Kairiru,False,False,True,False,1,False,HuggingFace
kxb,Krobu,False,False,True,False,1,False,HuggingFace
kxc,Konso,False,True,True,False,2,False,FineWeb-2+HuggingFace
kxd,Brunei,False,False,True,False,1,False,HuggingFace
kxf,Manumanaw Karen,False,False,True,False,1,False,HuggingFace
kxh,Karo (Ethiopia),False,False,True,False,1,False,HuggingFace
kxi,Keningau Murut,False,False,True,False,1,False,HuggingFace
kxj,Kulfa,False,False,True,False,1,False,HuggingFace
kxk,Zayein Karen,False,False,True,False,1,False,HuggingFace
kxm,Northern Khmer,False,True,True,False,2,False,FineWeb-2+HuggingFace
kxn,Kanowit-Tanjong Melanau,False,False,True,False,1,False,HuggingFace
kxo,Kanoé,False,False,True,False,1,False,HuggingFace
kxp,Wadiyara Koli,False,False,True,True,2,False,HuggingFace+CommonVoice
kxq,Smärky Kanum,False,False,True,False,1,False,HuggingFace
kxr,Koro (Papua New Guinea),False,False,True,False,1,False,HuggingFace
kxs,Kangjia,False,False,True,False,1,False,HuggingFace
kxt,Koiwat,False,False,True,False,1,False,HuggingFace
kxv,Kuvi,False,False,True,False,1,False,HuggingFace
kxw,Konai,False,True,True,False,2,False,FineWeb-2+HuggingFace
kxx,Likuba,False,False,True,False,1,False,HuggingFace
kxy,Kayong,False,False,True,False,1,False,HuggingFace
kxz,Kerewo,False,False,True,False,1,False,HuggingFace
kya,Kwaya,False,False,True,False,1,False,HuggingFace
kyb,Butbut Kalinga,False,False,True,False,1,False,HuggingFace
kyc,Kyaka,False,True,True,False,2,False,FineWeb-2+HuggingFace
kyd,Karey,False,False,True,False,1,False,HuggingFace
kye,Krache,False,False,True,False,1,False,HuggingFace
kyf,Kouya,False,True,True,False,2,False,FineWeb-2+HuggingFace
kyg,Keyagana,False,True,True,False,2,False,FineWeb-2+HuggingFace
kyh,Karok,False,False,True,False,1,False,HuggingFace
kyi,Kiput,False,False,True,False,1,False,HuggingFace
kyj,Karao,False,False,True,False,1,False,HuggingFace
kyk,Kamayo,False,False,True,False,1,False,HuggingFace
kyl,Kalapuya,False,False,True,False,1,False,HuggingFace
kym,Kpatili,False,False,True,False,1,False,HuggingFace
kyn,Northern Binukidnon,False,False,True,False,1,False,HuggingFace
kyo,Kelon,False,False,True,False,1,False,HuggingFace
kyp,Kang,False,False,True,False,1,False,HuggingFace
kyq,Kenga,False,True,True,False,2,False,FineWeb-2+HuggingFace
kyr,Kuruáya,False,False,True,False,1,False,HuggingFace
kys,Baram Kayan,False,False,True,False,1,False,HuggingFace
kyt,Kayagar,False,False,True,False,1,False,HuggingFace
kyu,Western Kayah,False,True,True,False,2,False,FineWeb-2+HuggingFace
kyv,Kayort,False,False,True,False,1,False,HuggingFace
kyw,Kudmali,False,False,True,False,1,False,HuggingFace
kyx,Rapoisi,False,False,True,False,1,False,HuggingFace
kyy,Kambaira,False,False,True,False,1,False,HuggingFace
kyz,Kayabí,False,True,True,False,2,False,FineWeb-2+HuggingFace
kza,Western Karaboro,False,False,True,False,1,False,HuggingFace
kzb,Kaibobo,False,False,True,False,1,False,HuggingFace
kzc,Bondoukou Kulango,False,False,True,False,1,False,HuggingFace
kzd,Kadai,False,False,True,False,1,False,HuggingFace
kze,Kosena,False,True,True,False,2,False,FineWeb-2+HuggingFace
kzf,Da'a Kaili,False,True,True,False,2,False,FineWeb-2+HuggingFace
kzg,Kikai,False,False,True,False,1,False,HuggingFace
kzi,Kelabit,False,False,True,True,2,False,HuggingFace+CommonVoice
kzk,Kazukuru,False,False,True,False,1,False,HuggingFace
kzl,Kayeli,False,False,True,False,1,False,HuggingFace
kzm,Kais,False,False,True,False,1,False,HuggingFace
kzn,Kokola,False,False,True,False,1,False,HuggingFace
kzo,Kaningi,False,False,True,False,1,False,HuggingFace
kzp,Kaidipang,False,False,True,False,1,False,HuggingFace
kzq,Kaike,False,False,True,False,1,False,HuggingFace
kzr,Karang,False,False,True,False,1,False,HuggingFace
kzs,Sugut Dusun,False,False,True,False,1,False,HuggingFace
kzu,Kayupulau,False,False,True,False,1,False,HuggingFace
kzv,Komyandaret,False,False,True,False,1,False,HuggingFace
kzw,Karirí-Xocó,False,False,True,False,1,False,HuggingFace
kzx,Kamarian,False,False,True,False,1,False,HuggingFace
kzy,Kango (Tshopo District),False,False,True,False,1,False,HuggingFace
kzz,Kalabra,False,False,True,False,1,False,HuggingFace
laa,Southern Subanen,False,False,True,False,1,False,HuggingFace
lab,Linear A,False,False,True,False,1,False,HuggingFace
lac,Lacandon,False,True,True,False,2,False,FineWeb-2+HuggingFace
lad,Ladino,False,True,True,False,2,False,FineWeb-2+HuggingFace
lae,Pattani,False,False,True,False,1,False,HuggingFace
laf,Lafofa,False,False,True,False,1,False,HuggingFace
lag,Rangi,False,False,True,False,1,False,HuggingFace
lah,Lahnda,True,False,True,False,1,False,HuggingFace
lai,Lambya,False,True,True,False,2,False,FineWeb-2+HuggingFace
laj,Lango (Uganda),False,True,True,True,3,False,FineWeb-2+HuggingFace+CommonVoice
lal,Lalia,False,False,True,False,1,False,HuggingFace
lam,Lamba,False,True,True,False,2,False,FineWeb-2+HuggingFace
lan,Laru,False,False,True,False,1,False,HuggingFace
lao,Lao,False,True,True,True,3,False,FineWeb-2+HuggingFace+CommonVoice
lap,Laka (Chad),False,True,True,False,2,False,FineWeb-2+HuggingFace
laq,Qabiao,False,False,True,False,1,False,HuggingFace
lar,Larteh,False,False,True,False,1,False,HuggingFace
las,Lama (Togo),False,False,True,False,1,False,HuggingFace
lat,Latin,False,True,True,False,2,False,FineWeb-2+HuggingFace
lau,Laba,False,False,True,False,1,False,HuggingFace
lav,Latvian,True,False,True,True,2,False,HuggingFace+CommonVoice
law,Lauje,False,False,True,False,1,False,HuggingFace
lax,Tiwa,False,False,True,False,1,False,HuggingFace
lay,Lama Bai,False,False,True,False,1,False,HuggingFace
laz,Aribwatsa,False,False,True,False,1,False,HuggingFace
lbb,Label,False,True,True,False,2,False,FineWeb-2+HuggingFace
lbc,Lakkia,False,False,True,False,1,False,HuggingFace
lbe,Lak,False,True,True,False,2,False,FineWeb-2+HuggingFace
lbf,Tinani,False,False,True,False,1,False,HuggingFace
lbg,Laopang,False,False,True,False,1,False,HuggingFace
lbi,La'bi,False,False,True,False,1,False,HuggingFace
lbj,Ladakhi,False,True,True,False,2,False,FineWeb-2+HuggingFace
lbk,Central Bontok,False,True,True,False,2,False,FineWeb-2+HuggingFace
lbl,Libon Bikol,False,False,True,False,1,False,HuggingFace
lbm,Lodhi,False,False,True,False,1,False,HuggingFace
lbn,Rmeet,False,False,True,False,1,False,HuggingFace
lbo,Laven,False,False,True,False,1,False,HuggingFace
lbq,Wampar,False,False,True,False,1,False,HuggingFace
lbr,Lohorung,False,False,True,False,1,False,HuggingFace
lbs,Libyan Sign Language,False,False,True,False,1,False,HuggingFace
lbt,Lachi,False,False,True,False,1,False,HuggingFace
lbu,Labu,False,False,True,False,1,False,HuggingFace
lbv,Lavatbura-Lamusong,False,False,True,False,1,False,HuggingFace
lbw,Tolaki,False,False,True,False,1,False,HuggingFace
lbx,Lawangan,False,False,True,False,1,False,HuggingFace
lby,Lamalama,False,False,True,False,1,False,HuggingFace
lbz,Lardil,False,False,True,False,1,False,HuggingFace
lcc,Legenyem,False,False,True,False,1,False,HuggingFace
lcd,Lola,False,False,True,False,1,False,HuggingFace
lce,Loncong,False,False,True,False,1,False,HuggingFace
lcf,Lubu,False,False,True,False,1,False,HuggingFace
lch,Luchazi,False,False,True,False,1,False,HuggingFace
lcl,Lisela,False,False,True,False,1,False,HuggingFace
lcm,Tungag,False,True,True,False,2,False,FineWeb-2+HuggingFace
lcp,Western Lawa,False,True,True,False,2,False,FineWeb-2+HuggingFace
lcq,Luhu,False,False,True,False,1,False,HuggingFace
lcs,Lisabata-Nuniali,False,False,True,False,1,False,HuggingFace
lda,Kla-Dan,False,False,True,False,1,False,HuggingFace
ldb,Dũya,False,False,True,False,1,False,HuggingFace
ldd,Luri,False,False,True,False,1,False,HuggingFace
ldg,Lenyima,False,False,True,False,1,False,HuggingFace
ldh,Lamja-Dengsa-Tola,False,False,True,False,1,False,HuggingFace
ldi,Laari,False,True,True,False,2,False,FineWeb-2+HuggingFace
ldj,Lemoro,False,False,True,False,1,False,HuggingFace
ldk,Leelau,False,False,True,False,1,False,HuggingFace
ldl,Kaan,False,False,True,False,1,False,HuggingFace
ldm,Landoma,False,False,True,False,1,False,HuggingFace
ldn,Láadan,False,True,True,False,2,False,FineWeb-2+HuggingFace
ldo,Loo,False,False,True,False,1,False,HuggingFace
ldp,Tso,False,False,True,False,1,False,HuggingFace
ldq,Lufu,False,False,True,False,1,False,HuggingFace
lea,Lega-Shabunda,False,False,True,False,1,False,HuggingFace
leb,Lala-Bisa,False,False,True,False,1,False,HuggingFace
lec,Leco,False,False,True,False,1,False,HuggingFace
led,Lendu,False,False,True,True,2,False,HuggingFace+CommonVoice
lee,Lyélé,False,True,True,False,2,False,FineWeb-2+HuggingFace
lef,Lelemi,False,True,True,False,2,False,FineWeb-2+HuggingFace
leh,Lenje,False,True,True,False,2,False,FineWeb-2+HuggingFace
lei,Lemio,False,False,True,False,1,False,HuggingFace
lej,Lengola,False,False,True,False,1,False,HuggingFace
lek,Leipon,False,False,True,False,1,False,HuggingFace
lel,Lele (Democratic Republic of Congo),False,False,True,False,1,False,HuggingFace
lem,Nomaande,False,True,True,False,2,False,FineWeb-2+HuggingFace
len,Lenca,False,False,True,False,1,False,HuggingFace
leo,Leti (Cameroon),False,False,True,False,1,False,HuggingFace
lep,Lepcha,False,False,True,False,1,False,HuggingFace
leq,Lembena,False,False,True,False,1,False,HuggingFace
ler,Lenkau,False,False,True,False,1,False,HuggingFace
les,Lese,False,False,True,False,1,False,HuggingFace
let,Lesing-Gelimi,False,False,True,False,1,False,HuggingFace
leu,Kara (Papua New Guinea),False,True,True,True,3,False,FineWeb-2+HuggingFace+CommonVoice
lev,Lamma,False,False,True,False,1,False,HuggingFace
lew,Ledo Kaili,False,True,True,False,2,False,FineWeb-2+HuggingFace
lex,Luang,False,True,True,False,2,False,FineWeb-2+HuggingFace
ley,Lemolang,False,False,True,False,1,False,HuggingFace
lez,Lezghian,False,True,True,False,2,False,FineWeb-2+HuggingFace
lfa,Lefa,False,False,True,False,1,False,HuggingFace
lfb,Buu (Cameroon),False,False,False,False,0,False,NONE
lfn,Lingua Franca Nova,False,True,True,False,2,False,FineWeb-2+HuggingFace
lga,Lungga,False,False,True,False,1,False,HuggingFace
lgb,Laghu,False,False,True,False,1,False,HuggingFace
lgg,Lugbara,False,True,True,False,2,False,FineWeb-2+HuggingFace
lgh,Laghuu,False,False,True,False,1,False,HuggingFace
lgi,Lengilu,False,False,True,False,1,False,HuggingFace
lgk,Lingarak,False,False,True,False,1,False,HuggingFace
lgl,Wala,False,True,True,False,2,False,FineWeb-2+HuggingFace
lgm,Lega-Mwenga,False,True,True,False,2,False,FineWeb-2+HuggingFace
lgn,T'apo,False,False,True,False,1,False,HuggingFace
lgo,Lango (South Sudan),False,False,True,False,1,False,HuggingFace
lgq,Logba,False,False,True,False,1,False,HuggingFace
lgr,Lengo,False,False,True,False,1,False,HuggingFace
lgs,Guinea-Bissau Sign Language,False,False,False,False,0,False,NONE
lgt,Pahi,False,False,True,False,1,False,HuggingFace
lgu,Longgu,False,False,True,False,1,False,HuggingFace
lgz,Ligenza,False,False,True,False,1,False,HuggingFace
lha,Laha (Viet Nam),False,False,True,False,1,False,HuggingFace
lhh,Laha (Indonesia),False,False,True,False,1,False,HuggingFace
lhi,Lahu Shi,False,True,True,False,2,False,FineWeb-2+HuggingFace
lhl,Lahul Lohar,False,False,True,False,1,False,HuggingFace
lhm,Lhomi,False,False,True,False,1,False,HuggingFace
lhn,Lahanan,False,False,True,False,1,False,HuggingFace
lhp,Lhokpu,False,False,True,False,1,False,HuggingFace
lhs,Mlahsö,False,False,True,False,1,False,HuggingFace
lht,Lo-Toga,False,False,True,False,1,False,HuggingFace
lhu,Lahu,False,True,True,False,2,False,FineWeb-2+HuggingFace
lia,West-Central Limba,False,True,True,False,2,False,FineWeb-2+HuggingFace
lib,Likum,False,False,True,False,1,False,HuggingFace
lic,Hlai,False,False,True,False,1,False,HuggingFace
lid,Nyindrou,False,True,True,False,2,False,FineWeb-2+HuggingFace
lie,Likila,False,False,True,False,1,False,HuggingFace
lif,Limbu,False,True,True,False,2,False,FineWeb-2+HuggingFace
lig,Ligbi,False,False,True,False,1,False,HuggingFace
lih,Lihir,False,False,True,False,1,False,HuggingFace
lij,Ligurian,False,True,True,True,3,False,FineWeb-2+HuggingFace+CommonVoice
lik,Lika,False,False,True,False,1,False,HuggingFace
lil,Lillooet,False,False,True,False,1,False,HuggingFace
lim,Limburgan,False,True,True,False,2,False,FineWeb-2+HuggingFace
lin,Lingala,False,True,True,True,3,False,FineWeb-2+HuggingFace+CommonVoice
lio,Liki,False,False,True,False,1,False,HuggingFace
lip,Sekpele,False,True,True,False,2,False,FineWeb-2+HuggingFace
liq,Libido,False,False,True,False,1,False,HuggingFace
lir,Liberian English,False,False,True,False,1,False,HuggingFace
lis,Lisu,False,True,True,False,2,False,FineWeb-2+HuggingFace
lit,Lithuanian,False,True,True,True,3,False,FineWeb-2+HuggingFace+CommonVoice
liu,Logorik,False,False,True,False,1,False,HuggingFace
liv,Liv,False,True,True,False,2,False,FineWeb-2+HuggingFace
liw,Col,False,False,True,False,1,False,HuggingFace
lix,Liabuku,False,False,True,False,1,False,HuggingFace
liy,Banda-Bambari,False,False,True,False,1,False,HuggingFace
liz,Libinza,False,False,True,False,1,False,HuggingFace
lja,Golpa,False,False,True,False,1,False,HuggingFace
lje,Rampi,False,False,True,False,1,False,HuggingFace
lji,Laiyolo,False,False,True,False,1,False,HuggingFace
ljl,Li'o,False,False,True,False,1,False,HuggingFace
ljp,Lampung Api,False,True,True,False,2,False,FineWeb-2+HuggingFace
ljw,Yirandali,False,False,True,False,1,False,HuggingFace
ljx,Yuru,False,False,True,False,1,False,HuggingFace
lka,Lakalei,False,False,True,False,1,False,HuggingFace
lkb,Kabras,False,False,True,False,1,False,HuggingFace
lkc,Kucong,False,False,True,False,1,False,HuggingFace
lkd,Lakondê,False,False,True,False,1,False,HuggingFace
lke,Kenyi,False,False,True,True,2,False,HuggingFace+CommonVoice
lkh,Lakha,False,False,True,False,1,False,HuggingFace
lki,Laki,False,True,True,False,2,False,FineWeb-2+HuggingFace
lkj,Remun,False,False,True,False,1,False,HuggingFace
lkl,Laeko-Libuat,False,False,True,False,1,False,HuggingFace
lkm,Kalaamaya,False,False,True,False,1,False,HuggingFace
lkn,Lakon,False,False,True,False,1,False,HuggingFace
lko,Khayo,False,False,True,False,1,False,HuggingFace
lkr,Päri,False,False,True,False,1,False,HuggingFace
lks,Kisa,False,False,True,False,1,False,HuggingFace
lkt,Lakota,False,False,True,False,1,False,HuggingFace
lku,Kungkari,False,False,True,False,1,False,HuggingFace
lky,Lokoya,False,False,True,False,1,False,HuggingFace
lla,Lala-Roba,False,False,True,False,1,False,HuggingFace
llb,Lolo,False,True,True,False,2,False,FineWeb-2+HuggingFace
llc,Lele (Guinea),False,False,True,False,1,False,HuggingFace
lld,Ladin,False,True,True,True,3,False,FineWeb-2+HuggingFace+CommonVoice
lle,Lele (Papua New Guinea),False,False,True,False,1,False,HuggingFace
llf,Hermit,False,False,True,False,1,False,HuggingFace
llg,Lole,False,True,True,False,2,False,FineWeb-2+HuggingFace
llh,Lamu,False,False,True,False,1,False,HuggingFace
lli,Teke-Laali,False,False,True,False,1,False,HuggingFace
llj,Ladji Ladji,False,False,True,False,1,False,HuggingFace
llk,Lelak,False,False,True,False,1,False,HuggingFace
lll,Lilau,False,False,True,False,1,False,HuggingFace
llm,Lasalimu,False,False,True,False,1,False,HuggingFace
lln,Lele (Chad),False,True,True,False,2,False,FineWeb-2+HuggingFace
llp,North Efate,False,False,True,False,1,False,HuggingFace
llq,Lolak,False,False,True,False,1,False,HuggingFace
lls,Lithuanian Sign Language,False,False,True,False,1,False,HuggingFace
llu,Lau,False,False,True,False,1,False,HuggingFace
llx,Lauan,False,False,True,False,1,False,HuggingFace
lma,East Limba,False,False,True,False,1,False,HuggingFace
lmb,Merei,False,False,True,False,1,False,HuggingFace
lmc,Limilngan,False,False,True,False,1,False,HuggingFace
lmd,Lumun,False,False,True,False,1,False,HuggingFace
lme,Pévé,False,False,True,False,1,False,HuggingFace
lmf,South Lembata,False,False,True,False,1,False,HuggingFace
lmg,Lamogai,False,False,True,False,1,False,HuggingFace
lmh,Lambichhong,False,False,True,False,1,False,HuggingFace
lmi,Lombi,False,False,True,False,1,False,HuggingFace
lmj,West Lembata,False,False,True,False,1,False,HuggingFace
lmk,Lamkang,False,True,True,False,2,False,FineWeb-2+HuggingFace
lml,Hano,False,False,True,False,1,False,HuggingFace
lmn,Lambadi,False,False,True,False,1,False,HuggingFace
lmo,Lombard,False,True,True,False,2,False,FineWeb-2+HuggingFace
lmp,Limbum,False,True,True,False,2,False,FineWeb-2+HuggingFace
lmq,Lamatuka,False,False,True,False,1,False,HuggingFace
lmr,Lamalera,False,False,True,False,1,False,HuggingFace
lmu,Lamenu,False,False,True,False,1,False,HuggingFace
lmv,Lomaiviti,False,False,True,False,1,False,HuggingFace
lmw,Lake Miwok,False,False,True,False,1,False,HuggingFace
lmx,Laimbue,False,False,True,False,1,False,HuggingFace
lmy,Lamboya,False,False,True,False,1,False,HuggingFace
lna,Langbashe,False,False,True,False,1,False,HuggingFace
lnb,Mbalanhu,False,False,True,False,1,False,HuggingFace
lnd,Lundayeh,False,True,True,False,2,False,FineWeb-2+HuggingFace
lng,Langobardic,False,False,True,False,1,False,HuggingFace
lnh,Lanoh,False,False,True,False,1,False,HuggingFace
lni,Daantanai',False,False,True,False,1,False,HuggingFace
lnj,Leningitij,False,False,True,False,1,False,HuggingFace
lnl,South Central Banda,False,False,True,False,1,False,HuggingFace
lnm,Langam,False,False,True,False,1,False,HuggingFace
lnn,Lorediakarkar,False,False,True,False,1,False,HuggingFace
lns,Lamnso',False,False,True,False,1,False,HuggingFace
lnu,Longuda,False,False,True,False,1,False,HuggingFace
lnw,Lanima,False,False,True,False,1,False,HuggingFace
lnz,Lonzo,False,False,True,False,1,False,HuggingFace
loa,Loloda,False,False,True,False,1,False,HuggingFace
lob,Lobi,False,True,True,False,2,False,FineWeb-2+HuggingFace
loc,Inonhan,False,False,True,False,1,False,HuggingFace
loe,Saluan,False,True,True,False,2,False,FineWeb-2+HuggingFace
lof,Logol,False,False,True,False,1,False,HuggingFace
log,Logo,False,True,True,False,2,False,FineWeb-2+HuggingFace
loh,Laarim,False,False,True,False,1,False,HuggingFace
loi,Loma (Côte d'Ivoire),False,False,True,False,1,False,HuggingFace
loj,Lou,False,False,True,False,1,False,HuggingFace
lok,Loko,False,True,True,False,2,False,FineWeb-2+HuggingFace
lol,Mongo,False,True,True,False,2,False,FineWeb-2+HuggingFace
lom,Loma (Liberia),False,True,True,False,2,False,FineWeb-2+HuggingFace
lon,Malawi Lomwe,False,False,True,False,1,False,HuggingFace
loo,Lombo,False,False,True,False,1,False,HuggingFace
lop,Lopa,False,False,True,False,1,False,HuggingFace
loq,Lobala,False,True,True,False,2,False,FineWeb-2+HuggingFace
lor,Téén,False,False,True,False,1,False,HuggingFace
los,Loniu,False,False,True,False,1,False,HuggingFace
lot,Otuho,False,False,True,False,1,False,HuggingFace
lou,Louisiana Creole,False,False,True,False,1,False,HuggingFace
lov,Lopi,False,False,True,False,1,False,HuggingFace
low,Tampias Lobu,False,False,True,False,1,False,HuggingFace
lox,Loun,False,False,True,False,1,False,HuggingFace
loy,Loke,False,False,True,False,1,False,HuggingFace
loz,Lozi,False,True,True,False,2,False,FineWeb-2+HuggingFace
lpa,Lelepa,False,False,True,False,1,False,HuggingFace
lpe,Lepki,False,False,True,False,1,False,HuggingFace
lpn,Long Phuri Naga,False,False,True,False,1,False,HuggingFace
lpo,Lipo,False,False,True,False,1,False,HuggingFace
lpx,Lopit,False,False,True,False,1,False,HuggingFace
lqr,Logir,False,False,True,False,1,False,HuggingFace
lra,Rara Bakati',False,False,True,False,1,False,HuggingFace
lrc,Northern Luri,False,True,True,False,2,False,FineWeb-2+HuggingFace
lre,Laurentian,False,False,True,False,1,False,HuggingFace
lrg,Laragia,False,False,True,False,1,False,HuggingFace
lri,Marachi,False,False,True,False,1,False,HuggingFace
lrk,Loarki,False,False,True,True,2,False,HuggingFace+CommonVoice
lrl,Lari,False,False,True,True,2,False,HuggingFace+CommonVoice
lrm,Marama,False,False,True,False,1,False,HuggingFace
lrn,Lorang,False,False,True,False,1,False,HuggingFace
lro,Laro,False,False,True,False,1,False,HuggingFace
lrr,Southern Yamphu,False,False,True,False,1,False,HuggingFace
lrt,Larantuka Malay,False,False,True,False,1,False,HuggingFace
lrv,Larevat,False,False,True,False,1,False,HuggingFace
lrz,Lemerig,False,False,True,False,1,False,HuggingFace
lsa,Lasgerdi,False,False,True,False,1,False,HuggingFace
lsb,Burundian Sign Language,False,False,True,False,1,False,HuggingFace
lsc,Albarradas Sign Language,False,False,True,False,1,False,HuggingFace
lsd,Lishana Deni,False,False,True,False,1,False,HuggingFace
lse,Lusengo,False,False,True,False,1,False,HuggingFace
lsh,Lish,False,False,True,False,1,False,HuggingFace
lsi,Lashi,False,True,True,False,2,False,FineWeb-2+HuggingFace
lsl,Latvian Sign Language,False,False,True,False,1,False,HuggingFace
lsm,Saamia,False,True,True,False,2,False,FineWeb-2+HuggingFace
lsn,Tibetan Sign Language,False,False,True,False,1,False,HuggingFace
lso,Laos Sign Language,False,False,True,False,1,False,HuggingFace
lsp,Panamanian Sign Language,False,False,True,False,1,False,HuggingFace
lsr,Aruop,False,False,True,False,1,False,HuggingFace
lss,Lasi,False,False,True,True,2,False,HuggingFace+CommonVoice
lst,Trinidad and Tobago Sign Language,False,False,True,False,1,False,HuggingFace
lsv,Sivia Sign Language,False,False,True,False,1,False,HuggingFace
lsw,Seychelles Sign Language,False,False,True,False,1,False,HuggingFace
lsy,Mauritian Sign Language,False,False,True,False,1,False,HuggingFace
ltc,Late Middle Chinese,False,False,True,False,1,False,HuggingFace
ltg,Latgalian,False,True,True,True,3,False,FineWeb-2+HuggingFace+CommonVoice
lth,Thur,False,False,True,True,2,False,HuggingFace+CommonVoice
lti,Leti (Indonesia),False,False,True,False,1,False,HuggingFace
ltn,Latundê,False,False,True,False,1,False,HuggingFace
lto,Tsotso,False,False,True,False,1,False,HuggingFace
lts,Tachoni,False,False,True,False,1,False,HuggingFace
ltu,Latu,False,False,True,False,1,False,HuggingFace
ltz,Luxembourgish,False,True,True,True,3,False,FineWeb-2+HuggingFace+CommonVoice
lua,Luba-Lulua,False,True,True,True,3,False,FineWeb-2+HuggingFace+CommonVoice
lub,Luba-Katanga,False,True,True,False,2,False,FineWeb-2+HuggingFace
luc,Aringa,False,True,True,False,2,False,FineWeb-2+HuggingFace
lud,Ludian,False,True,True,False,2,False,FineWeb-2+HuggingFace
lue,Luvale,False,True,True,False,2,False,FineWeb-2+HuggingFace
luf,Laua,False,False,True,False,1,False,HuggingFace
lug,Ganda,False,True,True,True,3,False,FineWeb-2+HuggingFace+CommonVoice
luh,Leizhou Chinese,False,False,False,False,0,False,NONE
lui,Luiseño,False,False,True,False,1,False,HuggingFace
luj,Luna,False,False,True,False,1,False,HuggingFace
luk,Lunanakha,False,False,True,False,1,False,HuggingFace
lul,Olu'bo,False,False,True,False,1,False,HuggingFace
lum,Luimbi,False,False,True,False,1,False,HuggingFace
lun,Lunda,False,True,True,False,2,False,FineWeb-2+HuggingFace
luo,Luo (Kenya and Tanzania),False,True,True,True,3,False,FineWeb-2+HuggingFace+CommonVoice
lup,Lumbu,False,False,True,False,1,False,HuggingFace
luq,Lucumi,False,False,True,False,1,False,HuggingFace
lur,Laura,False,False,True,False,1,False,HuggingFace
lus,Lushai,False,True,True,False,2,False,FineWeb-2+HuggingFace
lut,Lushootseed,False,False,True,False,1,False,HuggingFace
luu,Lumba-Yakkha,False,False,True,False,1,False,HuggingFace
luv,Luwati,False,False,True,False,1,False,HuggingFace
luw,Luo (Cameroon),False,False,True,False,1,False,HuggingFace
luy,Luyia,True,False,True,False,1,False,HuggingFace
luz,Southern Luri,False,False,True,False,1,False,HuggingFace
lva,Maku'a,False,False,True,False,1,False,HuggingFace
lvi,Lavi,False,False,True,False,1,False,HuggingFace
lvk,Lavukaleve,False,False,True,False,1,False,HuggingFace
lvl,Lwel,False,False,False,False,0,False,NONE
lvs,Standard Latvian,False,True,True,False,2,False,FineWeb-2+HuggingFace
lvu,Levuka,False,False,True,False,1,False,HuggingFace
lwa,Lwalu,False,False,True,False,1,False,HuggingFace
lwe,Lewo Eleng,False,False,True,False,1,False,HuggingFace
lwg,Wanga,False,True,True,False,2,False,FineWeb-2+HuggingFace
lwh,White Lachi,False,False,True,False,1,False,HuggingFace
lwl,Eastern Lawa,False,False,True,False,1,False,HuggingFace
lwm,Laomian,False,False,True,False,1,False,HuggingFace
lwo,Luwo,False,True,True,False,2,False,FineWeb-2+HuggingFace
lws,Malawian Sign Language,False,False,True,False,1,False,HuggingFace
lwt,Lewotobi,False,False,True,False,1,False,HuggingFace
lwu,Lawu,False,False,True,False,1,False,HuggingFace
lww,Lewo,False,True,True,False,2,False,FineWeb-2+HuggingFace
lxm,Lakurumau,False,False,True,False,1,False,HuggingFace
lya,Layakha,False,False,True,False,1,False,HuggingFace
lyg,Lyngngam,False,False,True,False,1,False,HuggingFace
lyn,Luyana,False,False,True,False,1,False,HuggingFace
lzh,Literary Chinese,False,True,True,False,2,False,FineWeb-2+HuggingFace
lzl,Litzlitz,False,False,True,False,1,False,HuggingFace
lzn,Leinong Naga,False,False,True,False,1,False,HuggingFace
lzz,Laz,False,False,True,True,2,False,HuggingFace+CommonVoice
maa,San Jerónimo Tecóatl Mazatec,False,True,True,False,2,False,FineWeb-2+HuggingFace
mab,Yutanduchi Mixtec,False,False,True,False,1,False,HuggingFace
mad,Madurese,False,True,True,False,2,False,FineWeb-2+HuggingFace
mae,Bo-Rukul,False,False,True,False,1,False,HuggingFace
maf,Mafa,False,True,True,False,2,False,FineWeb-2+HuggingFace
mag,Magahi,False,True,True,False,2,False,FineWeb-2+HuggingFace
mah,Marshallese,False,True,True,False,2,False,FineWeb-2+HuggingFace
mai,Maithili,False,True,True,True,3,False,FineWeb-2+HuggingFace+CommonVoice
maj,Jalapa De Díaz Mazatec,False,True,True,False,2,False,FineWeb-2+HuggingFace
mak,Makasar,False,True,True,False,2,False,FineWeb-2+HuggingFace
mal,Malayalam,False,True,True,True,3,False,FineWeb-2+HuggingFace+CommonVoice
mam,Mam,False,True,True,False,2,False,FineWeb-2+HuggingFace
man,Mandingo,True,False,True,False,1,False,HuggingFace
maq,Chiquihuitlán Mazatec,False,True,True,False,2,False,FineWeb-2+HuggingFace
mar,Marathi,False,True,True,True,3,False,FineWeb-2+HuggingFace+CommonVoice
mas,Masai,False,True,True,False,2,False,FineWeb-2+HuggingFace
mat,San Francisco Matlatzinca,False,False,True,False,1,False,HuggingFace
mau,Huautla Mazatec,False,True,True,True,3,False,FineWeb-2+HuggingFace+CommonVoice
mav,Sateré-Mawé,False,True,True,False,2,False,FineWeb-2+HuggingFace
maw,Mampruli,False,True,True,False,2,False,FineWeb-2+HuggingFace
max,North Moluccan Malay,False,False,True,False,1,False,HuggingFace
maz,Central Mazahua,False,True,True,False,2,False,FineWeb-2+HuggingFace
mba,Higaonon,False,False,True,False,1,False,HuggingFace
mbb,Western Bukidnon Manobo,False,True,True,False,2,False,FineWeb-2+HuggingFace
mbc,Macushi,False,True,True,False,2,False,FineWeb-2+HuggingFace
mbd,Dibabawon Manobo,False,True,True,False,2,False,FineWeb-2+HuggingFace
mbe,Molale,False,False,True,False,1,False,HuggingFace
mbf,Baba Malay,False,True,True,True,3,False,FineWeb-2+HuggingFace+CommonVoice
mbh,Mangseng,False,True,True,False,2,False,FineWeb-2+HuggingFace
mbi,Ilianen Manobo,False,True,True,False,2,False,FineWeb-2+HuggingFace
mbj,Nadëb,False,True,True,False,2,False,FineWeb-2+HuggingFace
mbk,Malol,False,False,True,False,1,False,HuggingFace
mbl,Maxakalí,False,True,True,False,2,False,FineWeb-2+HuggingFace
mbm,Ombamba,False,False,True,False,1,False,HuggingFace
mbn,Macaguán,False,False,True,False,1,False,HuggingFace
mbo,Mbo (Cameroon),False,False,True,True,2,False,HuggingFace+CommonVoice
mbp,Malayo,False,False,True,False,1,False,HuggingFace
mbq,Maisin,False,False,True,False,1,False,HuggingFace
mbr,Nukak Makú,False,False,True,False,1,False,HuggingFace
mbs,Sarangani Manobo,False,True,True,False,2,False,FineWeb-2+HuggingFace
mbt,Matigsalug Manobo,False,True,True,False,2,False,FineWeb-2+HuggingFace
mbu,Mbula-Bwazza,False,False,True,False,1,False,HuggingFace
mbv,Mbulungish,False,False,True,False,1,False,HuggingFace
mbw,Maring,False,False,True,False,1,False,HuggingFace
mbx,Mari (East Sepik Province),False,False,True,False,1,False,HuggingFace
mby,Memoni,False,False,True,False,1,False,HuggingFace
mbz,Amoltepec Mixtec,False,False,True,False,1,False,HuggingFace
mca,Maca,False,True,True,False,2,False,FineWeb-2+HuggingFace
mcb,Machiguenga,False,True,True,False,2,False,FineWeb-2+HuggingFace
mcc,Bitur,False,False,True,False,1,False,HuggingFace
mcd,Sharanahua,False,True,True,False,2,False,FineWeb-2+HuggingFace
mce,Itundujia Mixtec,False,False,True,False,1,False,HuggingFace
mcf,Matsés,False,True,True,True,3,False,FineWeb-2+HuggingFace+CommonVoice
mcg,Mapoyo,False,False,True,False,1,False,HuggingFace
mch,Maquiritari,False,False,True,False,1,False,HuggingFace
mci,Mese,False,False,True,False,1,False,HuggingFace
mcj,Mvanip,False,False,True,False,1,False,HuggingFace
mck,Mbunda,False,True,True,False,2,False,FineWeb-2+HuggingFace
mcl,Macaguaje,False,False,True,False,1,False,HuggingFace
mcm,Malaccan Creole Portuguese,False,False,True,False,1,False,HuggingFace
mcn,Masana,False,True,True,True,3,False,FineWeb-2+HuggingFace+CommonVoice
mco,Coatlán Mixe,False,True,True,False,2,False,FineWeb-2+HuggingFace
mcp,Makaa,False,True,True,False,2,False,FineWeb-2+HuggingFace
mcq,Ese,False,True,True,False,2,False,FineWeb-2+HuggingFace
mcr,Menya,False,False,True,False,1,False,HuggingFace
mcs,Mambai,False,False,True,False,1,False,HuggingFace
mct,Mengisa,False,False,True,False,1,False,HuggingFace
mcu,Cameroon Mambila,False,True,True,False,2,False,FineWeb-2+HuggingFace
mcv,Minanibai,False,False,True,False,1,False,HuggingFace
mcw,Mawa (Chad),False,False,True,False,1,False,HuggingFace
mcx,Mpiemo,False,False,True,True,2,False,HuggingFace+CommonVoice
mcy,South Watut,False,False,True,False,1,False,HuggingFace
mcz,Mawan,False,False,True,False,1,False,HuggingFace
mda,Mada (Nigeria),False,True,True,False,2,False,FineWeb-2+HuggingFace
mdb,Morigi,False,False,True,False,1,False,HuggingFace
mdc,Soq,False,False,True,False,1,False,HuggingFace
mdd,Mbum,False,False,True,True,2,False,HuggingFace+CommonVoice
mde,Maba (Chad),False,False,True,False,1,False,HuggingFace
mdf,Moksha,False,True,True,True,3,False,FineWeb-2+HuggingFace+CommonVoice
mdg,Massalat,False,False,True,False,1,False,HuggingFace
mdh,Maguindanaon,False,False,True,False,1,False,HuggingFace
mdi,Mamvu,False,False,True,False,1,False,HuggingFace
mdj,Mangbetu,False,False,True,False,1,False,HuggingFace
mdk,Mangbutu,False,False,True,False,1,False,HuggingFace
mdl,Maltese Sign Language,False,False,True,False,1,False,HuggingFace
mdm,Mayogo,False,False,True,False,1,False,HuggingFace
mdn,Mbati,False,False,True,False,1,False,HuggingFace
mdp,Mbala,False,False,True,False,1,False,HuggingFace
mdq,Mbole,False,False,True,False,1,False,HuggingFace
mdr,Mandar,False,False,True,False,1,False,HuggingFace
mds,Maria (Papua New Guinea),False,False,True,False,1,False,HuggingFace
mdt,Mbere,False,False,True,False,1,False,HuggingFace
mdu,Mboko,False,False,True,False,1,False,HuggingFace
mdv,Santa Lucía Monteverde Mixtec,False,False,True,False,1,False,HuggingFace
mdw,Mbosi,False,False,True,False,1,False,HuggingFace
mdx,Dizin,False,False,True,False,1,False,HuggingFace
mdy,Male,False,True,True,False,2,False,FineWeb-2+HuggingFace
mdz,Suruí Do Pará,False,False,True,False,1,False,HuggingFace
mea,Menka,False,False,True,False,1,False,HuggingFace
meb,Ikobi,False,False,True,False,1,False,HuggingFace
mec,Marra,False,False,True,False,1,False,HuggingFace
med,Melpa,False,True,True,False,2,False,FineWeb-2+HuggingFace
mee,Mengen,False,True,True,False,2,False,FineWeb-2+HuggingFace
mef,Megam,False,False,True,False,1,False,HuggingFace
meh,Southwestern Tlaxiaco Mixtec,False,False,True,True,2,False,HuggingFace+CommonVoice
mei,Midob,False,False,True,False,1,False,HuggingFace
mej,Meyah,False,True,True,False,2,False,FineWeb-2+HuggingFace
mek,Mekeo,False,True,True,False,2,False,FineWeb-2+HuggingFace
mel,Central Melanau,False,False,True,True,2,False,HuggingFace+CommonVoice
mem,Mangala,False,False,True,False,1,False,HuggingFace
men,Mende (Sierra Leone),False,True,True,False,2,False,FineWeb-2+HuggingFace
meo,Kedah Malay,False,False,True,False,1,False,HuggingFace
mep,Miriwoong,False,False,True,False,1,False,HuggingFace
meq,Merey,False,True,True,False,2,False,FineWeb-2+HuggingFace
mer,Meru,False,True,True,False,2,False,FineWeb-2+HuggingFace
mes,Masmaje,False,False,True,False,1,False,HuggingFace
met,Mato,False,True,True,False,2,False,FineWeb-2+HuggingFace
meu,Motu,False,True,True,False,2,False,FineWeb-2+HuggingFace
mev,Mano,False,True,True,False,2,False,FineWeb-2+HuggingFace
mew,Maaka,False,False,True,False,1,False,HuggingFace
mey,Hassaniyya,False,False,True,False,1,False,HuggingFace
mez,Menominee,False,False,True,False,1,False,HuggingFace
mfa,Pattani Malay,False,False,True,False,1,False,HuggingFace
mfb,Bangka,False,False,True,False,1,False,HuggingFace
mfc,Mba,False,False,True,False,1,False,HuggingFace
mfd,Mendankwe-Nkwen,False,False,True,False,1,False,HuggingFace
mfe,Morisyen,False,True,True,True,3,False,FineWeb-2+HuggingFace+CommonVoice
mff,Naki,False,False,True,False,1,False,HuggingFace
mfg,Mogofin,False,True,True,False,2,False,FineWeb-2+HuggingFace
mfh,Matal,False,True,True,False,2,False,FineWeb-2+HuggingFace
mfi,Wandala,False,True,True,False,2,False,FineWeb-2+HuggingFace
mfj,Mefele,False,False,True,False,1,False,HuggingFace
mfk,North Mofu,False,True,True,False,2,False,FineWeb-2+HuggingFace
mfl,Putai,False,False,True,False,1,False,HuggingFace
mfm,Marghi South,False,False,True,False,1,False,HuggingFace
mfn,Cross River Mbembe,False,False,True,False,1,False,HuggingFace
mfo,Mbe,False,False,True,False,1,False,HuggingFace
mfp,Makassar Malay,False,False,True,False,1,False,HuggingFace
mfq,Moba,False,True,True,False,2,False,FineWeb-2+HuggingFace
mfr,Marrithiyel,False,False,True,False,1,False,HuggingFace
mfs,Mexican Sign Language,False,False,True,False,1,False,HuggingFace
mft,Mokerang,False,False,True,False,1,False,HuggingFace
mfu,Mbwela,False,False,True,False,1,False,HuggingFace
mfv,Mandjak,False,False,True,False,1,False,HuggingFace
mfw,Mulaha,False,False,True,False,1,False,HuggingFace
mfx,Melo,False,False,True,False,1,False,HuggingFace
mfy,Mayo,False,True,True,False,2,False,FineWeb-2+HuggingFace
mfz,Mabaan,False,True,True,False,2,False,FineWeb-2+HuggingFace
mga,Middle Irish (900-1200),False,False,True,False,1,False,HuggingFace
mgb,Mararit,False,False,True,False,1,False,HuggingFace
mgc,Morokodo,False,True,True,False,2,False,FineWeb-2+HuggingFace
mgd,Moru,False,False,True,False,1,False,HuggingFace
mge,Mango,False,False,True,False,1,False,HuggingFace
mgf,Maklew,False,False,True,False,1,False,HuggingFace
mgg,Mpumpong,False,False,True,True,2,False,HuggingFace+CommonVoice
mgh,Makhuwa-Meetto,False,True,True,False,2,False,FineWeb-2+HuggingFace
mgi,Lijili,False,False,True,False,1,False,HuggingFace
mgj,Abureni,False,False,True,False,1,False,HuggingFace
mgk,Mawes,False,False,True,False,1,False,HuggingFace
mgl,Maleu-Kilenge,False,False,True,False,1,False,HuggingFace
mgm,Mambae,False,False,True,False,1,False,HuggingFace
mgn,Mbangi,False,False,True,False,1,False,HuggingFace
mgo,Meta',False,True,True,False,2,False,FineWeb-2+HuggingFace
mgp,Eastern Magar,False,False,True,False,1,False,HuggingFace
mgq,Malila,False,False,True,False,1,False,HuggingFace
mgr,Mambwe-Lungu,False,True,True,False,2,False,FineWeb-2+HuggingFace
mgs,Manda (Tanzania),False,False,True,False,1,False,HuggingFace
mgt,Mongol,False,False,True,False,1,False,HuggingFace
mgu,Mailu,False,False,True,False,1,False,HuggingFace
mgv,Matengo,False,False,True,False,1,False,HuggingFace
mgw,Matumbi,False,False,True,False,1,False,HuggingFace
mgy,Mbunga,False,False,True,False,1,False,HuggingFace
mgz,Mbugwe,False,False,True,False,1,False,HuggingFace
mha,Manda (India),False,False,True,False,1,False,HuggingFace
mhb,Mahongwe,False,False,True,False,1,False,HuggingFace
mhc,Mocho,False,False,True,False,1,False,HuggingFace
mhd,Mbugu,False,False,True,False,1,False,HuggingFace
mhe,Besisi,False,False,True,False,1,False,HuggingFace
mhf,Mamaa,False,False,True,False,1,False,HuggingFace
mhg,Margu,False,False,True,False,1,False,HuggingFace
mhi,Ma'di,False,True,True,False,2,False,FineWeb-2+HuggingFace
mhj,Mogholi,False,False,True,False,1,False,HuggingFace
mhk,Mungaka,False,False,True,True,2,False,HuggingFace+CommonVoice
mhl,Mauwake,False,True,True,False,2,False,FineWeb-2+HuggingFace
mhm,Makhuwa-Moniga,False,False,True,False,1,False,HuggingFace
mhn,Mòcheno,False,False,True,False,1,False,HuggingFace
mho,Mashi (Zambia),False,False,True,False,1,False,HuggingFace
mhp,Balinese Malay,False,False,True,False,1,False,HuggingFace
mhq,Mandan,False,False,True,False,1,False,HuggingFace
mhr,Eastern Mari,False,True,True,True,3,False,FineWeb-2+HuggingFace+CommonVoice
mhs,Buru (Indonesia),False,False,True,False,1,False,HuggingFace
mht,Mandahuaca,False,False,True,False,1,False,HuggingFace
mhu,Digaro-Mishmi,False,False,True,False,1,False,HuggingFace
mhw,Mbukushu,False,True,True,False,2,False,FineWeb-2+HuggingFace
mhx,Maru,False,True,True,False,2,False,FineWeb-2+HuggingFace
mhy,Ma'anyan,False,True,True,False,2,False,FineWeb-2+HuggingFace
mhz,Mor (Mor Islands),False,False,True,False,1,False,HuggingFace
mia,Miami,False,False,True,False,1,False,HuggingFace
mib,Atatláhuca Mixtec,False,True,True,False,2,False,FineWeb-2+HuggingFace
mic,Mi'kmaq,False,True,True,False,2,False,FineWeb-2+HuggingFace
mid,Mandaic,False,False,True,False,1,False,HuggingFace
mie,Ocotepec Mixtec,False,True,True,False,2,False,FineWeb-2+HuggingFace
mif,Mofu-Gudur,False,True,True,False,2,False,FineWeb-2+HuggingFace
mig,San Miguel El Grande Mixtec,False,True,True,False,2,False,FineWeb-2+HuggingFace
mih,Chayuco Mixtec,False,True,True,False,2,False,FineWeb-2+HuggingFace
mii,Chigmecatitlán Mixtec,False,False,True,False,1,False,HuggingFace
mij,Abar,False,False,True,False,1,False,HuggingFace
mik,Mikasuki,False,False,True,False,1,False,HuggingFace
mil,Peñoles Mixtec,False,True,True,False,2,False,FineWeb-2+HuggingFace
mim,Alacatlatzala Mixtec,False,True,True,False,2,False,FineWeb-2+HuggingFace
min,Minangkabau,False,True,True,False,2,False,FineWeb-2+HuggingFace
mio,Pinotepa Nacional Mixtec,False,True,True,False,2,False,FineWeb-2+HuggingFace
mip,Apasco-Apoala Mixtec,False,True,True,False,2,False,FineWeb-2+HuggingFace
miq,Mískito,False,True,True,False,2,False,FineWeb-2+HuggingFace
mir,Isthmus Mixe,False,True,True,False,2,False,FineWeb-2+HuggingFace
mis,Uncoded languages,False,False,True,False,1,False,HuggingFace
mit,Southern Puebla Mixtec,False,True,True,False,2,False,FineWeb-2+HuggingFace
miu,Cacaloxtepec Mixtec,False,False,True,False,1,False,HuggingFace
miw,Akoye,False,False,True,False,1,False,HuggingFace
mix,Mixtepec Mixtec,False,False,True,False,1,False,HuggingFace
miy,Ayutla Mixtec,False,True,True,False,2,False,FineWeb-2+HuggingFace
miz,Coatzospan Mixtec,False,True,True,False,2,False,FineWeb-2+HuggingFace
mjb,Makalero,False,False,True,False,1,False,HuggingFace
mjc,San Juan Colorado Mixtec,False,True,True,False,2,False,FineWeb-2+HuggingFace
mjd,Northwest Maidu,False,False,True,False,1,False,HuggingFace
mje,Muskum,False,False,True,False,1,False,HuggingFace
mjg,Tu,False,False,True,False,1,False,HuggingFace
mjh,Mwera (Nyasa),False,False,True,False,1,False,HuggingFace
mji,Kim Mun,False,False,True,False,1,False,HuggingFace
mjj,Mawak,False,False,True,False,1,False,HuggingFace
mjk,Matukar,False,False,True,False,1,False,HuggingFace
mjl,Mandeali,False,False,True,False,1,False,HuggingFace
mjm,Medebur,False,False,True,False,1,False,HuggingFace
mjn,Ma (Papua New Guinea),False,False,True,False,1,False,HuggingFace
mjo,Malankuravan,False,False,True,False,1,False,HuggingFace
mjp,Malapandaram,False,False,True,False,1,False,HuggingFace
mjq,Malaryan,False,False,True,False,1,False,HuggingFace
mjr,Malavedan,False,False,True,False,1,False,HuggingFace
mjs,Miship,False,False,True,False,1,False,HuggingFace
mjt,Sauria Paharia,False,False,True,False,1,False,HuggingFace
mju,Manna-Dora,False,False,True,False,1,False,HuggingFace
mjv,Mannan,False,False,True,False,1,False,HuggingFace
mjw,Karbi,False,True,True,False,2,False,FineWeb-2+HuggingFace
mjx,Mahali,False,False,True,False,1,False,HuggingFace
mjy,Mahican,False,False,True,False,1,False,HuggingFace
mjz,Majhi,False,False,True,False,1,False,HuggingFace
mka,Mbre,False,False,True,False,1,False,HuggingFace
mkb,Mal Paharia,False,False,True,False,1,False,HuggingFace
mkc,Siliput,False,False,True,False,1,False,HuggingFace
mkd,Macedonian,False,True,True,True,3,False,FineWeb-2+HuggingFace+CommonVoice
mke,Mawchi,False,False,True,False,1,False,HuggingFace
mkf,Miya,False,False,True,False,1,False,HuggingFace
mkg,Mak (China),False,False,True,False,1,False,HuggingFace
mki,Dhatki,False,False,True,True,2,False,HuggingFace+CommonVoice
mkj,Mokilese,False,False,True,False,1,False,HuggingFace
mkk,Byep,False,False,True,False,1,False,HuggingFace
mkl,Mokole,False,True,True,False,2,False,FineWeb-2+HuggingFace
mkm,Moklen,False,False,True,False,1,False,HuggingFace
mkn,Kupang Malay,False,True,True,False,2,False,FineWeb-2+HuggingFace
mko,Mingang Doso,False,False,True,False,1,False,HuggingFace
mkp,Moikodi,False,False,True,False,1,False,HuggingFace
mkq,Bay Miwok,False,False,True,False,1,False,HuggingFace
mkr,Malas,False,False,True,False,1,False,HuggingFace
mks,Silacayoapan Mixtec,False,True,True,False,2,False,FineWeb-2+HuggingFace
mkt,Vamale,False,False,True,False,1,False,HuggingFace
mku,Konyanka Maninka,False,False,True,False,1,False,HuggingFace
mkv,Mafea,False,False,True,False,1,False,HuggingFace
mkw,Kituba (Congo),False,False,True,False,1,False,HuggingFace
mkx,Kinamiging Manobo,False,False,True,False,1,False,HuggingFace
mky,East Makian,False,False,True,False,1,False,HuggingFace
mkz,Makasae,False,True,True,False,2,False,FineWeb-2+HuggingFace
mla,Malo,False,False,True,False,1,False,HuggingFace
mlb,Mbule,False,False,True,False,1,False,HuggingFace
mlc,Cao Lan,False,False,True,False,1,False,HuggingFace
mle,Manambu,False,False,True,False,1,False,HuggingFace
mlf,Mal,False,False,True,False,1,False,HuggingFace
mlg,Malagasy,True,False,True,True,2,False,HuggingFace+CommonVoice
mlh,Mape,False,True,True,False,2,False,FineWeb-2+HuggingFace
mli,Malimpung,False,False,True,False,1,False,HuggingFace
mlj,Miltu,False,False,True,False,1,False,HuggingFace
mlk,Ilwana,False,False,True,False,1,False,HuggingFace
mll,Malua Bay,False,False,True,False,1,False,HuggingFace
mlm,Mulam,False,False,True,False,1,False,HuggingFace
mln,Malango,False,False,True,False,1,False,HuggingFace
mlo,Mlomp,False,False,True,False,1,False,HuggingFace
mlp,Bargam,False,True,True,False,2,False,FineWeb-2+HuggingFace
mlq,Western Maninkakan,False,False,True,False,1,False,HuggingFace
mlr,Vame,False,False,True,False,1,False,HuggingFace
mls,Masalit,False,False,True,False,1,False,HuggingFace
mlt,Maltese,False,True,True,True,3,False,FineWeb-2+HuggingFace+CommonVoice
mlu,To'abaita,False,True,True,False,2,False,FineWeb-2+HuggingFace
mlv,Motlav,False,False,True,False,1,False,HuggingFace
mlw,Moloko,False,False,True,False,1,False,HuggingFace
mlx,Malfaxal,False,False,True,False,1,False,HuggingFace
mlz,Malaynon,False,False,True,False,1,False,HuggingFace
mma,Mama,False,False,True,False,1,False,HuggingFace
mmb,Momina,False,False,True,False,1,False,HuggingFace
mmc,Michoacán Mazahua,False,False,True,True,2,False,HuggingFace+CommonVoice
mmd,Maonan,False,False,True,False,1,False,HuggingFace
mme,Mae,False,False,True,False,1,False,HuggingFace
mmf,Mundat,False,False,True,False,1,False,HuggingFace
mmg,North Ambrym,False,False,True,False,1,False,HuggingFace
mmh,Mehináku,False,False,True,False,1,False,HuggingFace
mmi,Hember Avu,False,False,True,False,1,False,HuggingFace
mmj,Majhwar,False,False,True,False,1,False,HuggingFace
mmk,Mukha-Dora,False,False,True,False,1,False,HuggingFace
mml,Man Met,False,False,True,False,1,False,HuggingFace
mmm,Maii,False,False,True,False,1,False,HuggingFace
mmn,Mamanwa,False,True,True,False,2,False,FineWeb-2+HuggingFace
mmo,Mangga Buang,False,True,True,False,2,False,FineWeb-2+HuggingFace
mmp,Siawi,False,False,True,False,1,False,HuggingFace
mmq,Musak,False,False,True,False,1,False,HuggingFace
mmr,Western Xiangxi Miao,False,False,True,False,1,False,HuggingFace
mmt,Malalamai,False,False,True,False,1,False,HuggingFace
mmu,Mmaala,False,False,True,False,1,False,HuggingFace
mmv,Miriti,False,False,True,False,1,False,HuggingFace
mmw,Emae,False,False,True,False,1,False,HuggingFace
mmx,Madak,False,True,True,False,2,False,FineWeb-2+HuggingFace
mmy,Migaama,False,False,True,False,1,False,HuggingFace
mmz,Mabaale,False,False,True,False,1,False,HuggingFace
mna,Mbula,False,True,True,False,2,False,FineWeb-2+HuggingFace
mnb,Muna,False,True,True,False,2,False,FineWeb-2+HuggingFace
mnc,Manchu,False,False,True,False,1,False,HuggingFace
mnd,Mondé,False,False,True,False,1,False,HuggingFace
mne,Naba,False,False,True,False,1,False,HuggingFace
mnf,Mundani,False,True,True,False,2,False,FineWeb-2+HuggingFace
mng,Eastern Mnong,False,False,True,False,1,False,HuggingFace
mnh,Mono (Democratic Republic of Congo),False,False,True,False,1,False,HuggingFace
mni,Manipuri,False,True,True,True,3,False,FineWeb-2+HuggingFace+CommonVoice
mnj,Munji,False,False,True,False,1,False,HuggingFace
mnk,Mandinka,False,True,True,False,2,False,FineWeb-2+HuggingFace
mnl,Tiale,False,False,True,False,1,False,HuggingFace
mnm,Mapena,False,False,True,False,1,False,HuggingFace
mnn,Southern Mnong,False,False,True,False,1,False,HuggingFace
mnp,Min Bei Chinese,False,False,True,False,1,False,HuggingFace
mnq,Minriq,False,False,True,False,1,False,HuggingFace
mnr,Mono (USA),False,False,True,False,1,False,HuggingFace
mns,Mansi,False,True,True,False,2,False,FineWeb-2+HuggingFace
mnu,Mer,False,False,True,False,1,False,HuggingFace
mnv,Rennell-Bellona,False,False,True,False,1,False,HuggingFace
mnw,Mon,False,True,True,True,3,False,FineWeb-2+HuggingFace+CommonVoice
mnx,Manikion,False,True,True,False,2,False,FineWeb-2+HuggingFace
mny,Manyawa,False,True,True,False,2,False,FineWeb-2+HuggingFace
mnz,Moni,False,False,True,False,1,False,HuggingFace
moa,Mwan,False,True,True,False,2,False,FineWeb-2+HuggingFace
moc,Mocoví,False,True,True,False,2,False,FineWeb-2+HuggingFace
mod,Mobilian,False,False,True,False,1,False,HuggingFace
moe,Innu,False,False,True,False,1,False,HuggingFace
mog,Mongondow,False,True,True,False,2,False,FineWeb-2+HuggingFace
moh,Mohawk,False,True,True,False,2,False,FineWeb-2+HuggingFace
moi,Mboi,False,False,True,False,1,False,HuggingFace
moj,Monzombo,False,False,True,False,1,False,HuggingFace
mok,Morori,False,False,True,False,1,False,HuggingFace
mom,Mangue,False,False,True,False,1,False,HuggingFace
mon,Mongolian,True,False,True,True,2,False,HuggingFace+CommonVoice
moo,Monom,False,False,True,False,1,False,HuggingFace
mop,Mopán Maya,False,True,True,False,2,False,FineWeb-2+HuggingFace
moq,Mor (Bomberai Peninsula),False,False,True,False,1,False,HuggingFace
mor,Moro,False,True,True,False,2,False,FineWeb-2+HuggingFace
mos,Mossi,False,True,True,True,3,False,FineWeb-2+HuggingFace+CommonVoice
mot,Barí,False,False,True,False,1,False,HuggingFace
mou,Mogum,False,False,True,False,1,False,HuggingFace
mov,Mohave,False,False,True,False,1,False,HuggingFace
mow,Moi (Congo),False,False,True,False,1,False,HuggingFace
mox,Molima,False,True,True,False,2,False,FineWeb-2+HuggingFace
moy,Shekkacho,False,False,True,False,1,False,HuggingFace
moz,Mukulu,False,False,True,False,1,False,HuggingFace
mpa,Mpoto,False,False,True,False,1,False,HuggingFace
mpb,Malak Malak,False,False,True,False,1,False,HuggingFace
mpc,Mangarrayi,False,False,True,False,1,False,HuggingFace
mpd,Machinere,False,False,True,False,1,False,HuggingFace
mpe,Majang,False,False,True,False,1,False,HuggingFace
mpg,Marba,False,True,True,False,2,False,FineWeb-2+HuggingFace
mph,Maung,False,True,True,False,2,False,FineWeb-2+HuggingFace
mpi,Mpade,False,False,True,False,1,False,HuggingFace
mpj,Martu Wangka,False,False,True,False,1,False,HuggingFace
mpk,Mbara (Chad),False,False,True,False,1,False,HuggingFace
mpl,Middle Watut,False,False,True,False,1,False,HuggingFace
mpm,Yosondúa Mixtec,False,True,True,False,2,False,FineWeb-2+HuggingFace
mpn,Mindiri,False,False,True,False,1,False,HuggingFace
mpo,Miu,False,False,True,False,1,False,HuggingFace
mpp,Migabac,False,True,True,False,2,False,FineWeb-2+HuggingFace
mpq,Matís,False,False,True,False,1,False,HuggingFace
mpr,Vangunu,False,False,True,False,1,False,HuggingFace
mps,Dadibi,False,True,True,False,2,False,FineWeb-2+HuggingFace
mpt,Mian,False,True,True,False,2,False,FineWeb-2+HuggingFace
mpu,Makuráp,False,False,True,False,1,False,HuggingFace
mpv,Mungkip,False,False,True,False,1,False,HuggingFace
mpw,Mapidian,False,False,True,False,1,False,HuggingFace
mpx,Misima-Panaeati,False,True,True,False,2,False,FineWeb-2+HuggingFace
mpy,Mapia,False,False,True,False,1,False,HuggingFace
mpz,Mpi,False,False,True,False,1,False,HuggingFace
mqa,Maba (Indonesia),False,False,True,False,1,False,HuggingFace
mqb,Mbuko,False,True,True,False,2,False,FineWeb-2+HuggingFace
mqc,Mangole,False,False,True,False,1,False,HuggingFace
mqe,Matepi,False,False,True,False,1,False,HuggingFace
mqf,Momuna,False,False,True,False,1,False,HuggingFace
mqg,Kota Bangun Kutai Malay,False,False,True,False,1,False,HuggingFace
mqh,Tlazoyaltepec Mixtec,False,False,True,True,2,False,HuggingFace+CommonVoice
mqi,Mariri,False,False,True,False,1,False,HuggingFace
mqj,Mamasa,False,True,True,False,2,False,FineWeb-2+HuggingFace
mqk,Rajah Kabunsuwan Manobo,False,False,True,False,1,False,HuggingFace
mql,Mbelime,False,False,True,False,1,False,HuggingFace
mqm,South Marquesan,False,False,True,False,1,False,HuggingFace
mqn,Moronene,False,False,True,False,1,False,HuggingFace
mqo,Modole,False,False,True,False,1,False,HuggingFace
mqp,Manipa,False,False,True,False,1,False,HuggingFace
mqq,Minokok,False,False,True,False,1,False,HuggingFace
mqr,Mander,False,False,True,False,1,False,HuggingFace
mqs,West Makian,False,False,True,False,1,False,HuggingFace
mqt,Mok,False,False,True,False,1,False,HuggingFace
mqu,Mandari,False,False,True,False,1,False,HuggingFace
mqv,Mosimo,False,False,True,False,1,False,HuggingFace
mqw,Murupi,False,False,True,False,1,False,HuggingFace
mqx,Mamuju,False,False,True,False,1,False,HuggingFace
mqy,Manggarai,False,True,True,False,2,False,FineWeb-2+HuggingFace
mqz,Pano,False,False,True,False,1,False,HuggingFace
mra,Mlabri,False,False,True,False,1,False,HuggingFace
mrb,Marino,False,False,True,False,1,False,HuggingFace
mrc,Maricopa,False,False,True,False,1,False,HuggingFace
mrd,Western Magar,False,False,True,False,1,False,HuggingFace
mre,Martha's Vineyard Sign Language,False,False,True,False,1,False,HuggingFace
mrf,Elseng,False,False,True,False,1,False,HuggingFace
mrg,Mising,False,True,True,False,2,False,FineWeb-2+HuggingFace
mrh,Mara Chin,False,False,True,True,2,False,HuggingFace+CommonVoice
mri,Maori,False,True,True,False,2,True,FineWeb-2+HuggingFace
mrj,Western Mari,False,True,True,True,3,False,FineWeb-2+HuggingFace+CommonVoice
mrk,Hmwaveke,False,False,True,False,1,False,HuggingFace
mrl,Mortlockese,False,False,True,False,1,False,HuggingFace
mrm,Merlav,False,False,True,False,1,False,HuggingFace
mrn,Cheke Holo,False,False,True,False,1,False,HuggingFace
mro,Mru,False,False,True,False,1,False,HuggingFace
mrp,Morouas,False,False,True,False,1,False,HuggingFace
mrq,North Marquesan,False,True,True,False,2,False,FineWeb-2+HuggingFace
mrr,Maria (India),False,False,True,False,1,False,HuggingFace
mrs,Maragus,False,False,True,False,1,False,HuggingFace
mrt,Marghi Central,False,False,True,False,1,False,HuggingFace
mru,Mono (Cameroon),False,False,True,False,1,False,HuggingFace
mrv,Mangareva,False,True,True,False,2,False,FineWeb-2+HuggingFace
mrw,Maranao,False,True,True,False,2,False,FineWeb-2+HuggingFace
mrx,Maremgi,False,False,True,False,1,False,HuggingFace
mry,Mandaya,False,False,True,False,1,False,HuggingFace
mrz,Marind,False,False,True,False,1,False,HuggingFace
msa,Malay (macrolanguage),True,False,True,True,2,True,HuggingFace+CommonVoice
msb,Masbatenyo,False,True,True,False,2,False,FineWeb-2+HuggingFace
msc,Sankaran Maninka,False,True,True,False,2,False,FineWeb-2+HuggingFace
msd,Yucatec Maya Sign Language,False,False,True,False,1,False,HuggingFace
mse,Musey,False,True,True,True,3,False,FineWeb-2+HuggingFace+CommonVoice
msf,Mekwei,False,False,True,False,1,False,HuggingFace
msg,Moraid,False,False,True,False,1,False,HuggingFace
msh,Masikoro Malagasy,False,False,True,False,1,False,HuggingFace
msi,Sabah Malay,False,False,True,True,2,False,HuggingFace+CommonVoice
msj,Ma (Democratic Republic of Congo),False,False,True,False,1,False,HuggingFace
msk,Mansaka,False,True,True,False,2,False,FineWeb-2+HuggingFace
msl,Molof,False,False,True,False,1,False,HuggingFace
msm,Agusan Manobo,False,False,True,False,1,False,HuggingFace
msn,Vurës,False,False,True,False,1,False,HuggingFace
mso,Mombum,False,False,True,False,1,False,HuggingFace
msp,Maritsauá,False,False,True,False,1,False,HuggingFace
msq,Caac,False,False,True,False,1,False,HuggingFace
msr,Mongolian Sign Language,False,False,True,False,1,False,HuggingFace
mss,West Masela,False,False,True,False,1,False,HuggingFace
msu,Musom,False,False,True,False,1,False,HuggingFace
msv,Maslam,False,False,True,False,1,False,HuggingFace
msw,Mansoanka,False,False,True,False,1,False,HuggingFace
msx,Moresada,False,False,True,False,1,False,HuggingFace
msy,Aruamu,False,True,True,False,2,False,FineWeb-2+HuggingFace
msz,Momare,False,False,True,False,1,False,HuggingFace
mta,Cotabato Manobo,False,True,True,False,2,False,FineWeb-2+HuggingFace
mtb,Anyin Morofo,False,False,True,False,1,False,HuggingFace
mtc,Munit,False,False,True,False,1,False,HuggingFace
mtd,Mualang,False,False,True,False,1,False,HuggingFace
mte,Mono (Solomon Islands),False,False,True,False,1,False,HuggingFace
mtf,Murik (Papua New Guinea),False,False,True,False,1,False,HuggingFace
mtg,Una,False,True,True,False,2,False,FineWeb-2+HuggingFace
mth,Munggui,False,False,True,False,1,False,HuggingFace
mti,Maiwa (Papua New Guinea),False,True,True,False,2,False,FineWeb-2+HuggingFace
mtj,Moskona,False,False,True,False,1,False,HuggingFace
mtk,Mbe',False,False,True,False,1,False,HuggingFace
mtl,Montol,False,False,True,False,1,False,HuggingFace
mtm,Mator,False,False,True,False,1,False,HuggingFace
mtn,Matagalpa,False,False,True,False,1,False,HuggingFace
mto,Totontepec Mixe,False,True,True,False,2,False,FineWeb-2+HuggingFace
mtp,Wichí Lhamtés Nocten,False,True,True,False,2,False,FineWeb-2+HuggingFace
mtq,Muong,False,False,True,False,1,False,HuggingFace
mtr,Mewari,False,False,True,False,1,False,HuggingFace
mts,Yora,False,False,True,False,1,False,HuggingFace
mtt,Mota,False,False,True,False,1,False,HuggingFace
mtu,Tututepec Mixtec,False,False,True,False,1,False,HuggingFace
mtv,Asaro'o,False,False,True,False,1,False,HuggingFace
mtw,Southern Binukidnon,False,False,True,False,1,False,HuggingFace
mtx,Tidaá Mixtec,False,False,True,False,1,False,HuggingFace
mty,Nabi,False,False,True,False,1,False,HuggingFace
mua,Mundang,False,True,True,True,3,False,FineWeb-2+HuggingFace+CommonVoice
mub,Mubi,False,False,True,False,1,False,HuggingFace
muc,Ajumbu,False,False,True,False,1,False,HuggingFace
mud,Mednyj Aleut,False,False,True,False,1,False,HuggingFace
mue,Media Lengua,False,False,True,False,1,False,HuggingFace
mug,Musgu,False,True,True,True,3,False,FineWeb-2+HuggingFace+CommonVoice
muh,Mündü,False,True,True,False,2,False,FineWeb-2+HuggingFace
mui,Musi,False,True,True,True,3,False,FineWeb-2+HuggingFace+CommonVoice
muj,Mabire,False,False,True,False,1,False,HuggingFace
muk,Mugom,False,False,True,False,1,False,HuggingFace
mul,Multiple languages,False,False,True,False,1,False,HuggingFace
mum,Maiwala,False,False,True,False,1,False,HuggingFace
muo,Nyong,False,False,True,False,1,False,HuggingFace
mup,Malvi,False,True,True,False,2,False,FineWeb-2+HuggingFace
muq,Eastern Xiangxi Miao,False,False,True,False,1,False,HuggingFace
mur,Murle,False,True,True,False,2,False,FineWeb-2+HuggingFace
mus,Creek,False,True,True,False,2,False,FineWeb-2+HuggingFace
mut,Western Muria,False,False,True,False,1,False,HuggingFace
muu,Yaaku,False,False,True,False,1,False,HuggingFace
muv,Muthuvan,False,False,True,False,1,False,HuggingFace
mux,Bo-Ung,False,True,True,False,2,False,FineWeb-2+HuggingFace
muy,Muyang,False,True,True,False,2,False,FineWeb-2+HuggingFace
muz,Mursi,False,False,True,False,1,False,HuggingFace
mva,Manam,False,True,True,False,2,False,FineWeb-2+HuggingFace
mvb,Mattole,False,False,True,False,1,False,HuggingFace
mvd,Mamboru,False,False,True,False,1,False,HuggingFace
mve,Marwari (Pakistan),False,False,True,True,2,False,HuggingFace+CommonVoice
mvf,Peripheral Mongolian,False,False,True,False,1,False,HuggingFace
mvg,Yucuañe Mixtec,False,False,True,False,1,False,HuggingFace
mvh,Mulgi,False,False,True,False,1,False,HuggingFace
mvi,Miyako,False,False,True,False,1,False,HuggingFace
mvk,Mekmek,False,False,True,False,1,False,HuggingFace
mvl,Mbara (Australia),False,False,True,False,1,False,HuggingFace
mvn,Minaveha,False,True,True,False,2,False,FineWeb-2+HuggingFace
mvo,Marovo,False,False,True,False,1,False,HuggingFace
mvp,Duri,False,True,True,False,2,False,FineWeb-2+HuggingFace
mvq,Moere,False,False,True,False,1,False,HuggingFace
mvr,Marau,False,False,True,False,1,False,HuggingFace
mvs,Massep,False,False,True,False,1,False,HuggingFace
mvt,Mpotovoro,False,False,True,False,1,False,HuggingFace
mvu,Marfa,False,False,True,False,1,False,HuggingFace
mvv,Tagal Murut,False,False,True,False,1,False,HuggingFace
mvw,Machinga,False,False,True,False,1,False,HuggingFace
mvx,Meoswar,False,False,True,False,1,False,HuggingFace
mvy,Indus Kohistani,False,False,True,True,2,False,HuggingFace+CommonVoice
mvz,Mesqan,False,False,True,False,1,False,HuggingFace
mwa,Mwatebu,False,False,True,False,1,False,HuggingFace
mwb,Juwal,False,False,True,False,1,False,HuggingFace
mwc,Are,False,True,True,False,2,False,FineWeb-2+HuggingFace
mwe,Mwera (Chimwera),False,False,True,False,1,False,HuggingFace
mwf,Murrinh-Patha,False,True,True,False,2,False,FineWeb-2+HuggingFace
mwg,Aiklep,False,False,True,False,1,False,HuggingFace
mwh,Mouk-Aria,False,False,True,False,1,False,HuggingFace
mwi,Labo,False,False,True,False,1,False,HuggingFace
mwk,Kita Maninkakan,False,False,True,False,1,False,HuggingFace
mwl,Mirandese,False,True,True,False,2,False,FineWeb-2+HuggingFace
mwm,Sar,False,True,True,False,2,False,FineWeb-2+HuggingFace
mwn,Nyamwanga,False,True,True,False,2,False,FineWeb-2+HuggingFace
mwo,Central Maewo,False,False,True,False,1,False,HuggingFace
mwp,Kala Lagaw Ya,False,True,True,False,2,False,FineWeb-2+HuggingFace
mwq,Mün Chin,False,True,True,False,2,False,FineWeb-2+HuggingFace
mwr,Marwari,True,False,True,False,1,False,HuggingFace
mws,Mwimbi-Muthambi,False,False,True,False,1,False,HuggingFace
mwt,Moken,False,False,True,False,1,False,HuggingFace
mwu,Mittu,False,False,True,False,1,False,HuggingFace
mwv,Mentawai,False,True,True,False,2,False,FineWeb-2+HuggingFace
mww,Hmong Daw,False,True,True,False,2,False,FineWeb-2+HuggingFace
mwz,Moingi,False,False,True,False,1,False,HuggingFace
mxa,Northwest Oaxaca Mixtec,False,False,True,False,1,False,HuggingFace
mxb,Tezoatlán Mixtec,False,True,True,False,2,False,FineWeb-2+HuggingFace
mxc,Manyika,False,False,True,False,1,False,HuggingFace
mxd,Modang,False,False,True,False,1,False,HuggingFace
mxe,Mele-Fila,False,False,True,False,1,False,HuggingFace
mxf,Malgbe,False,False,True,False,1,False,HuggingFace
mxg,Mbangala,False,False,True,False,1,False,HuggingFace
mxh,Mvuba,False,False,True,False,1,False,HuggingFace
mxi,Mozarabic,False,False,True,False,1,False,HuggingFace
mxj,Miju-Mishmi,False,False,True,False,1,False,HuggingFace
mxk,Monumbo,False,False,True,False,1,False,HuggingFace
mxl,Maxi Gbe,False,False,True,False,1,False,HuggingFace
mxm,Meramera,False,False,True,False,1,False,HuggingFace
mxn,Moi (Indonesia),False,False,True,False,1,False,HuggingFace
mxo,Mbowe,False,False,True,False,1,False,HuggingFace
mxp,Tlahuitoltepec Mixe,False,True,True,False,2,False,FineWeb-2+HuggingFace
mxq,Juquila Mixe,False,True,True,False,2,False,FineWeb-2+HuggingFace
mxr,Murik (Malaysia),False,False,True,False,1,False,HuggingFace
mxs,Huitepec Mixtec,False,False,True,False,1,False,HuggingFace
mxt,Jamiltepec Mixtec,False,True,True,False,2,False,FineWeb-2+HuggingFace
mxu,Mada (Cameroon),False,False,True,True,2,False,HuggingFace+CommonVoice
mxv,Metlatónoc Mixtec,False,True,True,False,2,False,FineWeb-2+HuggingFace
mxw,Namo,False,False,True,False,1,False,HuggingFace
mxx,Mahou,False,False,True,False,1,False,HuggingFace
mxy,Southeastern Nochixtlán Mixtec,False,False,True,False,1,False,HuggingFace
mxz,Central Masela,False,False,True,False,1,False,HuggingFace
mya,Burmese,False,True,True,True,3,True,FineWeb-2+HuggingFace+CommonVoice
myb,Mbay,False,True,True,False,2,False,FineWeb-2+HuggingFace
myc,Mayeka,False,False,True,False,1,False,HuggingFace
mye,Myene,False,False,True,False,1,False,HuggingFace
myf,Bambassi,False,False,True,False,1,False,HuggingFace
myg,Manta,False,False,True,False,1,False,HuggingFace
myh,Makah,False,False,True,False,1,False,HuggingFace
myj,Mangayat,False,False,True,False,1,False,HuggingFace
myk,Mamara Senoufo,False,True,True,False,2,False,FineWeb-2+HuggingFace
myl,Moma,False,False,True,False,1,False,HuggingFace
mym,Me'en,False,False,True,False,1,False,HuggingFace
myo,Anfillo,False,False,True,False,1,False,HuggingFace
myp,Pirahã,False,False,True,False,1,False,HuggingFace
myr,Muniche,False,False,True,False,1,False,HuggingFace
mys,Mesmes,False,False,True,False,1,False,HuggingFace
myu,Mundurukú,False,True,True,False,2,False,FineWeb-2+HuggingFace
myv,Erzya,False,True,True,True,3,False,FineWeb-2+HuggingFace+CommonVoice
myw,Muyuw,False,True,True,False,2,False,FineWeb-2+HuggingFace
myx,Masaaba,False,True,True,False,2,False,FineWeb-2+HuggingFace
myy,Macuna,False,True,True,False,2,False,FineWeb-2+HuggingFace
myz,Classical Mandaic,False,False,True,False,1,False,HuggingFace
mza,Santa María Zacatepec Mixtec,False,True,True,False,2,False,FineWeb-2+HuggingFace
mzb,Tumzabt,False,False,True,False,1,False,HuggingFace
mzc,Madagascar Sign Language,False,False,True,False,1,False,HuggingFace
mzd,Malimba,False,False,True,False,1,False,HuggingFace
mze,Morawa,False,False,True,False,1,False,HuggingFace
mzg,Monastic Sign Language,False,False,True,False,1,False,HuggingFace
mzh,Wichí Lhamtés Güisnay,False,True,True,False,2,False,FineWeb-2+HuggingFace
mzi,Ixcatlán Mazatec,False,False,True,False,1,False,HuggingFace
mzj,Manya,False,False,True,False,1,False,HuggingFace
mzk,Nigeria Mambila,False,True,True,False,2,False,FineWeb-2+HuggingFace
mzl,Mazatlán Mixe,False,True,True,False,2,False,FineWeb-2+HuggingFace
mzm,Mumuye,False,True,True,False,2,False,FineWeb-2+HuggingFace
mzn,Mazanderani,False,True,True,False,2,False,FineWeb-2+HuggingFace
mzo,Matipuhy,False,False,True,False,1,False,HuggingFace
mzp,Movima,False,False,True,False,1,False,HuggingFace
mzq,Mori Atas,False,False,True,False,1,False,HuggingFace
mzr,Marúbo,False,False,True,False,1,False,HuggingFace
mzs,Macanese,False,False,True,False,1,False,HuggingFace
mzt,Mintil,False,False,True,False,1,False,HuggingFace
mzu,Inapang,False,False,True,False,1,False,HuggingFace
mzv,Manza,False,False,True,False,1,False,HuggingFace
mzw,Deg,False,True,True,False,2,False,FineWeb-2+HuggingFace
mzx,Mawayana,False,False,True,False,1,False,HuggingFace
mzy,Mozambican Sign Language,False,False,True,False,1,False,HuggingFace
mzz,Maiadomu,False,True,True,False,2,False,FineWeb-2+HuggingFace
naa,Namla,False,False,True,False,1,False,HuggingFace
nab,Southern Nambikuára,False,True,True,False,2,False,FineWeb-2+HuggingFace
nac,Narak,False,False,True,False,1,False,HuggingFace
nae,Naka'ela,False,False,True,False,1,False,HuggingFace
naf,Nabak,False,True,True,False,2,False,FineWeb-2+HuggingFace
nag,Naga Pidgin,False,False,True,False,1,False,HuggingFace
naj,Nalu,False,False,True,False,1,False,HuggingFace
nak,Nakanai,False,True,True,False,2,False,FineWeb-2+HuggingFace
nal,Nalik,False,False,True,False,1,False,HuggingFace
nam,Ngan'gityemerri,False,False,True,False,1,False,HuggingFace
,Min Nan Chinese,False,False,False,False,0,False,NONE
nao,Naaba,False,False,True,False,1,False,HuggingFace
nap,Neapolitan,False,True,True,False,2,False,FineWeb-2+HuggingFace
naq,Khoekhoe,False,True,True,False,2,False,FineWeb-2+HuggingFace
nar,Iguta,False,False,True,False,1,False,HuggingFace
nas,Naasioi,False,True,True,False,2,False,FineWeb-2+HuggingFace
nat,Ca̱hungwa̱rya̱,False,False,True,False,1,False,HuggingFace
nau,Nauru,False,False,True,False,1,False,HuggingFace
nav,Navajo,False,True,True,False,2,False,FineWeb-2+HuggingFace
naw,Nawuri,False,True,True,False,2,False,FineWeb-2+HuggingFace
nax,Nakwi,False,False,True,False,1,False,HuggingFace
nay,Ngarrindjeri,False,False,True,False,1,False,HuggingFace
naz,Coatepec Nahuatl,False,False,True,False,1,False,HuggingFace
nba,Nyemba,False,True,True,False,2,False,FineWeb-2+HuggingFace
nbb,Ndoe,False,False,True,False,1,False,HuggingFace
nbc,Chang Naga,False,True,True,False,2,False,FineWeb-2+HuggingFace
nbd,Ngbinda,False,False,True,False,1,False,HuggingFace
nbe,Konyak Naga,False,True,True,False,2,False,FineWeb-2+HuggingFace
nbg,Nagarchal,False,False,True,False,1,False,HuggingFace
nbh,Ngamo,False,False,True,False,1,False,HuggingFace
nbi,Mao Naga,False,False,True,False,1,False,HuggingFace
nbj,Ngarinyman,False,False,True,False,1,False,HuggingFace
nbk,Nake,False,False,True,False,1,False,HuggingFace
nbl,South Ndebele,False,True,True,True,3,False,FineWeb-2+HuggingFace+CommonVoice
nbm,Ngbaka Ma'bo,False,False,True,False,1,False,HuggingFace
nbn,Kuri,False,False,True,False,1,False,HuggingFace
nbo,Nkukoli,False,False,True,False,1,False,HuggingFace
nbp,Nnam,False,False,True,False,1,False,HuggingFace
nbq,Nggem,False,True,True,False,2,False,FineWeb-2+HuggingFace
nbr,Numana,False,False,True,False,1,False,HuggingFace
nbs,Namibian Sign Language,False,False,True,False,1,False,HuggingFace
nbt,Na,False,False,True,False,1,False,HuggingFace
nbu,Rongmei Naga,False,True,True,False,2,False,FineWeb-2+HuggingFace
nbv,Ngamambo,False,False,True,False,1,False,HuggingFace
nbw,Southern Ngbandi,False,False,True,False,1,False,HuggingFace
nby,Ningera,False,False,True,False,1,False,HuggingFace
nca,Iyo,False,True,True,False,2,False,FineWeb-2+HuggingFace
ncb,Central Nicobarese,False,False,True,False,1,False,HuggingFace
ncc,Ponam,False,False,True,False,1,False,HuggingFace
ncd,Nachering,False,False,True,False,1,False,HuggingFace
nce,Yale,False,False,True,False,1,False,HuggingFace
ncf,Notsi,False,False,True,False,1,False,HuggingFace
ncg,Nisga'a,False,False,True,False,1,False,HuggingFace
nch,Central Huasteca Nahuatl,False,True,True,False,2,False,FineWeb-2+HuggingFace
nci,Classical Nahuatl,False,False,True,False,1,False,HuggingFace
ncj,Northern Puebla Nahuatl,False,True,True,False,2,False,FineWeb-2+HuggingFace
nck,Na-kara,False,False,True,False,1,False,HuggingFace
ncl,Michoacán Nahuatl,False,True,True,False,2,False,FineWeb-2+HuggingFace
ncm,Nambo,False,False,True,False,1,False,HuggingFace
ncn,Nauna,False,False,True,False,1,False,HuggingFace
nco,Sibe,False,False,True,False,1,False,HuggingFace
ncq,Northern Katang,False,True,True,False,2,False,FineWeb-2+HuggingFace
ncr,Ncane,False,False,True,False,1,False,HuggingFace
ncs,Nicaraguan Sign Language,False,False,True,False,1,False,HuggingFace
nct,Chothe Naga,False,True,True,False,2,False,FineWeb-2+HuggingFace
ncu,Chumburung,False,True,True,False,2,False,FineWeb-2+HuggingFace
ncx,Central Puebla Nahuatl,False,True,True,True,3,False,FineWeb-2+HuggingFace+CommonVoice
ncz,Natchez,False,False,True,False,1,False,HuggingFace
nda,Ndasa,False,False,True,False,1,False,HuggingFace
ndb,Kenswei Nsei,False,False,True,False,1,False,HuggingFace
ndc,Ndau,False,True,True,False,2,False,FineWeb-2+HuggingFace
ndd,Nde-Nsele-Nta,False,False,True,False,1,False,HuggingFace
nde,North Ndebele,False,True,True,True,3,False,FineWeb-2+HuggingFace+CommonVoice
ndf,Nadruvian,False,False,True,False,1,False,HuggingFace
ndg,Ndengereko,False,False,True,False,1,False,HuggingFace
ndh,Ndali,False,True,True,False,2,False,FineWeb-2+HuggingFace
ndi,Samba Leko,False,True,True,False,2,False,FineWeb-2+HuggingFace
ndj,Ndamba,False,True,True,False,2,False,FineWeb-2+HuggingFace
ndk,Ndaka,False,False,True,False,1,False,HuggingFace
ndl,Ndolo,False,False,True,False,1,False,HuggingFace
ndm,Ndam,False,False,True,False,1,False,HuggingFace
ndn,Ngundi,False,False,True,False,1,False,HuggingFace
ndo,Ndonga,False,True,True,False,2,False,FineWeb-2+HuggingFace
ndp,Ndo,False,False,True,False,1,False,HuggingFace
ndq,Ndombe,False,False,True,False,1,False,HuggingFace
ndr,Ndoola,False,False,True,False,1,False,HuggingFace
nds,Low German,False,True,True,False,2,False,FineWeb-2+HuggingFace
ndt,Ndunga,False,False,True,False,1,False,HuggingFace
ndu,Dugun,False,False,True,False,1,False,HuggingFace
ndv,Ndut,False,False,True,False,1,False,HuggingFace
ndw,Ndobo,False,False,True,False,1,False,HuggingFace
ndx,Nduga,False,False,True,False,1,False,HuggingFace
ndy,Lutos,False,False,True,False,1,False,HuggingFace
ndz,Ndogo,False,True,True,False,2,False,FineWeb-2+HuggingFace
nea,Eastern Ngad'a,False,False,True,False,1,False,HuggingFace
neb,Toura (Côte d'Ivoire),False,True,True,False,2,False,FineWeb-2+HuggingFace
nec,Nedebang,False,False,True,False,1,False,HuggingFace
ned,Nde-Gbite,False,False,True,False,1,False,HuggingFace
nee,Nêlêmwa-Nixumwak,False,False,True,False,1,False,HuggingFace
nef,Nefamese,False,False,True,False,1,False,HuggingFace
neg,Negidal,False,False,True,False,1,False,HuggingFace
neh,Nyenkha,False,False,True,False,1,False,HuggingFace
nei,Neo-Hittite,False,False,True,False,1,False,HuggingFace
nej,Neko,False,False,True,False,1,False,HuggingFace
nek,Neku,False,False,True,False,1,False,HuggingFace
nem,Nemi,False,False,True,False,1,False,HuggingFace
nen,Nengone,False,False,True,False,1,False,HuggingFace
neo,Ná-Meo,False,False,True,False,1,False,HuggingFace
nep,Nepali (macrolanguage),True,False,True,True,2,False,HuggingFace+CommonVoice
neq,North Central Mixe,False,False,True,False,1,False,HuggingFace
ner,Yahadian,False,False,True,False,1,False,HuggingFace
nes,Bhoti Kinnauri,False,False,True,False,1,False,HuggingFace
net,Nete,False,False,True,False,1,False,HuggingFace
neu,Neo,False,False,True,False,1,False,HuggingFace
nev,Nyaheun,False,False,True,False,1,False,HuggingFace
new,Nepal Bhasa,False,True,True,True,3,False,FineWeb-2+HuggingFace+CommonVoice
nex,Neme,False,False,True,False,1,False,HuggingFace
ney,Neyo,False,False,True,False,1,False,HuggingFace
nez,Nez Perce,False,False,True,False,1,False,HuggingFace
nfa,Dhao,False,True,True,False,2,False,FineWeb-2+HuggingFace
nfd,Ahwai,False,False,True,False,1,False,HuggingFace
nfl,Ayiwo,False,False,True,False,1,False,HuggingFace
nfr,Nafaanra,False,True,True,False,2,False,FineWeb-2+HuggingFace
nfu,Mfumte,False,False,True,False,1,False,HuggingFace
nga,Ngbaka,False,False,True,False,1,False,HuggingFace
ngb,Northern Ngbandi,False,True,True,False,2,False,FineWeb-2+HuggingFace
ngc,Ngombe (Democratic Republic of Congo),False,True,True,False,2,False,FineWeb-2+HuggingFace
ngd,Ngando (Central African Republic),False,False,True,False,1,False,HuggingFace
nge,Ngemba,False,False,True,False,1,False,HuggingFace
ngg,Ngbaka Manza,False,False,True,False,1,False,HuggingFace
ngh,Nǁng,False,False,True,False,1,False,HuggingFace
ngi,Ngizim,False,False,True,False,1,False,HuggingFace
ngj,Ngie,False,False,True,False,1,False,HuggingFace
ngk,Dalabon,False,False,True,False,1,False,HuggingFace
ngl,Lomwe,False,True,True,False,2,False,FineWeb-2+HuggingFace
ngm,Ngatik Men's Creole,False,False,True,False,1,False,HuggingFace
ngn,Ngwo,False,False,True,False,1,False,HuggingFace
ngp,Ngulu,False,True,True,False,2,False,FineWeb-2+HuggingFace
ngq,Ngurimi,False,False,True,False,1,False,HuggingFace
ngr,Engdewu,False,False,True,False,1,False,HuggingFace
ngs,Gvoko,False,False,True,False,1,False,HuggingFace
ngt,Kriang,False,False,True,False,1,False,HuggingFace
ngu,Guerrero Nahuatl,False,True,True,False,2,False,FineWeb-2+HuggingFace
ngv,Nagumi,False,False,True,False,1,False,HuggingFace
ngw,Ngwaba,False,False,True,False,1,False,HuggingFace
ngx,Nggwahyi,False,False,True,False,1,False,HuggingFace
ngy,Tibea,False,False,True,False,1,False,HuggingFace
ngz,Ngungwel,False,False,True,False,1,False,HuggingFace
nha,Nhanda,False,False,True,False,1,False,HuggingFace
nhb,Beng,False,False,True,False,1,False,HuggingFace
nhc,Tabasco Nahuatl,False,False,True,False,1,False,HuggingFace
nhd,Chiripá,False,True,True,False,2,False,FineWeb-2+HuggingFace
nhe,Eastern Huasteca Nahuatl,False,True,True,True,3,False,FineWeb-2+HuggingFace+CommonVoice
nhf,Nhuwala,False,False,True,False,1,False,HuggingFace
nhg,Tetelcingo Nahuatl,False,True,True,False,2,False,FineWeb-2+HuggingFace
nhh,Nahari,False,False,True,False,1,False,HuggingFace
nhi,Zacatlán-Ahuacatlán-Tepetzintla Nahuatl,False,True,True,True,3,False,FineWeb-2+HuggingFace+CommonVoice
nhk,Isthmus-Cosoleacaque Nahuatl,False,True,True,False,2,False,FineWeb-2+HuggingFace
nhm,Morelos Nahuatl,False,False,True,False,1,False,HuggingFace
nhn,Central Nahuatl,False,False,True,False,1,False,HuggingFace
nho,Takuu,False,True,True,False,2,False,FineWeb-2+HuggingFace
nhp,Isthmus-Pajapan Nahuatl,False,False,True,False,1,False,HuggingFace
nhq,Huaxcaleca Nahuatl,False,False,True,False,1,False,HuggingFace
nhr,Naro,False,True,True,False,2,False,FineWeb-2+HuggingFace
nht,Ometepec Nahuatl,False,False,True,False,1,False,HuggingFace
nhu,Noone,False,True,True,False,2,False,FineWeb-2+HuggingFace
nhv,Temascaltepec Nahuatl,False,False,True,False,1,False,HuggingFace
nhw,Western Huasteca Nahuatl,False,True,True,False,2,False,FineWeb-2+HuggingFace
nhx,Isthmus-Mecayapan Nahuatl,False,True,True,False,2,False,FineWeb-2+HuggingFace
nhy,Northern Oaxaca Nahuatl,False,True,True,False,2,False,FineWeb-2+HuggingFace
nhz,Santa María La Alta Nahuatl,False,False,True,False,1,False,HuggingFace
nia,Nias,False,True,True,True,3,False,FineWeb-2+HuggingFace+CommonVoice
nib,Nakame,False,False,True,False,1,False,HuggingFace
nid,Ngandi,False,False,True,False,1,False,HuggingFace
nie,Niellim,False,False,True,False,1,False,HuggingFace
nif,Nek,False,True,True,False,2,False,FineWeb-2+HuggingFace
nig,Ngalakgan,False,False,True,False,1,False,HuggingFace
nih,Nyiha (Tanzania),False,False,True,False,1,False,HuggingFace
nii,Nii,False,True,True,False,2,False,FineWeb-2+HuggingFace
nij,Ngaju,False,True,True,False,2,False,FineWeb-2+HuggingFace
nik,Southern Nicobarese,False,False,True,False,1,False,HuggingFace
nil,Nila,False,False,True,False,1,False,HuggingFace
nim,Nilamba,False,True,True,False,2,False,FineWeb-2+HuggingFace
nin,Ninzo,False,True,True,False,2,False,FineWeb-2+HuggingFace
nio,Nganasan,False,True,True,False,2,False,FineWeb-2+HuggingFace
niq,Nandi,False,False,True,False,1,False,HuggingFace
nir,Nimboran,False,False,True,False,1,False,HuggingFace
nis,Nimi,False,False,True,False,1,False,HuggingFace
nit,Southeastern Kolami,False,False,True,False,1,False,HuggingFace
niu,Niuean,False,True,True,False,2,False,FineWeb-2+HuggingFace
niv,Gilyak,False,False,True,False,1,False,HuggingFace
niw,Nimo,False,False,True,False,1,False,HuggingFace
nix,Hema,False,False,True,False,1,False,HuggingFace
niy,Ngiti,False,True,True,False,2,False,FineWeb-2+HuggingFace
niz,Ningil,False,False,True,False,1,False,HuggingFace
nja,Nzanyi,False,False,True,False,1,False,HuggingFace
njb,Nocte Naga,False,True,True,False,2,False,FineWeb-2+HuggingFace
njd,Ndonde Hamba,False,False,True,False,1,False,HuggingFace
njh,Lotha Naga,False,False,True,False,1,False,HuggingFace
nji,Gudanji,False,False,True,False,1,False,HuggingFace
njj,Njen,False,False,True,False,1,False,HuggingFace
njl,Njalgulgule,False,False,True,False,1,False,HuggingFace
njm,Angami Naga,False,True,True,False,2,False,FineWeb-2+HuggingFace
njn,Liangmai Naga,False,True,True,False,2,False,FineWeb-2+HuggingFace
njo,Ao Naga,False,True,True,False,2,False,FineWeb-2+HuggingFace
njr,Njerep,False,False,True,False,1,False,HuggingFace
njs,Nisa,False,False,True,False,1,False,HuggingFace
njt,Ndyuka-Trio Pidgin,False,False,True,False,1,False,HuggingFace
nju,Ngadjunmaya,False,False,True,False,1,False,HuggingFace
njx,Kunyi,False,False,True,False,1,False,HuggingFace
njy,Njyem,False,False,True,False,1,False,HuggingFace
njz,Nyishi,False,True,True,False,2,False,FineWeb-2+HuggingFace
nka,Nkoya,False,False,True,False,1,False,HuggingFace
nkb,Khoibu Naga,False,False,True,False,1,False,HuggingFace
nkc,Nkongho,False,False,True,False,1,False,HuggingFace
nkd,Koireng,False,False,True,False,1,False,HuggingFace
nke,Duke,False,False,True,False,1,False,HuggingFace
nkf,Inpui Naga,False,True,True,False,2,False,FineWeb-2+HuggingFace
nkg,Nekgini,False,False,True,False,1,False,HuggingFace
nkh,Khezha Naga,False,False,True,False,1,False,HuggingFace
nki,Thangal Naga,False,False,True,False,1,False,HuggingFace
nkj,Nakai,False,False,True,False,1,False,HuggingFace
nkk,Nokuku,False,False,True,False,1,False,HuggingFace
nkm,Namat,False,False,True,False,1,False,HuggingFace
nkn,Nkangala,False,False,True,False,1,False,HuggingFace
nko,Nkonya,False,True,True,False,2,False,FineWeb-2+HuggingFace
nkp,Niuatoputapu,False,False,True,False,1,False,HuggingFace
nkq,Nkami,False,False,True,False,1,False,HuggingFace
nkr,Nukuoro,False,False,True,False,1,False,HuggingFace
nks,North Asmat,False,False,True,False,1,False,HuggingFace
nkt,Nyika (Tanzania),False,False,True,False,1,False,HuggingFace
nku,Bouna Kulango,False,False,True,False,1,False,HuggingFace
nkv,Nyika (Malawi and Zambia),False,False,True,False,1,False,HuggingFace
nkw,Nkutu,False,False,True,False,1,False,HuggingFace
nkx,Nkoroo,False,False,True,False,1,False,HuggingFace
nkz,Nkari,False,False,True,False,1,False,HuggingFace
nla,Ngombale,False,False,True,True,2,False,HuggingFace+CommonVoice
nlc,Nalca,False,False,True,False,1,False,HuggingFace
nld,Dutch,False,True,True,True,3,False,FineWeb-2+HuggingFace+CommonVoice
nle,East Nyala,False,False,True,False,1,False,HuggingFace
nlg,Gela,False,True,True,False,2,False,FineWeb-2+HuggingFace
nli,Grangali,False,False,True,False,1,False,HuggingFace
nlj,Nyali,False,False,True,False,1,False,HuggingFace
nlk,Ninia Yali,False,False,True,False,1,False,HuggingFace
nll,Nihali,False,False,True,False,1,False,HuggingFace
nlm,Mankiyali,False,False,True,False,1,False,HuggingFace
nlo,Ngul,False,False,True,False,1,False,HuggingFace
nlq,Lao Naga,False,False,True,False,1,False,HuggingFace
nlu,Nchumbulu,False,False,True,False,1,False,HuggingFace
nlv,Orizaba Nahuatl,False,False,True,True,2,False,HuggingFace+CommonVoice
nlw,Walangama,False,False,True,False,1,False,HuggingFace
nlx,Nahali,False,False,True,False,1,False,HuggingFace
nly,Nyamal,False,False,True,False,1,False,HuggingFace
nlz,Nalögo,False,False,True,False,1,False,HuggingFace
nma,Maram Naga,False,True,True,False,2,False,FineWeb-2+HuggingFace
nmb,Big Nambas,False,False,True,False,1,False,HuggingFace
nmc,Ngam,False,False,True,False,1,False,HuggingFace
nmd,Ndumu,False,False,True,False,1,False,HuggingFace
nme,Mzieme Naga,False,False,True,False,1,False,HuggingFace
nmf,Tangkhul Naga (India),False,True,True,False,2,False,FineWeb-2+HuggingFace
nmg,Kwasio,False,False,True,True,2,False,HuggingFace+CommonVoice
nmh,Monsang Naga,False,True,True,False,2,False,FineWeb-2+HuggingFace
nmi,Nyam,False,False,True,False,1,False,HuggingFace
nmj,Ngombe (Central African Republic),False,False,True,False,1,False,HuggingFace
nmk,Namakura,False,False,True,False,1,False,HuggingFace
nml,Ndemli,False,False,True,False,1,False,HuggingFace
nmm,Manangba,False,False,True,False,1,False,HuggingFace
nmn,ǃXóõ,False,False,True,False,1,False,HuggingFace
nmo,Moyon Naga,False,True,True,False,2,False,FineWeb-2+HuggingFace
nmp,Nimanbur,False,False,True,False,1,False,HuggingFace
nmq,Nambya,False,False,True,False,1,False,HuggingFace
nmr,Nimbari,False,False,True,False,1,False,HuggingFace
nms,Letemboi,False,False,True,False,1,False,HuggingFace
nmt,Namonuito,False,False,True,False,1,False,HuggingFace
nmu,Northeast Maidu,False,False,True,False,1,False,HuggingFace
nmv,Ngamini,False,False,True,False,1,False,HuggingFace
nmw,Nimoa,False,True,True,False,2,False,FineWeb-2+HuggingFace
nmx,Nama (Papua New Guinea),False,False,True,False,1,False,HuggingFace
nmy,Namuyi,False,False,True,False,1,False,HuggingFace
nmz,Nawdm,False,True,True,True,3,False,FineWeb-2+HuggingFace+CommonVoice
nna,Nyangumarta,False,False,True,False,1,False,HuggingFace
nnb,Nande,False,True,True,False,2,False,FineWeb-2+HuggingFace
nnc,Nancere,False,False,True,False,1,False,HuggingFace
nnd,West Ambae,False,False,True,False,1,False,HuggingFace
nne,Ngandyera,False,False,True,False,1,False,HuggingFace
nnf,Ngaing,False,False,True,False,1,False,HuggingFace
nng,Maring Naga,False,True,True,False,2,False,FineWeb-2+HuggingFace
nnh,Ngiemboon,False,True,True,True,3,False,FineWeb-2+HuggingFace+CommonVoice
nni,North Nuaulu,False,False,True,False,1,False,HuggingFace
nnj,Nyangatom,False,False,True,False,1,False,HuggingFace
nnk,Nankina,False,False,True,False,1,False,HuggingFace
nnl,Northern Rengma Naga,False,True,True,False,2,False,FineWeb-2+HuggingFace
nnm,Namia,False,False,True,False,1,False,HuggingFace
nnn,Ngete,False,False,True,False,1,False,HuggingFace
nno,Norwegian Nynorsk,False,True,True,True,3,False,FineWeb-2+HuggingFace+CommonVoice
nnp,Wancho Naga,False,True,True,False,2,False,FineWeb-2+HuggingFace
nnq,Ngindo,False,True,True,False,2,False,FineWeb-2+HuggingFace
nnr,Narungga,False,False,True,False,1,False,HuggingFace
nnt,Nanticoke,False,False,True,False,1,False,HuggingFace
nnu,Dwang,False,False,True,False,1,False,HuggingFace
nnv,Nugunu (Australia),False,False,True,False,1,False,HuggingFace
nnw,Southern Nuni,False,True,True,False,2,False,FineWeb-2+HuggingFace
nny,Nyangga,False,False,True,False,1,False,HuggingFace
nnz,Nda'nda',False,False,True,False,1,False,HuggingFace
noa,Woun Meu,False,True,True,False,2,False,FineWeb-2+HuggingFace
nob,Norwegian Bokmål,False,True,True,True,3,False,FineWeb-2+HuggingFace+CommonVoice
noc,Nuk,False,False,True,False,1,False,HuggingFace
nod,Northern Thai,False,True,True,False,2,False,FineWeb-2+HuggingFace
noe,Nimadi,False,False,True,False,1,False,HuggingFace
nof,Nomane,False,False,True,False,1,False,HuggingFace
nog,Nogai,False,True,True,False,2,False,FineWeb-2+HuggingFace
noh,Nomu,False,False,True,False,1,False,HuggingFace
noi,Noiri,False,False,True,False,1,False,HuggingFace
noj,Nonuya,False,False,True,False,1,False,HuggingFace
nok,Nooksack,False,False,True,False,1,False,HuggingFace
nol,Nomlaki,False,False,True,False,1,False,HuggingFace
non,Old Norse,False,True,True,False,2,False,FineWeb-2+HuggingFace
nop,Numanggang,False,True,True,False,2,False,FineWeb-2+HuggingFace
noq,Ngongo,False,False,True,False,1,False,HuggingFace
nor,Norwegian,True,False,True,False,1,False,HuggingFace
nos,Eastern Nisu,False,False,True,False,1,False,HuggingFace
not,Nomatsiguenga,False,True,True,False,2,False,FineWeb-2+HuggingFace
nou,Ewage-Notu,False,True,True,False,2,False,FineWeb-2+HuggingFace
nov,Novial,False,True,True,False,2,False,FineWeb-2+HuggingFace
now,Nyambo,False,False,True,False,1,False,HuggingFace
noy,Noy,False,False,True,False,1,False,HuggingFace
noz,Nayi,False,False,True,False,1,False,HuggingFace
npa,Nar Phu,False,False,True,False,1,False,HuggingFace
npb,Nupbikha,False,False,True,False,1,False,HuggingFace
npg,Ponyo-Gongwang Naga,False,False,True,False,1,False,HuggingFace
nph,Phom Naga,False,True,True,False,2,False,FineWeb-2+HuggingFace
npi,Nepali (individual language),False,True,True,False,2,False,FineWeb-2+HuggingFace
npl,Southeastern Puebla Nahuatl,False,True,True,False,2,False,FineWeb-2+HuggingFace
npn,Mondropolon,False,False,True,False,1,False,HuggingFace
npo,Pochuri Naga,False,True,True,False,2,False,FineWeb-2+HuggingFace
nps,Nipsan,False,False,True,False,1,False,HuggingFace
npu,Puimei Naga,False,False,True,False,1,False,HuggingFace
npx,Noipx,False,False,True,False,1,False,HuggingFace
npy,Napu,False,True,True,False,2,False,FineWeb-2+HuggingFace
nqg,Southern Nago,False,False,True,False,1,False,HuggingFace
nqk,Kura Ede Nago,False,False,True,False,1,False,HuggingFace
nql,Ngendelengo,False,False,True,False,1,False,HuggingFace
nqm,Ndom,False,False,True,False,1,False,HuggingFace
nqn,Nen,False,False,True,False,1,False,HuggingFace
nqo,N'Ko,False,True,True,True,3,False,FineWeb-2+HuggingFace+CommonVoice
nqq,Kyan-Karyaw Naga,False,False,True,False,1,False,HuggingFace
nqt,Nteng,False,False,True,False,1,False,HuggingFace
nqy,Akyaung Ari Naga,False,False,True,False,1,False,HuggingFace
nra,Ngom,False,False,True,False,1,False,HuggingFace
nrb,Nara,False,False,True,False,1,False,HuggingFace
nrc,Noric,False,False,True,False,1,False,HuggingFace
nre,Southern Rengma Naga,False,True,True,False,2,False,FineWeb-2+HuggingFace
nrf,Jèrriais,False,True,True,False,2,False,FineWeb-2+HuggingFace
nrg,Narango,False,False,True,False,1,False,HuggingFace
nri,Chokri Naga,False,True,True,False,2,False,FineWeb-2+HuggingFace
nrk,Ngarla,False,False,True,False,1,False,HuggingFace
nrl,Ngarluma,False,False,True,False,1,False,HuggingFace
nrm,Narom,False,True,True,False,2,False,FineWeb-2+HuggingFace
nrn,Norn,False,False,True,False,1,False,HuggingFace
nrp,North Picene,False,False,True,False,1,False,HuggingFace
nrr,Norra,False,False,True,False,1,False,HuggingFace
nrt,Northern Kalapuya,False,False,True,False,1,False,HuggingFace
nru,Narua,False,False,True,False,1,False,HuggingFace
nrx,Ngurmbur,False,False,True,False,1,False,HuggingFace
nrz,Lala,False,False,True,False,1,False,HuggingFace
nsa,Sangtam Naga,False,True,True,False,2,False,FineWeb-2+HuggingFace
nsb,Lower Nossob,False,False,True,False,1,False,HuggingFace
nsc,Nshi,False,False,True,False,1,False,HuggingFace
nsd,Southern Nisu,False,False,True,False,1,False,HuggingFace
nse,Nsenga,False,True,True,False,2,False,FineWeb-2+HuggingFace
nsf,Northwestern Nisu,False,False,True,False,1,False,HuggingFace
nsg,Ngasa,False,False,True,False,1,False,HuggingFace
nsh,Ngoshie,False,False,True,False,1,False,HuggingFace
nsi,Nigerian Sign Language,False,False,True,False,1,False,HuggingFace
nsk,Naskapi,False,False,True,False,1,False,HuggingFace
nsl,Norwegian Sign Language,False,False,True,False,1,False,HuggingFace
nsm,Sumi Naga,False,True,True,False,2,False,FineWeb-2+HuggingFace
nsn,Nehan,False,True,True,False,2,False,FineWeb-2+HuggingFace
nso,Pedi,False,True,True,True,3,False,FineWeb-2+HuggingFace+CommonVoice
nsp,Nepalese Sign Language,False,False,True,False,1,False,HuggingFace
nsq,Northern Sierra Miwok,False,False,True,False,1,False,HuggingFace
nsr,Maritime Sign Language,False,False,True,False,1,False,HuggingFace
nss,Nali,False,True,True,False,2,False,FineWeb-2+HuggingFace
nst,Tase Naga,False,True,True,False,2,False,FineWeb-2+HuggingFace
nsu,Sierra Negra Nahuatl,False,True,True,False,2,False,FineWeb-2+HuggingFace
nsv,Southwestern Nisu,False,False,True,False,1,False,HuggingFace
nsw,Navut,False,False,True,False,1,False,HuggingFace
nsx,Nsongo,False,False,True,False,1,False,HuggingFace
nsy,Nasal,False,False,True,False,1,False,HuggingFace
nsz,Nisenan,False,False,True,False,1,False,HuggingFace
ntd,Northern Tidung,False,False,True,False,1,False,HuggingFace
ntg,Ngantangarra,False,False,True,False,1,False,HuggingFace
nti,Natioro,False,False,True,False,1,False,HuggingFace
ntj,Ngaanyatjarra,False,False,True,False,1,False,HuggingFace
ntk,Ikoma-Nata-Isenye,False,False,True,False,1,False,HuggingFace
ntm,Nateni,False,False,True,False,1,False,HuggingFace
nto,Ntomba,False,False,True,False,1,False,HuggingFace
ntp,Northern Tepehuan,False,True,True,False,2,False,FineWeb-2+HuggingFace
ntr,Delo,False,True,True,False,2,False,FineWeb-2+HuggingFace
ntu,Natügu,False,True,True,False,2,False,FineWeb-2+HuggingFace
ntw,Nottoway,False,False,True,False,1,False,HuggingFace
ntx,Tangkhul Naga (Myanmar),False,False,True,False,1,False,HuggingFace
nty,Mantsi,False,False,True,False,1,False,HuggingFace
ntz,Natanzi,False,False,True,False,1,False,HuggingFace
nua,Yuanga,False,False,True,False,1,False,HuggingFace
nuc,Nukuini,False,False,True,False,1,False,HuggingFace
nud,Ngala,False,False,True,False,1,False,HuggingFace
nue,Ngundu,False,False,True,False,1,False,HuggingFace
nuf,Nusu,False,False,True,False,1,False,HuggingFace
nug,Nungali,False,False,True,False,1,False,HuggingFace
nuh,Ndunda,False,False,True,False,1,False,HuggingFace
nui,Ngumbi,False,False,True,False,1,False,HuggingFace
nuj,Nyole,False,True,True,False,2,False,FineWeb-2+HuggingFace
nuk,Nuu-chah-nulth,False,False,True,False,1,False,HuggingFace
nul,Nusa Laut,False,False,True,False,1,False,HuggingFace
num,Niuafo'ou,False,False,True,False,1,False,HuggingFace
nun,Anong,False,False,True,False,1,False,HuggingFace
nuo,Nguôn,False,False,True,False,1,False,HuggingFace
nup,Nupe-Nupe-Tako,False,False,True,False,1,False,HuggingFace
nuq,Nukumanu,False,False,True,False,1,False,HuggingFace
nur,Nukuria,False,False,True,False,1,False,HuggingFace
nus,Nuer,False,True,True,False,2,False,FineWeb-2+HuggingFace
nut,Nung (Viet Nam),False,False,True,False,1,False,HuggingFace
nuu,Ngbundu,False,False,True,False,1,False,HuggingFace
nuv,Northern Nuni,False,False,True,False,1,False,HuggingFace
nuw,Nguluwan,False,False,True,False,1,False,HuggingFace
nux,Mehek,False,False,True,False,1,False,HuggingFace
nuy,Nunggubuyu,False,True,True,False,2,False,FineWeb-2+HuggingFace
nuz,Tlamacazapa Nahuatl,False,False,True,False,1,False,HuggingFace
nvh,Nasarian,False,False,True,False,1,False,HuggingFace
nvm,Namiae,False,True,True,False,2,False,FineWeb-2+HuggingFace
nvo,Nyokon,False,False,True,False,1,False,HuggingFace
nwa,Nawathinehena,False,False,True,False,1,False,HuggingFace
nwb,Nyabwa,False,True,True,False,2,False,FineWeb-2+HuggingFace
nwc,Classical Newari,False,False,True,False,1,False,HuggingFace
nwe,Ngwe,False,False,True,False,1,False,HuggingFace
nwg,Ngayawung,False,False,True,False,1,False,HuggingFace
nwi,Southwest Tanna,False,True,True,False,2,False,FineWeb-2+HuggingFace
nwm,Nyamusa-Molo,False,False,True,False,1,False,HuggingFace
nwo,Nauo,False,False,True,False,1,False,HuggingFace
nwr,Nawaru,False,False,True,False,1,False,HuggingFace
nww,Ndwewe,False,False,True,False,1,False,HuggingFace
nwx,Middle Newar,False,True,True,False,2,False,FineWeb-2+HuggingFace
nwy,Nottoway-Meherrin,False,False,True,False,1,False,HuggingFace
nxa,Nauete,False,False,True,False,1,False,HuggingFace
nxd,Ngando (Democratic Republic of Congo),False,True,True,False,2,False,FineWeb-2+HuggingFace
nxe,Nage,False,False,True,False,1,False,HuggingFace
nxg,Ngad'a,False,False,True,False,1,False,HuggingFace
nxi,Nindi,False,False,True,False,1,False,HuggingFace
nxk,Koki Naga,False,False,True,False,1,False,HuggingFace
nxl,South Nuaulu,False,False,True,False,1,False,HuggingFace
nxm,Numidian,False,False,True,False,1,False,HuggingFace
nxn,Ngawun,False,False,True,False,1,False,HuggingFace
nxo,Ndambomo,False,False,True,False,1,False,HuggingFace
nxq,Naxi,False,False,True,False,1,False,HuggingFace
nxr,Ninggerum,False,False,True,False,1,False,HuggingFace
nxx,Nafri,False,False,True,False,1,False,HuggingFace
nya,Chichewa,False,True,True,True,3,False,FineWeb-2+HuggingFace+CommonVoice
nyb,Nyangbo,False,False,True,False,1,False,HuggingFace
nyc,Nyanga-li,False,False,True,False,1,False,HuggingFace
nyd,Nyore,False,False,True,False,1,False,HuggingFace
nye,Nyengo,False,False,True,False,1,False,HuggingFace
nyf,Giryama,False,True,True,False,2,False,FineWeb-2+HuggingFace
nyg,Nyindu,False,False,True,False,1,False,HuggingFace
nyh,Nyikina,False,False,True,False,1,False,HuggingFace
nyi,Ama (Sudan),False,False,True,False,1,False,HuggingFace
nyj,Nyanga,False,False,True,False,1,False,HuggingFace
nyk,Nyaneka,False,True,True,False,2,False,FineWeb-2+HuggingFace
nyl,Nyeu,False,False,True,False,1,False,HuggingFace
nym,Nyamwezi,False,False,True,False,1,False,HuggingFace
nyn,Nyankole,False,True,True,True,3,False,FineWeb-2+HuggingFace+CommonVoice
nyo,Nyoro,False,True,True,False,2,False,FineWeb-2+HuggingFace
nyp,Nyang'i,False,False,True,False,1,False,HuggingFace
nyq,Nayini,False,False,True,False,1,False,HuggingFace
nyr,Nyiha (Malawi),False,False,True,False,1,False,HuggingFace
nys,Nyungar,False,False,True,False,1,False,HuggingFace
nyt,Nyawaygi,False,False,True,False,1,False,HuggingFace
nyu,Nyungwe,False,True,True,True,3,False,FineWeb-2+HuggingFace+CommonVoice
nyv,Nyulnyul,False,False,True,False,1,False,HuggingFace
nyw,Nyaw,False,False,True,False,1,False,HuggingFace
nyx,Nganyaywana,False,False,True,False,1,False,HuggingFace
nyy,Nyakyusa-Ngonde,False,True,True,False,2,False,FineWeb-2+HuggingFace
nza,Tigon Mbembe,False,True,True,False,2,False,FineWeb-2+HuggingFace
nzb,Njebi,False,False,True,False,1,False,HuggingFace
nzd,Nzadi,False,False,True,False,1,False,HuggingFace
nzi,Nzima,False,True,True,False,2,False,FineWeb-2+HuggingFace
nzk,Nzakara,False,False,True,False,1,False,HuggingFace
nzm,Zeme Naga,False,True,True,False,2,False,FineWeb-2+HuggingFace
nzr,Dir-Nyamzak-Mbarimi,False,False,False,False,0,False,NONE
nzs,New Zealand Sign Language,False,False,True,False,1,False,HuggingFace
nzu,Teke-Nzikou,False,False,True,False,1,False,HuggingFace
nzy,Nzakambay,False,False,True,False,1,False,HuggingFace
nzz,Nanga Dama Dogon,False,False,True,False,1,False,HuggingFace
oaa,Orok,False,False,True,False,1,False,HuggingFace
oac,Oroch,False,False,True,False,1,False,HuggingFace
oak,Noakhali,False,False,False,False,0,False,NONE
oar,Old Aramaic (up to 700 BCE),False,False,True,False,1,False,HuggingFace
oav,Old Avar,False,False,True,False,1,False,HuggingFace
obi,Obispeño,False,False,True,False,1,False,HuggingFace
obk,Southern Bontok,False,False,True,False,1,False,HuggingFace
obl,Oblo,False,False,True,False,1,False,HuggingFace
obm,Moabite,False,False,True,False,1,False,HuggingFace
obo,Obo Manobo,False,True,True,False,2,False,FineWeb-2+HuggingFace
obr,Old Burmese,False,False,True,False,1,False,HuggingFace
obt,Old Breton,False,False,True,False,1,False,HuggingFace
obu,Obulom,False,False,True,False,1,False,HuggingFace
oca,Ocaina,False,False,True,False,1,False,HuggingFace
och,Old Chinese,False,False,True,False,1,False,HuggingFace
oci,Occitan (post 1500),False,True,True,True,3,False,FineWeb-2+HuggingFace+CommonVoice
ocm,Old Cham,False,False,True,False,1,False,HuggingFace
oco,Old Cornish,False,False,True,False,1,False,HuggingFace
ocu,Atzingo Matlatzinca,False,False,True,False,1,False,HuggingFace
oda,Odut,False,False,True,False,1,False,HuggingFace
odk,Od,False,False,True,True,2,False,HuggingFace+CommonVoice
odt,Old Dutch,False,False,True,False,1,False,HuggingFace
odu,Odual,False,False,True,False,1,False,HuggingFace
ofo,Ofo,False,False,True,False,1,False,HuggingFace
ofs,Old Frisian,False,False,True,False,1,False,HuggingFace
ofu,Efutop,False,False,True,False,1,False,HuggingFace
ogb,Ogbia,False,False,True,False,1,False,HuggingFace
ogc,Ogbah,False,False,True,False,1,False,HuggingFace
oge,Old Georgian,False,False,True,False,1,False,HuggingFace
ogg,Ogbogolo,False,False,True,False,1,False,HuggingFace
ogo,Khana,False,True,True,False,2,False,FineWeb-2+HuggingFace
ogu,Ogbronuagum,False,False,True,False,1,False,HuggingFace
oht,Old Hittite,False,False,True,False,1,False,HuggingFace
ohu,Old Hungarian,False,False,True,False,1,False,HuggingFace
oia,Oirata,False,False,True,False,1,False,HuggingFace
oie,Okolie,False,False,True,False,1,False,HuggingFace
oin,Inebu One,False,False,True,False,1,False,HuggingFace
ojb,Northwestern Ojibwa,False,True,True,False,2,False,FineWeb-2+HuggingFace
ojc,Central Ojibwa,False,False,True,False,1,False,HuggingFace
ojg,Eastern Ojibwa,False,False,True,False,1,False,HuggingFace
oji,Ojibwa,True,False,True,False,1,False,HuggingFace
ojp,Old Japanese,False,False,True,False,1,False,HuggingFace
ojs,Severn Ojibwa,False,False,True,False,1,False,HuggingFace
ojv,Ontong Java,False,False,True,False,1,False,HuggingFace
ojw,Western Ojibwa,False,False,True,False,1,False,HuggingFace
oka,Okanagan,False,False,True,False,1,False,HuggingFace
okb,Okobo,False,False,True,False,1,False,HuggingFace
okc,Kobo,False,False,True,False,1,False,HuggingFace
okd,Okodia,False,False,True,False,1,False,HuggingFace
oke,Okpe (Southwestern Edo),False,True,True,False,2,False,FineWeb-2+HuggingFace
okg,Koko Babangk,False,False,True,False,1,False,HuggingFace
okh,Koresh-e Rostam,False,False,True,False,1,False,HuggingFace
oki,Okiek,False,False,True,False,1,False,HuggingFace
okj,Oko-Juwoi,False,False,True,False,1,False,HuggingFace
okk,Kwamtim One,False,False,True,False,1,False,HuggingFace
okl,Old Kentish Sign Language,False,False,True,False,1,False,HuggingFace
okm,Middle Korean (10th-16th cent.),False,False,True,False,1,False,HuggingFace
okn,Oki-No-Erabu,False,False,True,False,1,False,HuggingFace
oko,Old Korean (3rd-9th cent.),False,False,True,False,1,False,HuggingFace
okr,Kirike,False,False,True,False,1,False,HuggingFace
oks,Oko-Eni-Osayen,False,False,True,False,1,False,HuggingFace
oku,Oku,False,True,True,False,2,False,FineWeb-2+HuggingFace
okv,Orokaiva,False,True,True,False,2,False,FineWeb-2+HuggingFace
okx,Okpe (Northwestern Edo),False,False,True,False,1,False,HuggingFace
okz,Old Khmer,False,False,True,False,1,False,HuggingFace
ola,Walungge,False,False,True,False,1,False,HuggingFace
olb,Oli-Bodiman,False,False,False,False,0,False,NONE
old,Mochi,False,True,True,False,2,False,FineWeb-2+HuggingFace
ole,Olekha,False,False,True,False,1,False,HuggingFace
olk,Olkol,False,False,True,False,1,False,HuggingFace
olm,Oloma,False,False,True,False,1,False,HuggingFace
olo,Livvi,False,True,True,False,2,False,FineWeb-2+HuggingFace
olr,Olrat,False,False,True,False,1,False,HuggingFace
olt,Old Lithuanian,False,False,True,False,1,False,HuggingFace
olu,Kuvale,False,False,True,False,1,False,HuggingFace
oma,Omaha-Ponca,False,False,True,False,1,False,HuggingFace
omb,East Ambae,False,True,True,False,2,False,FineWeb-2+HuggingFace
omc,Mochica,False,False,True,False,1,False,HuggingFace
omg,Omagua,False,False,True,False,1,False,HuggingFace
omi,Omi,False,False,True,False,1,False,HuggingFace
omk,Omok,False,False,True,False,1,False,HuggingFace
oml,Ombo,False,False,True,False,1,False,HuggingFace
omn,Minoan,False,False,True,False,1,False,HuggingFace
omo,Utarmbung,False,False,True,False,1,False,HuggingFace
omp,Old Manipuri,False,False,True,False,1,False,HuggingFace
omr,Old Marathi,False,False,True,False,1,False,HuggingFace
omt,Omotik,False,False,True,False,1,False,HuggingFace
omu,Omurano,False,False,True,False,1,False,HuggingFace
omw,South Tairora,False,True,True,False,2,False,FineWeb-2+HuggingFace
omx,Old Mon,False,False,True,False,1,False,HuggingFace
omy,Old Malay,False,False,True,False,1,False,HuggingFace
ona,Ona,False,False,True,False,1,False,HuggingFace
onb,Lingao,False,False,True,False,1,False,HuggingFace
one,Oneida,False,False,True,False,1,False,HuggingFace
ong,Olo,False,True,True,False,2,False,FineWeb-2+HuggingFace
oni,Onin,False,False,True,False,1,False,HuggingFace
onj,Onjob,False,False,True,False,1,False,HuggingFace
onk,Kabore One,False,False,True,False,1,False,HuggingFace
onn,Onobasulu,False,False,True,False,1,False,HuggingFace
ono,Onondaga,False,False,True,False,1,False,HuggingFace
onp,Sartang,False,False,True,False,1,False,HuggingFace
onr,Northern One,False,False,True,False,1,False,HuggingFace
ons,Ono,False,True,True,False,2,False,FineWeb-2+HuggingFace
ont,Ontenu,False,False,True,False,1,False,HuggingFace
onu,Unua,False,False,True,False,1,False,HuggingFace
onw,Old Nubian,False,False,True,False,1,False,HuggingFace
onx,Onin Based Pidgin,False,False,True,False,1,False,HuggingFace
ood,Tohono O'odham,False,True,True,False,2,False,FineWeb-2+HuggingFace
oog,Ong,False,False,True,False,1,False,HuggingFace
oon,Önge,False,False,True,False,1,False,HuggingFace
oor,Oorlams,False,False,True,False,1,False,HuggingFace
oos,Old Ossetic,False,False,True,False,1,False,HuggingFace
opa,Okpamheri,False,False,True,False,1,False,HuggingFace
opk,Kopkaka,False,False,True,False,1,False,HuggingFace
opm,Oksapmin,False,True,True,False,2,False,FineWeb-2+HuggingFace
opo,Opao,False,False,True,False,1,False,HuggingFace
opt,Opata,False,False,True,False,1,False,HuggingFace
opy,Ofayé,False,False,True,False,1,False,HuggingFace
ora,Oroha,False,False,True,False,1,False,HuggingFace
orc,Orma,False,False,True,False,1,False,HuggingFace
ore,Orejón,False,False,True,False,1,False,HuggingFace
org,Oring,False,False,True,False,1,False,HuggingFace
orh,Oroqen,False,False,True,False,1,False,HuggingFace
ori,Oriya (macrolanguage),True,False,True,True,2,False,HuggingFace+CommonVoice
orm,Oromo,True,False,True,True,2,False,HuggingFace+CommonVoice
orn,Orang Kanaq,False,False,True,False,1,False,HuggingFace
oro,Orokolo,False,False,True,False,1,False,HuggingFace
orr,Oruma,False,False,True,False,1,False,HuggingFace
ors,Orang Seletar,False,False,True,False,1,False,HuggingFace
ort,Adivasi Oriya,False,False,True,False,1,False,HuggingFace
oru,Ormuri,False,False,True,True,2,False,HuggingFace+CommonVoice
orv,Old Russian,False,True,True,False,2,False,FineWeb-2+HuggingFace
orw,Oro Win,False,False,True,False,1,False,HuggingFace
orx,Oro,False,False,True,False,1,False,HuggingFace
ory,Odia,False,True,True,False,2,False,FineWeb-2+HuggingFace
orz,Ormu,False,False,True,False,1,False,HuggingFace
osa,Osage,False,False,True,False,1,False,HuggingFace
osc,Oscan,False,False,True,False,1,False,HuggingFace
osd,Digor Ossetic,False,False,False,False,0,False,NONE
osi,Osing,False,False,True,False,1,False,HuggingFace
osn,Old Sundanese,False,False,True,False,1,False,HuggingFace
oso,Ososo,False,False,True,False,1,False,HuggingFace
osp,Old Spanish,False,False,True,False,1,False,HuggingFace
oss,Iron Ossetic,False,True,True,True,3,False,FineWeb-2+HuggingFace+CommonVoice
ost,Osatu,False,False,True,False,1,False,HuggingFace
osu,Southern One,False,False,True,False,1,False,HuggingFace
osx,Old Saxon,False,False,True,False,1,False,HuggingFace
ota,Ottoman Turkish (1500-1928),False,True,True,False,2,False,FineWeb-2+HuggingFace
otb,Old Tibetan,False,False,True,False,1,False,HuggingFace
otd,Ot Danum,False,True,True,False,2,False,FineWeb-2+HuggingFace
ote,Mezquital Otomi,False,True,True,False,2,False,FineWeb-2+HuggingFace
oti,Oti,False,False,True,False,1,False,HuggingFace
otk,Old Turkish,False,False,True,False,1,False,HuggingFace
otl,Tilapa Otomi,False,False,True,False,1,False,HuggingFace
otm,Eastern Highland Otomi,False,True,True,False,2,False,FineWeb-2+HuggingFace
otn,Tenango Otomi,False,True,True,False,2,False,FineWeb-2+HuggingFace
otq,Querétaro Otomi,False,True,True,False,2,False,FineWeb-2+HuggingFace
otr,Otoro,False,False,True,False,1,False,HuggingFace
ots,Estado de México Otomi,False,True,True,False,2,False,FineWeb-2+HuggingFace
ott,Temoaya Otomi,False,False,True,False,1,False,HuggingFace
otu,Otuke,False,False,True,False,1,False,HuggingFace
otw,Ottawa,False,True,True,False,2,False,FineWeb-2+HuggingFace
otx,Texcatepec Otomi,False,False,True,False,1,False,HuggingFace
oty,Old Tamil,False,False,True,False,1,False,HuggingFace
otz,Ixtenco Otomi,False,False,True,False,1,False,HuggingFace
oua,Tagargrent,False,False,True,False,1,False,HuggingFace
oub,Glio-Oubi,False,False,True,False,1,False,HuggingFace
oue,Oune,False,False,True,False,1,False,HuggingFace
oui,Old Uighur,False,False,True,False,1,False,HuggingFace
oum,Ouma,False,False,True,False,1,False,HuggingFace
ovd,Elfdalian,False,False,True,False,1,False,HuggingFace
owi,Owiniga,False,False,True,False,1,False,HuggingFace
owl,Old Welsh,False,False,True,False,1,False,HuggingFace
oyb,Oy,False,False,True,False,1,False,HuggingFace
oyd,Oyda,False,False,True,False,1,False,HuggingFace
oym,Wayampi,False,True,True,False,2,False,FineWeb-2+HuggingFace
oyy,Oya'oya,False,False,True,False,1,False,HuggingFace
ozm,Koonzime,False,True,True,False,2,False,FineWeb-2+HuggingFace
pab,Parecís,False,True,True,False,2,False,FineWeb-2+HuggingFace
pac,Pacoh,False,False,True,False,1,False,HuggingFace
pad,Paumarí,False,True,True,False,2,False,FineWeb-2+HuggingFace
pae,Pagibete,False,False,True,False,1,False,HuggingFace
paf,Paranawát,False,False,True,False,1,False,HuggingFace
pag,Pangasinan,False,True,True,False,2,False,FineWeb-2+HuggingFace
pah,Tenharim,False,True,True,False,2,False,FineWeb-2+HuggingFace
pai,Pe,False,False,True,False,1,False,HuggingFace
pak,Parakanã,False,False,True,False,1,False,HuggingFace
pal,Pahlavi,False,False,True,False,1,False,HuggingFace
pam,Pampanga,False,True,True,False,2,False,FineWeb-2+HuggingFace
pan,Panjabi,False,True,True,True,3,False,FineWeb-2+HuggingFace+CommonVoice
pao,Northern Paiute,False,True,True,False,2,False,FineWeb-2+HuggingFace
pap,Papiamento,False,True,True,True,3,False,FineWeb-2+HuggingFace+CommonVoice
paq,Parya,False,False,True,False,1,False,HuggingFace
par,Panamint,False,False,True,False,1,False,HuggingFace
pas,Papasena,False,False,True,False,1,False,HuggingFace
pau,Palauan,False,True,True,True,3,False,FineWeb-2+HuggingFace+CommonVoice
pav,Pakaásnovos,False,False,True,False,1,False,HuggingFace
paw,Pawnee,False,False,True,False,1,False,HuggingFace
pax,Pankararé,False,False,True,False,1,False,HuggingFace
pay,Pech,False,False,True,False,1,False,HuggingFace
paz,Pankararú,False,False,True,False,1,False,HuggingFace
pbb,Páez,False,True,True,False,2,False,FineWeb-2+HuggingFace
pbc,Patamona,False,True,True,False,2,False,FineWeb-2+HuggingFace
pbe,Mezontla Popoloca,False,False,True,False,1,False,HuggingFace
pbf,Coyotepec Popoloca,False,False,True,False,1,False,HuggingFace
pbg,Paraujano,False,False,True,False,1,False,HuggingFace
pbh,E'ñapa Woromaipu,False,False,True,False,1,False,HuggingFace
pbi,Parkwa,False,True,True,False,2,False,FineWeb-2+HuggingFace
pbl,Mak (Nigeria),False,False,True,False,1,False,HuggingFace
pbm,Puebla Mazatec,False,False,True,False,1,False,HuggingFace
pbn,Kpasam,False,False,True,False,1,False,HuggingFace
pbo,Papel,False,False,True,False,1,False,HuggingFace
pbp,Badyara,False,False,True,False,1,False,HuggingFace
pbr,Pangwa,False,False,True,False,1,False,HuggingFace
pbs,Central Pame,False,False,True,False,1,False,HuggingFace
pbt,Southern Pashto,False,True,True,False,2,False,FineWeb-2+HuggingFace
pbu,Northern Pashto,False,False,True,False,1,False,HuggingFace
pbv,Pnar,False,False,True,False,1,False,HuggingFace
pby,Pyu (Papua New Guinea),False,False,True,False,1,False,HuggingFace
pca,Santa Inés Ahuatempan Popoloca,False,False,True,False,1,False,HuggingFace
pcb,Pear,False,False,True,False,1,False,HuggingFace
pcc,Bouyei,False,False,True,False,1,False,HuggingFace
pcd,Picard,False,True,True,True,3,False,FineWeb-2+HuggingFace+CommonVoice
pce,Ruching Palaung,False,False,True,False,1,False,HuggingFace
pcf,Paliyan,False,False,True,False,1,False,HuggingFace
pcg,Paniya,False,False,True,False,1,False,HuggingFace
pch,Pardhan,False,False,True,False,1,False,HuggingFace
pci,Duruwa,False,False,True,False,1,False,HuggingFace
pcj,Parenga,False,False,True,False,1,False,HuggingFace
pck,Paite Chin,False,True,True,False,2,False,FineWeb-2+HuggingFace
pcl,Pardhi,False,False,True,False,1,False,HuggingFace
pcm,Nigerian Pidgin,False,True,True,True,3,False,FineWeb-2+HuggingFace+CommonVoice
pcn,Piti,False,False,True,False,1,False,HuggingFace
pcp,Pacahuara,False,False,True,False,1,False,HuggingFace
pcw,Pyapun,False,False,True,False,1,False,HuggingFace
pda,Anam,False,False,True,False,1,False,HuggingFace
pdc,Pennsylvania German,False,True,True,False,2,False,FineWeb-2+HuggingFace
pdi,Pa Di,False,False,True,False,1,False,HuggingFace
pdn,Podena,False,False,True,False,1,False,HuggingFace
pdo,Padoe,False,False,True,False,1,False,HuggingFace
pdt,Plautdietsch,False,True,True,False,2,False,FineWeb-2+HuggingFace
pdu,Kayan,False,False,True,False,1,False,HuggingFace
pea,Peranakan Indonesian,False,False,True,False,1,False,HuggingFace
peb,Eastern Pomo,False,False,True,False,1,False,HuggingFace
ped,Mala (Papua New Guinea),False,False,True,False,1,False,HuggingFace
pee,Taje,False,False,True,False,1,False,HuggingFace
pef,Northeastern Pomo,False,False,True,False,1,False,HuggingFace
peg,Pengo,False,False,True,False,1,False,HuggingFace
peh,Bonan,False,False,True,False,1,False,HuggingFace
pei,Chichimeca-Jonaz,False,False,True,False,1,False,HuggingFace
pej,Northern Pomo,False,False,True,False,1,False,HuggingFace
pek,Penchal,False,False,True,False,1,False,HuggingFace
pel,Pekal,False,False,True,False,1,False,HuggingFace
pem,Phende,False,True,True,False,2,False,FineWeb-2+HuggingFace
peo,Old Persian (ca. 600-400 B.C.),False,False,True,False,1,False,HuggingFace
pep,Kunja,False,False,True,False,1,False,HuggingFace
peq,Southern Pomo,False,False,True,False,1,False,HuggingFace
pes,Iranian Persian,False,False,True,False,1,False,HuggingFace
pev,Pémono,False,False,True,False,1,False,HuggingFace
pex,Petats,False,False,True,False,1,False,HuggingFace
pey,Petjo,False,False,True,False,1,False,HuggingFace
pez,Eastern Penan,False,False,True,True,2,False,HuggingFace+CommonVoice
pfa,Pááfang,False,False,True,False,1,False,HuggingFace
pfe,Pere,False,True,True,False,2,False,FineWeb-2+HuggingFace
pfl,Pfaelzisch,False,True,True,False,2,False,FineWeb-2+HuggingFace
pga,Sudanese Creole Arabic,False,False,True,False,1,False,HuggingFace
pgd,Gāndhārī,False,False,True,False,1,False,HuggingFace
pgg,Pangwali,False,False,True,False,1,False,HuggingFace
pgi,Pagi,False,False,True,False,1,False,HuggingFace
pgk,Rerep,False,False,True,False,1,False,HuggingFace
pgl,Primitive Irish,False,False,True,False,1,False,HuggingFace
pgn,Paelignian,False,False,True,False,1,False,HuggingFace
pgs,Pangseng,False,False,True,False,1,False,HuggingFace
pgu,Pagu,False,False,True,False,1,False,HuggingFace
pgz,Papua New Guinean Sign Language,False,False,True,False,1,False,HuggingFace
pha,Pa-Hng,False,False,True,False,1,False,HuggingFace
phd,Phudagi,False,False,True,False,1,False,HuggingFace
phg,Phuong,False,False,True,False,1,False,HuggingFace
phh,Phukha,False,False,True,False,1,False,HuggingFace
phj,Pahari,False,False,True,False,1,False,HuggingFace
phk,Phake,False,False,True,False,1,False,HuggingFace
phl,Phalura,False,False,True,True,2,False,HuggingFace+CommonVoice
phm,Phimbi,False,True,True,False,2,False,FineWeb-2+HuggingFace
phn,Phoenician,False,False,True,False,1,False,HuggingFace
pho,Phunoi,False,False,True,False,1,False,HuggingFace
phq,Phana',False,False,True,False,1,False,HuggingFace
phr,Pahari-Potwari,False,False,True,True,2,False,HuggingFace+CommonVoice
pht,Phu Thai,False,False,True,False,1,False,HuggingFace
phu,Phuan,False,False,True,False,1,False,HuggingFace
phv,Pahlavani,False,False,True,False,1,False,HuggingFace
phw,Phangduwali,False,False,True,False,1,False,HuggingFace
pia,Pima Bajo,False,False,True,False,1,False,HuggingFace
pib,Yine,False,True,True,False,2,False,FineWeb-2+HuggingFace
pic,Pinji,False,False,True,False,1,False,HuggingFace
pid,Piaroa,False,False,True,False,1,False,HuggingFace
pie,Piro,False,False,True,False,1,False,HuggingFace
pif,Pingelapese,False,False,True,False,1,False,HuggingFace
pig,Pisabo,False,False,True,False,1,False,HuggingFace
pih,Pitcairn-Norfolk,False,False,True,False,1,False,HuggingFace
pij,Pijao,False,False,True,False,1,False,HuggingFace
pil,Yom,False,False,True,False,1,False,HuggingFace
pim,Powhatan,False,False,True,False,1,False,HuggingFace
pin,Piame,False,False,True,False,1,False,HuggingFace
pio,Piapoco,False,True,True,False,2,False,FineWeb-2+HuggingFace
pip,Pero,False,False,True,False,1,False,HuggingFace
pir,Piratapuyo,False,True,True,False,2,False,FineWeb-2+HuggingFace
pis,Pijin,False,True,True,False,2,False,FineWeb-2+HuggingFace
pit,Pitta Pitta,False,False,True,False,1,False,HuggingFace
piu,Pintupi-Luritja,False,False,True,False,1,False,HuggingFace
piv,Pileni,False,False,True,False,1,False,HuggingFace
piw,Pimbwe,False,False,True,False,1,False,HuggingFace
pix,Piu,False,False,True,False,1,False,HuggingFace
piy,Piya-Kwonci,False,False,True,False,1,False,HuggingFace
piz,Pije,False,False,True,False,1,False,HuggingFace
pjt,Pitjantjatjara,False,True,True,False,2,False,FineWeb-2+HuggingFace
pka,Ardhamāgadhī Prākrit,False,False,True,False,1,False,HuggingFace
pkb,Pokomo,False,True,True,False,2,False,FineWeb-2+HuggingFace
pkc,Paekche,False,False,True,False,1,False,HuggingFace
pkg,Pak-Tong,False,False,True,False,1,False,HuggingFace
pkh,Pankhu,False,False,True,False,1,False,HuggingFace
pkn,Pakanha,False,False,True,False,1,False,HuggingFace
pko,Pökoot,False,False,True,False,1,False,HuggingFace
pkp,Pukapuka,False,False,True,False,1,False,HuggingFace
pkr,Attapady Kurumba,False,False,True,False,1,False,HuggingFace
pks,Pakistan Sign Language,False,False,True,False,1,False,HuggingFace
pkt,Maleng,False,False,True,False,1,False,HuggingFace
pku,Paku,False,False,True,False,1,False,HuggingFace
pla,Miani,False,False,True,False,1,False,HuggingFace
plb,Polonombauk,False,False,True,False,1,False,HuggingFace
plc,Central Palawano,False,False,True,False,1,False,HuggingFace
pld,Polari,False,False,True,False,1,False,HuggingFace
ple,Palu'e,False,False,True,False,1,False,HuggingFace
plg,Pilagá,False,True,True,False,2,False,FineWeb-2+HuggingFace
plh,Paulohi,False,False,True,False,1,False,HuggingFace
pli,Pali,False,False,True,False,1,False,HuggingFace
plk,Kohistani Shina,False,False,True,True,2,False,HuggingFace+CommonVoice
pll,Shwe Palaung,False,False,True,False,1,False,HuggingFace
pln,Palenquero,False,False,True,False,1,False,HuggingFace
plo,Oluta Popoluca,False,False,True,False,1,False,HuggingFace
plq,Palaic,False,False,True,False,1,False,HuggingFace
plr,Palaka Senoufo,False,False,True,False,1,False,HuggingFace
pls,San Marcos Tlacoyalco Popoloca,False,True,True,False,2,False,FineWeb-2+HuggingFace
plt,Plateau Malagasy,False,True,True,False,2,False,FineWeb-2+HuggingFace
plu,Palikúr,False,True,True,False,2,False,FineWeb-2+HuggingFace
plv,Southwest Palawano,False,False,True,False,1,False,HuggingFace
plw,Brooke's Point Palawano,False,True,True,False,2,False,FineWeb-2+HuggingFace
ply,Bolyu,False,False,True,False,1,False,HuggingFace
plz,Paluan,False,False,True,False,1,False,HuggingFace
pma,Paama,False,True,True,False,2,False,FineWeb-2+HuggingFace
pmb,Pambia,False,False,True,False,1,False,HuggingFace
pmd,Pallanganmiddang,False,False,True,False,1,False,HuggingFace
pme,Pwaamei,False,False,True,False,1,False,HuggingFace
pmf,Pamona,False,True,True,False,2,False,FineWeb-2+HuggingFace
pmh,Māhārāṣṭri Prākrit,False,False,True,False,1,False,HuggingFace
pmi,Northern Pumi,False,False,True,False,1,False,HuggingFace
pmj,Southern Pumi,False,False,True,False,1,False,HuggingFace
pml,Lingua Franca,False,False,True,False,1,False,HuggingFace
pmm,Pomo,False,False,True,False,1,False,HuggingFace
pmn,Pam,False,False,True,False,1,False,HuggingFace
pmo,Pom,False,False,True,False,1,False,HuggingFace
pmq,Northern Pame,False,True,True,False,2,False,FineWeb-2+HuggingFace
pmr,Paynamar,False,False,True,False,1,False,HuggingFace
pms,Piemontese,False,True,True,False,2,False,FineWeb-2+HuggingFace
pmt,Tuamotuan,False,False,True,False,1,False,HuggingFace
pmw,Plains Miwok,False,False,True,False,1,False,HuggingFace
pmx,Poumei Naga,False,True,True,False,2,False,FineWeb-2+HuggingFace
pmy,Papuan Malay,False,False,True,False,1,False,HuggingFace
pmz,Southern Pame,False,False,True,False,1,False,HuggingFace
pna,Punan Bah-Biau,False,False,True,False,1,False,HuggingFace
pnb,Western Panjabi,False,True,True,False,2,False,FineWeb-2+HuggingFace
pnc,Pannei,False,False,True,False,1,False,HuggingFace
pnd,Mpinda,False,False,True,False,1,False,HuggingFace
pne,Western Penan,False,True,True,True,3,False,FineWeb-2+HuggingFace+CommonVoice
png,Pangu,False,False,True,False,1,False,HuggingFace
pnh,Penrhyn,False,False,True,False,1,False,HuggingFace
pni,Aoheng,False,False,True,False,1,False,HuggingFace
pnj,Pinjarup,False,False,True,False,1,False,HuggingFace
pnk,Paunaka,False,False,True,False,1,False,HuggingFace
pnl,Paleni,False,False,True,False,1,False,HuggingFace
pnm,Punan Batu 1,False,False,True,False,1,False,HuggingFace
pnn,Pinai-Hagahai,False,False,True,False,1,False,HuggingFace
pno,Panobo,False,False,True,False,1,False,HuggingFace
pnp,Pancana,False,False,True,False,1,False,HuggingFace
pnq,Pana (Burkina Faso),False,False,True,False,1,False,HuggingFace
pnr,Panim,False,False,True,False,1,False,HuggingFace
pns,Ponosakan,False,False,True,False,1,False,HuggingFace
pnt,Pontic,False,True,True,False,2,False,FineWeb-2+HuggingFace
pnu,Jiongnai Bunu,False,False,True,False,1,False,HuggingFace
pnv,Pinigura,False,False,True,False,1,False,HuggingFace
pnw,Banyjima,False,False,True,False,1,False,HuggingFace
pnx,Phong-Kniang,False,False,True,False,1,False,HuggingFace
pny,Pinyin,False,True,True,False,2,False,FineWeb-2+HuggingFace
pnz,Pana (Central African Republic),False,False,True,False,1,False,HuggingFace
poc,Poqomam,False,False,True,False,1,False,HuggingFace
poe,San Juan Atzingo Popoloca,False,True,True,False,2,False,FineWeb-2+HuggingFace
pof,Poke,False,False,True,False,1,False,HuggingFace
pog,Potiguára,False,False,True,False,1,False,HuggingFace
poh,Poqomchi',False,True,True,False,2,False,FineWeb-2+HuggingFace
poi,Highland Popoluca,False,True,True,False,2,False,FineWeb-2+HuggingFace
pok,Pokangá,False,False,True,False,1,False,HuggingFace
pol,Polish,False,True,True,True,3,False,FineWeb-2+HuggingFace+CommonVoice
pom,Southeastern Pomo,False,False,True,False,1,False,HuggingFace
pon,Pohnpeian,False,True,True,False,2,False,FineWeb-2+HuggingFace
poo,Central Pomo,False,False,True,False,1,False,HuggingFace
pop,Pwapwâ,False,False,True,False,1,False,HuggingFace
poq,Texistepec Popoluca,False,False,True,False,1,False,HuggingFace
por,Portuguese,False,True,True,True,3,False,FineWeb-2+HuggingFace+CommonVoice
pos,Sayula Popoluca,False,True,True,False,2,False,FineWeb-2+HuggingFace
pot,Potawatomi,False,True,True,False,2,False,FineWeb-2+HuggingFace
pov,Upper Guinea Crioulo,False,True,True,False,2,False,FineWeb-2+HuggingFace
pow,San Felipe Otlaltepec Popoloca,False,False,True,False,1,False,HuggingFace
pox,Polabian,False,False,True,False,1,False,HuggingFace
poy,Pogolo,False,True,True,False,2,False,FineWeb-2+HuggingFace
ppe,Papi,False,False,True,False,1,False,HuggingFace
ppi,Paipai,False,False,True,False,1,False,HuggingFace
ppk,Uma,False,True,True,False,2,False,FineWeb-2+HuggingFace
ppl,Pipil,False,False,True,False,1,False,HuggingFace
ppm,Papuma,False,False,True,False,1,False,HuggingFace
ppn,Papapana,False,False,True,False,1,False,HuggingFace
ppo,Folopa,False,True,True,False,2,False,FineWeb-2+HuggingFace
ppp,Pelende,False,False,True,False,1,False,HuggingFace
ppq,Pei,False,False,True,False,1,False,HuggingFace
pps,San Luís Temalacayuca Popoloca,False,True,True,False,2,False,FineWeb-2+HuggingFace
ppt,Pare,False,False,True,False,1,False,HuggingFace
ppu,Papora,False,False,True,False,1,False,HuggingFace
pqa,Pa'a,False,False,True,False,1,False,HuggingFace
pqm,Malecite-Passamaquoddy,False,False,True,False,1,False,HuggingFace
prc,Parachi,False,False,True,False,1,False,HuggingFace
prd,Parsi-Dari,False,False,True,False,1,False,HuggingFace
pre,Principense,False,False,True,False,1,False,HuggingFace
prf,Paranan,False,True,True,False,2,False,FineWeb-2+HuggingFace
prg,Prussian,False,True,True,False,2,False,FineWeb-2+HuggingFace
prh,Porohanon,False,False,True,False,1,False,HuggingFace
pri,Paicî,False,True,True,False,2,False,FineWeb-2+HuggingFace
prk,Parauk,False,False,True,False,1,False,HuggingFace
prl,Peruvian Sign Language,False,False,True,False,1,False,HuggingFace
prm,Kibiri,False,False,True,False,1,False,HuggingFace
prn,Prasuni,False,False,True,False,1,False,HuggingFace
pro,Old Provençal (to 1500),False,False,True,False,1,False,HuggingFace
prq,Ashéninka Perené,False,True,True,True,3,False,FineWeb-2+HuggingFace+CommonVoice
prr,Puri,False,False,True,False,1,False,HuggingFace
prs,Dari,False,False,True,False,1,False,HuggingFace
prt,Phai,False,False,True,False,1,False,HuggingFace
pru,Puragi,False,False,True,False,1,False,HuggingFace
prw,Parawen,False,False,True,False,1,False,HuggingFace
prx,Purik,False,False,True,False,1,False,HuggingFace
prz,Providencia Sign Language,False,False,True,False,1,False,HuggingFace
psa,Asue Awyu,False,False,True,False,1,False,HuggingFace
psc,Iranian Sign Language,False,False,True,False,1,False,HuggingFace
psd,Plains Indian Sign Language,False,False,True,False,1,False,HuggingFace
pse,Central Malay,False,True,True,False,2,False,FineWeb-2+HuggingFace
psg,Penang Sign Language,False,False,True,False,1,False,HuggingFace
psh,Southwest Pashai,False,False,True,False,1,False,HuggingFace
psi,Southeast Pashai,False,False,True,False,1,False,HuggingFace
psl,Puerto Rican Sign Language,False,False,True,False,1,False,HuggingFace
psm,Pauserna,False,False,True,False,1,False,HuggingFace
psn,Panasuan,False,False,True,False,1,False,HuggingFace
pso,Polish Sign Language,False,False,True,False,1,False,HuggingFace
psp,Philippine Sign Language,False,False,True,False,1,False,HuggingFace
psq,Pasi,False,False,True,False,1,False,HuggingFace
psr,Portuguese Sign Language,False,False,True,False,1,False,HuggingFace
pss,Kaulong,False,True,True,False,2,False,FineWeb-2+HuggingFace
pst,Central Pashto,False,False,True,False,1,False,HuggingFace
psu,Sauraseni Prākrit,False,False,True,False,1,False,HuggingFace
psw,Port Sandwich,False,False,True,False,1,False,HuggingFace
psy,Piscataway,False,False,True,False,1,False,HuggingFace
pta,Pai Tavytera,False,False,True,False,1,False,HuggingFace
pth,Pataxó Hã-Ha-Hãe,False,False,True,False,1,False,HuggingFace
pti,Pindiini,False,False,True,False,1,False,HuggingFace
ptn,Patani,False,False,True,False,1,False,HuggingFace
pto,Zo'é,False,False,True,False,1,False,HuggingFace
ptp,Patep,False,True,True,False,2,False,FineWeb-2+HuggingFace
ptq,Pattapu,False,False,True,False,1,False,HuggingFace
ptr,Piamatsina,False,False,True,False,1,False,HuggingFace
ptt,Enrekang,False,False,True,False,1,False,HuggingFace
ptu,Bambam,False,True,True,False,2,False,FineWeb-2+HuggingFace
ptv,Port Vato,False,False,True,False,1,False,HuggingFace
ptw,Pentlatch,False,False,True,False,1,False,HuggingFace
pty,Pathiya,False,False,True,False,1,False,HuggingFace
pua,Western Highland Purepecha,False,False,True,True,2,False,HuggingFace+CommonVoice
pub,Purum,False,False,True,False,1,False,HuggingFace
puc,Punan Merap,False,False,True,False,1,False,HuggingFace
pud,Punan Aput,False,False,True,False,1,False,HuggingFace
pue,Puelche,False,False,True,False,1,False,HuggingFace
puf,Punan Merah,False,False,True,False,1,False,HuggingFace
pug,Phuie,False,False,True,False,1,False,HuggingFace
pui,Puinave,False,True,True,False,2,False,FineWeb-2+HuggingFace
puj,Punan Tubu,False,False,True,False,1,False,HuggingFace
pum,Puma,False,False,True,False,1,False,HuggingFace
puo,Puoc,False,False,True,False,1,False,HuggingFace
pup,Pulabu,False,False,True,False,1,False,HuggingFace
puq,Puquina,False,False,True,False,1,False,HuggingFace
pur,Puruborá,False,False,True,False,1,False,HuggingFace
pus,Pushto,True,False,True,True,2,False,HuggingFace+CommonVoice
put,Putoh,False,False,True,False,1,False,HuggingFace
puu,Punu,False,False,True,False,1,False,HuggingFace
puw,Puluwatese,False,False,True,False,1,False,HuggingFace
pux,Puare,False,False,True,False,1,False,HuggingFace
puy,Purisimeño,False,False,True,False,1,False,HuggingFace
pwa,Pawaia,False,False,True,False,1,False,HuggingFace
pwb,Panawa,False,False,True,False,1,False,HuggingFace
pwg,Gapapaiwa,False,True,True,False,2,False,FineWeb-2+HuggingFace
pwi,Patwin,False,False,True,False,1,False,HuggingFace
pwm,Molbog,False,False,True,False,1,False,HuggingFace
pwn,Paiwan,False,True,True,True,3,False,FineWeb-2+HuggingFace+CommonVoice
pwo,Pwo Western Karen,False,False,True,False,1,False,HuggingFace
pwr,Powari,False,False,True,False,1,False,HuggingFace
pww,Pwo Northern Karen,False,True,True,False,2,False,FineWeb-2+HuggingFace
pxm,Quetzaltepec Mixe,False,True,True,False,2,False,FineWeb-2+HuggingFace
pye,Pye Krumen,False,False,True,False,1,False,HuggingFace
pym,Fyam,False,False,True,False,1,False,HuggingFace
pyn,Poyanáwa,False,False,True,False,1,False,HuggingFace
pys,Paraguayan Sign Language,False,False,True,False,1,False,HuggingFace
pyu,Puyuma,False,False,True,False,1,False,HuggingFace
pyx,Pyu (Myanmar),False,False,True,False,1,False,HuggingFace
pyy,Pyen,False,False,True,False,1,False,HuggingFace
pze,Pesse,False,False,False,False,0,False,NONE
pzh,Pazeh,False,False,True,False,1,False,HuggingFace
pzn,Jejara Naga,False,False,True,False,1,False,HuggingFace
qua,Quapaw,False,False,True,False,1,False,HuggingFace
qub,Huallaga Huánuco Quechua,False,True,True,False,2,False,FineWeb-2+HuggingFace
quc,K'iche',False,True,True,True,3,False,FineWeb-2+HuggingFace+CommonVoice
qud,Calderón Highland Quichua,False,False,True,False,1,False,HuggingFace
que,Quechua,True,False,True,False,1,False,HuggingFace
quf,Lambayeque Quechua,False,True,True,False,2,False,FineWeb-2+HuggingFace
qug,Chimborazo Highland Quichua,False,True,True,True,3,False,FineWeb-2+HuggingFace+CommonVoice
quh,South Bolivian Quechua,False,True,True,False,2,False,FineWeb-2+HuggingFace
qui,Quileute,False,False,True,False,1,False,HuggingFace
quk,Chachapoyas Quechua,False,False,True,False,1,False,HuggingFace
qul,North Bolivian Quechua,False,True,True,False,2,False,FineWeb-2+HuggingFace
qum,Sipacapense,False,False,True,False,1,False,HuggingFace
qun,Quinault,False,False,True,False,1,False,HuggingFace
qup,Southern Pastaza Quechua,False,True,True,True,3,False,FineWeb-2+HuggingFace+CommonVoice
quq,Quinqui,False,False,True,False,1,False,HuggingFace
qur,Yanahuanca Pasco Quechua,False,False,True,True,2,False,HuggingFace+CommonVoice
qus,Santiago del Estero Quichua,False,True,True,True,3,False,FineWeb-2+HuggingFace+CommonVoice
quv,Sacapulteco,False,False,True,False,1,False,HuggingFace
quw,Tena Lowland Quichua,False,True,True,False,2,False,FineWeb-2+HuggingFace
qux,Yauyos Quechua,False,False,True,True,2,False,HuggingFace+CommonVoice
quy,Ayacucho Quechua,False,True,True,True,3,False,FineWeb-2+HuggingFace+CommonVoice
quz,Cusco Quechua,False,True,True,False,2,False,FineWeb-2+HuggingFace
qva,Ambo-Pasco Quechua,False,True,True,True,3,False,FineWeb-2+HuggingFace+CommonVoice
qvc,Cajamarca Quechua,False,True,True,False,2,False,FineWeb-2+HuggingFace
qve,Eastern Apurímac Quechua,False,True,True,False,2,False,FineWeb-2+HuggingFace
qvh,Huamalíes-Dos de Mayo Huánuco Quechua,False,True,True,False,2,False,FineWeb-2+HuggingFace
qvi,Imbabura Highland Quichua,False,True,True,True,3,False,FineWeb-2+HuggingFace+CommonVoice
qvj,Loja Highland Quichua,False,False,True,True,2,False,HuggingFace+CommonVoice
qvl,Cajatambo North Lima Quechua,False,False,True,True,2,False,HuggingFace+CommonVoice
qvm,Margos-Yarowilca-Lauricocha Quechua,False,True,True,False,2,False,FineWeb-2+HuggingFace
qvn,North Junín Quechua,False,True,True,False,2,False,FineWeb-2+HuggingFace
qvo,Napo Lowland Quechua,False,True,True,False,2,False,FineWeb-2+HuggingFace
qvp,Pacaraos Quechua,False,False,True,False,1,False,HuggingFace
qvs,San Martín Quechua,False,True,True,False,2,False,FineWeb-2+HuggingFace
qvw,Huaylla Wanca Quechua,False,True,True,False,2,False,FineWeb-2+HuggingFace
qvy,Queyu,False,False,True,False,1,False,HuggingFace
qvz,Northern Pastaza Quichua,False,True,True,False,2,False,FineWeb-2+HuggingFace
qwa,Corongo Ancash Quechua,False,False,True,True,2,False,HuggingFace+CommonVoice
qwc,Classical Quechua,False,False,True,False,1,False,HuggingFace
qwh,Huaylas Ancash Quechua,False,True,True,False,2,False,FineWeb-2+HuggingFace
qwm,Kuman (Russia),False,False,True,False,1,False,HuggingFace
qws,Sihuas Ancash Quechua,False,False,True,True,2,False,HuggingFace+CommonVoice
qwt,Kwalhioqua-Tlatskanai,False,False,True,False,1,False,HuggingFace
qxa,Chiquián Ancash Quechua,False,False,True,True,2,False,HuggingFace+CommonVoice
qxc,Chincha Quechua,False,False,True,False,1,False,HuggingFace
qxh,Panao Huánuco Quechua,False,True,True,False,2,False,FineWeb-2+HuggingFace
qxl,Salasaca Highland Quichua,False,True,True,False,2,False,FineWeb-2+HuggingFace
qxn,Northern Conchucos Ancash Quechua,False,True,True,False,2,False,FineWeb-2+HuggingFace
qxo,Southern Conchucos Ancash Quechua,False,True,True,False,2,False,FineWeb-2+HuggingFace
qxp,Puno Quechua,False,False,True,True,2,False,HuggingFace+CommonVoice
qxq,Qashqa'i,False,False,True,True,2,False,HuggingFace+CommonVoice
qxr,Cañar Highland Quichua,False,True,True,False,2,False,FineWeb-2+HuggingFace
qxs,Southern Qiang,False,False,True,False,1,False,HuggingFace
qxt,Santa Ana de Tusi Pasco Quechua,False,False,True,True,2,False,HuggingFace+CommonVoice
qxu,Arequipa-La Unión Quechua,False,False,True,True,2,False,HuggingFace+CommonVoice
qxw,Jauja Wanca Quechua,False,False,True,True,2,False,HuggingFace+CommonVoice
qya,Quenya,False,False,True,False,1,False,HuggingFace
qyp,Quiripi,False,False,True,False,1,False,HuggingFace
raa,Dungmali,False,False,True,False,1,False,HuggingFace
rab,Camling,False,False,True,False,1,False,HuggingFace
rac,Rasawa,False,False,True,False,1,False,HuggingFace
rad,Rade,False,True,True,False,2,False,FineWeb-2+HuggingFace
raf,Western Meohang,False,False,True,False,1,False,HuggingFace
rag,Logooli,False,False,True,False,1,False,HuggingFace
rah,Rabha,False,False,True,False,1,False,HuggingFace
rai,Ramoaaina,False,True,True,False,2,False,FineWeb-2+HuggingFace
raj,Rajasthani,True,False,True,False,1,False,HuggingFace
rak,Tulu-Bohuai,False,False,True,False,1,False,HuggingFace
ral,Ralte,False,False,True,False,1,False,HuggingFace
ram,Canela,False,False,True,False,1,False,HuggingFace
ran,Riantana,False,False,True,False,1,False,HuggingFace
rao,Rao,False,False,True,False,1,False,HuggingFace
rap,Rapanui,False,True,True,False,2,False,FineWeb-2+HuggingFace
raq,Saam,False,False,True,False,1,False,HuggingFace
rar,Rarotongan,False,True,True,False,2,False,FineWeb-2+HuggingFace
ras,Tegali,False,False,True,False,1,False,HuggingFace
rat,Razajerdi,False,False,True,False,1,False,HuggingFace
rau,Raute,False,False,True,False,1,False,HuggingFace
rav,Sampang,False,True,True,False,2,False,FineWeb-2+HuggingFace
raw,Rawang,False,True,True,False,2,False,FineWeb-2+HuggingFace
rax,Rang,False,False,True,False,1,False,HuggingFace
ray,Rapa,False,False,True,False,1,False,HuggingFace
raz,Rahambuu,False,False,True,False,1,False,HuggingFace
rbb,Rumai Palaung,False,False,True,False,1,False,HuggingFace
rbk,Northern Bontok,False,False,True,False,1,False,HuggingFace
rbl,Miraya Bikol,False,False,True,False,1,False,HuggingFace
rbp,Barababaraba,False,False,True,False,1,False,HuggingFace
rcf,Réunion Creole French,False,True,True,False,2,False,FineWeb-2+HuggingFace
rdb,Rudbari,False,False,True,False,1,False,HuggingFace
rea,Rerau,False,False,True,False,1,False,HuggingFace
reb,Rembong,False,False,True,False,1,False,HuggingFace
ree,Rejang Kayan,False,False,True,False,1,False,HuggingFace
reg,Kara (Tanzania),False,False,True,False,1,False,HuggingFace
rei,Reli,False,False,True,False,1,False,HuggingFace
rej,Rejang,False,True,True,False,2,False,FineWeb-2+HuggingFace
rel,Rendille,False,True,True,False,2,False,FineWeb-2+HuggingFace
rem,Remo,False,False,True,False,1,False,HuggingFace
ren,Rengao,False,False,True,False,1,False,HuggingFace
rer,Rer Bare,False,False,True,False,1,False,HuggingFace
res,Reshe,False,False,True,False,1,False,HuggingFace
ret,Retta,False,False,True,False,1,False,HuggingFace
rey,Reyesano,False,False,True,False,1,False,HuggingFace
rga,Roria,False,False,True,False,1,False,HuggingFace
rge,Romano-Greek,False,False,True,False,1,False,HuggingFace
rgk,Rangkas,False,False,True,False,1,False,HuggingFace
rgn,Romagnol,False,False,True,False,1,False,HuggingFace
rgr,Resígaro,False,False,True,False,1,False,HuggingFace
rgs,Southern Roglai,False,False,True,False,1,False,HuggingFace
rgu,Ringgou,False,True,True,False,2,False,FineWeb-2+HuggingFace
rhg,Rohingya,False,True,True,False,2,False,FineWeb-2+HuggingFace
rhp,Yahang,False,False,True,False,1,False,HuggingFace
ria,Riang (India),False,True,True,False,2,False,FineWeb-2+HuggingFace
rib,Bribri Sign Language,False,False,True,False,1,False,HuggingFace
rif,Tarifit,False,False,True,True,2,False,HuggingFace+CommonVoice
ril,Riang Lang,False,False,True,False,1,False,HuggingFace
rim,Nyaturu,False,True,True,False,2,False,FineWeb-2+HuggingFace
rin,Nungu,False,False,True,False,1,False,HuggingFace
rir,Ribun,False,False,True,False,1,False,HuggingFace
rit,Ritharrngu,False,False,True,False,1,False,HuggingFace
riu,Riung,False,False,True,False,1,False,HuggingFace
rjg,Rajong,False,False,True,False,1,False,HuggingFace
rji,Raji,False,False,True,False,1,False,HuggingFace
rjs,Rajbanshi,False,True,True,False,2,False,FineWeb-2+HuggingFace
rka,Kraol,False,False,True,False,1,False,HuggingFace
rkb,Rikbaktsa,False,True,True,False,2,False,FineWeb-2+HuggingFace
rkh,Rakahanga-Manihiki,False,False,True,False,1,False,HuggingFace
rki,Rakhine,False,False,True,True,2,False,HuggingFace+CommonVoice
rkm,Marka,False,False,True,False,1,False,HuggingFace
rkt,Rangpuri,False,False,True,False,1,False,HuggingFace
rkw,Arakwal,False,False,True,False,1,False,HuggingFace
rma,Rama,False,False,True,False,1,False,HuggingFace
rmb,Rembarrnga,False,False,True,False,1,False,HuggingFace
rmc,Carpathian Romani,False,True,True,False,2,False,FineWeb-2+HuggingFace
rmd,Traveller Danish,False,False,True,False,1,False,HuggingFace
rme,Angloromani,False,True,True,False,2,False,FineWeb-2+HuggingFace
rmf,Kalo Finnish Romani,False,False,True,False,1,False,HuggingFace
rmg,Traveller Norwegian,False,False,True,False,1,False,HuggingFace
rmh,Murkim,False,False,True,False,1,False,HuggingFace
rmi,Lomavren,False,False,True,False,1,False,HuggingFace
rmk,Romkun,False,False,True,False,1,False,HuggingFace
rml,Baltic Romani,False,True,True,False,2,False,FineWeb-2+HuggingFace
rmm,Roma,False,False,True,False,1,False,HuggingFace
rmn,Balkan Romani,False,True,True,False,2,False,FineWeb-2+HuggingFace
rmo,Sinte Romani,False,True,True,False,2,False,FineWeb-2+HuggingFace
rmp,Rempi,False,False,True,False,1,False,HuggingFace
rmq,Caló,False,True,True,False,2,False,FineWeb-2+HuggingFace
rms,Romanian Sign Language,False,False,True,False,1,False,HuggingFace
rmt,Domari,False,False,True,False,1,False,HuggingFace
rmu,Tavringer Romani,False,False,True,False,1,False,HuggingFace
rmv,Romanova,False,False,True,False,1,False,HuggingFace
rmw,Welsh Romani,False,False,True,False,1,False,HuggingFace
rmx,Romam,False,False,True,False,1,False,HuggingFace
rmy,Vlax Romani,False,True,True,False,2,False,FineWeb-2+HuggingFace
rmz,Marma,False,False,True,False,1,False,HuggingFace
rnb,Brunca Sign Language,False,False,True,False,1,False,HuggingFace
rnd,Ruund,False,True,True,False,2,False,FineWeb-2+HuggingFace
rng,Ronga,False,True,True,False,2,False,FineWeb-2+HuggingFace
rnl,Ranglong,False,True,True,False,2,False,FineWeb-2+HuggingFace
rnn,Roon,False,False,True,False,1,False,HuggingFace
rnp,Rongpo,False,False,True,False,1,False,HuggingFace
rnr,Nari Nari,False,False,True,False,1,False,HuggingFace
rnw,Rungwa,False,False,True,False,1,False,HuggingFace
rob,Tae',False,False,True,False,1,False,HuggingFace
roc,Cacgia Roglai,False,False,True,False,1,False,HuggingFace
rod,Rogo,False,False,True,False,1,False,HuggingFace
roe,Ronji,False,False,True,False,1,False,HuggingFace
rof,Rombo,False,False,True,True,2,False,HuggingFace+CommonVoice
rog,Northern Roglai,False,False,True,False,1,False,HuggingFace
roh,Romansh,False,True,True,True,3,False,FineWeb-2+HuggingFace+CommonVoice
rol,Romblomanon,False,False,True,False,1,False,HuggingFace
rom,Romany,True,False,True,False,1,False,HuggingFace
ron,Romanian,False,True,True,True,3,False,FineWeb-2+HuggingFace+CommonVoice
roo,Rotokas,False,True,True,False,2,False,FineWeb-2+HuggingFace
rop,Kriol,False,True,True,False,2,False,FineWeb-2+HuggingFace
ror,Rongga,False,False,True,False,1,False,HuggingFace
rou,Runga,False,False,True,False,1,False,HuggingFace
row,Dela-Oenale,False,True,True,False,2,False,FineWeb-2+HuggingFace
rpn,Repanbitip,False,False,True,False,1,False,HuggingFace
rpt,Rapting,False,False,True,False,1,False,HuggingFace
rri,Ririo,False,False,True,False,1,False,HuggingFace
rrm,Moriori,False,False,False,False,0,False,NONE
rro,Waima,False,True,True,False,2,False,FineWeb-2+HuggingFace
rrt,Arritinngithigh,False,False,True,False,1,False,HuggingFace
rsb,Romano-Serbian,False,False,True,False,1,False,HuggingFace
rsk,Ruthenian,False,False,True,False,1,False,HuggingFace
rsl,Russian Sign Language,False,False,True,False,1,False,HuggingFace
rsm,Miriwoong Sign Language,False,False,True,False,1,False,HuggingFace
rsn,Rwandan Sign Language,False,False,True,False,1,False,HuggingFace
rsw,Rishiwa,False,False,True,False,1,False,HuggingFace
rtc,Rungtu Chin,False,False,True,False,1,False,HuggingFace
rth,Ratahan,False,False,True,False,1,False,HuggingFace
rtm,Rotuman,False,True,True,False,2,False,FineWeb-2+HuggingFace
rts,Yurats,False,False,True,False,1,False,HuggingFace
rtw,Rathawi,False,False,True,False,1,False,HuggingFace
rub,Gungu,False,True,True,False,2,False,FineWeb-2+HuggingFace
ruc,Ruuli,False,False,True,True,2,False,HuggingFace+CommonVoice
rue,Rusyn,False,True,True,False,2,False,FineWeb-2+HuggingFace
ruf,Luguru,False,True,True,False,2,False,FineWeb-2+HuggingFace
rug,Roviana,False,True,True,False,2,False,FineWeb-2+HuggingFace
ruh,Ruga,False,False,True,False,1,False,HuggingFace
rui,Rufiji,False,False,True,False,1,False,HuggingFace
ruk,Che,False,False,True,False,1,False,HuggingFace
run,Rundi,False,True,True,True,3,False,FineWeb-2+HuggingFace+CommonVoice
ruo,Istro Romanian,False,False,True,False,1,False,HuggingFace
rup,Macedo-Romanian,False,True,True,True,3,False,FineWeb-2+HuggingFace+CommonVoice
ruq,Megleno Romanian,False,False,True,False,1,False,HuggingFace
rus,Russian,False,True,True,True,3,False,FineWeb-2+HuggingFace+CommonVoice
rut,Rutul,False,False,True,False,1,False,HuggingFace
ruu,Lanas Lobu,False,False,True,False,1,False,HuggingFace
ruy,Mala (Nigeria),False,False,True,False,1,False,HuggingFace
ruz,Ruma,False,False,True,False,1,False,HuggingFace
rwa,Rawo,False,False,True,False,1,False,HuggingFace
rwk,Rwa,False,False,True,False,1,False,HuggingFace
rwl,Ruwila,False,False,True,False,1,False,HuggingFace
rwm,Amba (Uganda),False,False,True,True,2,False,HuggingFace+CommonVoice
rwo,Rawa,False,True,True,False,2,False,FineWeb-2+HuggingFace
rwr,Marwari (India),False,False,True,False,1,False,HuggingFace
rxd,Ngardi,False,False,True,False,1,False,HuggingFace
rxw,Karuwali,False,False,True,False,1,False,HuggingFace
ryn,Northern Amami-Oshima,False,False,True,False,1,False,HuggingFace
rys,Yaeyama,False,False,True,False,1,False,HuggingFace
ryu,Central Okinawan,False,False,True,False,1,False,HuggingFace
rzh,Rāziḥī,False,False,True,False,1,False,HuggingFace
saa,Saba,False,False,True,False,1,False,HuggingFace
sab,Buglere,False,True,True,False,2,False,FineWeb-2+HuggingFace
sac,Meskwaki,False,False,True,False,1,False,HuggingFace
sad,Sandawe,False,False,True,False,1,False,HuggingFace
sae,Sabanê,False,False,True,False,1,False,HuggingFace
saf,Safaliba,False,False,True,False,1,False,HuggingFace
sag,Sango,False,True,True,True,3,False,FineWeb-2+HuggingFace+CommonVoice
sah,Yakut,False,True,True,True,3,False,FineWeb-2+HuggingFace+CommonVoice
saj,Sahu,False,False,True,False,1,False,HuggingFace
sak,Sake,False,False,True,False,1,False,HuggingFace
sam,Samaritan Aramaic,False,False,True,False,1,False,HuggingFace
san,Sanskrit,True,True,True,False,2,False,FineWeb-2+HuggingFace
sao,Sause,False,False,True,False,1,False,HuggingFace
saq,Samburu,False,False,True,False,1,False,HuggingFace
sar,Saraveca,False,False,True,False,1,False,HuggingFace
sas,Sasak,False,True,True,False,2,False,FineWeb-2+HuggingFace
sat,Santali,False,True,True,True,3,False,FineWeb-2+HuggingFace+CommonVoice
sau,Saleman,False,False,True,False,1,False,HuggingFace
sav,Saafi-Saafi,False,False,True,False,1,False,HuggingFace
saw,Sawi,False,False,True,False,1,False,HuggingFace
sax,Sa,False,False,True,False,1,False,HuggingFace
say,Saya,False,False,True,False,1,False,HuggingFace
saz,Saurashtra,False,False,True,False,1,False,HuggingFace
sba,Ngambay,False,True,True,True,3,False,FineWeb-2+HuggingFace+CommonVoice
sbb,Simbo,False,False,True,False,1,False,HuggingFace
sbc,Kele (Papua New Guinea),False,False,True,False,1,False,HuggingFace
sbd,Southern Samo,False,True,True,False,2,False,FineWeb-2+HuggingFace
sbe,Saliba,False,True,True,False,2,False,FineWeb-2+HuggingFace
sbf,Chabu,False,False,True,False,1,False,HuggingFace
sbg,Seget,False,False,True,False,1,False,HuggingFace
sbh,Sori-Harengan,False,False,True,False,1,False,HuggingFace
sbi,Seti,False,False,True,False,1,False,HuggingFace
sbj,Surbakhal,False,False,True,False,1,False,HuggingFace
sbk,Safwa,False,False,True,False,1,False,HuggingFace
sbl,Botolan Sambal,False,True,True,False,2,False,FineWeb-2+HuggingFace
sbm,Sagala,False,False,True,False,1,False,HuggingFace
sbn,Sindhi Bhil,False,False,True,True,2,False,HuggingFace+CommonVoice
sbo,Sabüm,False,False,True,False,1,False,HuggingFace
sbp,Sangu (Tanzania),False,False,True,False,1,False,HuggingFace
sbq,Sileibi,False,False,True,False,1,False,HuggingFace
sbr,Sembakung Murut,False,False,True,False,1,False,HuggingFace
sbs,Subiya,False,True,True,False,2,False,FineWeb-2+HuggingFace
sbt,Kimki,False,False,True,False,1,False,HuggingFace
sbu,Stod Bhoti,False,False,True,False,1,False,HuggingFace
sbv,Sabine,False,False,True,False,1,False,HuggingFace
sbw,Simba,False,False,True,False,1,False,HuggingFace
sbx,Seberuang,False,False,True,False,1,False,HuggingFace
sby,Soli,False,True,True,False,2,False,FineWeb-2+HuggingFace
sbz,Sara Kaba,False,False,True,False,1,False,HuggingFace
scb,Chut,False,False,True,False,1,False,HuggingFace
sce,Dongxiang,False,False,True,False,1,False,HuggingFace
scf,San Miguel Creole French,False,False,True,False,1,False,HuggingFace
scg,Sanggau,False,False,True,False,1,False,HuggingFace
sch,Sakachep,False,False,True,False,1,False,HuggingFace
sci,Sri Lankan Creole Malay,False,False,True,False,1,False,HuggingFace
sck,Sadri,False,True,True,False,2,False,FineWeb-2+HuggingFace
scl,Shina,False,False,True,True,2,False,HuggingFace+CommonVoice
scn,Sicilian,False,True,True,True,3,False,FineWeb-2+HuggingFace+CommonVoice
sco,Scots,False,True,True,True,3,False,FineWeb-2+HuggingFace+CommonVoice
scp,Hyolmo,False,False,True,False,1,False,HuggingFace
scq,Sa'och,False,False,True,False,1,False,HuggingFace
scs,North Slavey,False,False,True,False,1,False,HuggingFace
sct,Southern Katang,False,False,True,False,1,False,HuggingFace
scu,Shumcho,False,False,True,False,1,False,HuggingFace
scv,Sheni,False,False,True,False,1,False,HuggingFace
scw,Sha,False,False,True,False,1,False,HuggingFace
scx,Sicel,False,False,True,False,1,False,HuggingFace
scz,Shaetlan,False,False,False,False,0,False,NONE
sda,Toraja-Sa'dan,False,True,True,False,2,False,FineWeb-2+HuggingFace
sdb,Shabak,False,False,True,False,1,False,HuggingFace
sdc,Sassarese Sardinian,False,True,True,False,2,False,FineWeb-2+HuggingFace
sde,Surubu,False,False,True,False,1,False,HuggingFace
sdf,Sarli,False,False,True,False,1,False,HuggingFace
sdg,Savi,False,False,True,False,1,False,HuggingFace
sdh,Southern Kurdish,False,True,True,True,3,False,FineWeb-2+HuggingFace+CommonVoice
sdj,Suundi,False,False,True,False,1,False,HuggingFace
sdk,Sos Kundi,False,False,True,False,1,False,HuggingFace
sdl,Saudi Arabian Sign Language,False,False,True,False,1,False,HuggingFace
sdn,Gallurese Sardinian,False,False,True,False,1,False,HuggingFace
sdo,Bukar-Sadung Bidayuh,False,True,True,True,3,False,FineWeb-2+HuggingFace+CommonVoice
sdp,Sherdukpen,False,False,True,False,1,False,HuggingFace
sdq,Semandang,False,True,True,False,2,False,FineWeb-2+HuggingFace
sdr,Oraon Sadri,False,False,True,False,1,False,HuggingFace
sds,Sened,False,False,True,False,1,False,HuggingFace
sdt,Shuadit,False,False,True,False,1,False,HuggingFace
sdu,Sarudu,False,False,True,False,1,False,HuggingFace
sdx,Sibu Melanau,False,False,True,False,1,False,HuggingFace
sdz,Sallands,False,False,True,False,1,False,HuggingFace
sea,Semai,False,False,True,False,1,False,HuggingFace
seb,Shempire Senoufo,False,False,True,False,1,False,HuggingFace
sec,Sechelt,False,False,True,False,1,False,HuggingFace
sed,Sedang,False,False,True,False,1,False,HuggingFace
see,Seneca,False,False,True,False,1,False,HuggingFace
sef,Cebaara Senoufo,False,False,True,False,1,False,HuggingFace
seg,Segeju,False,False,True,False,1,False,HuggingFace
seh,Sena,False,True,True,True,3,False,FineWeb-2+HuggingFace+CommonVoice
sei,Seri,False,False,True,True,2,False,HuggingFace+CommonVoice
sej,Sene,False,False,True,False,1,False,HuggingFace
sek,Sekani,False,False,True,False,1,False,HuggingFace
sel,Selkup,False,False,True,False,1,False,HuggingFace
sen,Nanerigé Sénoufo,False,False,True,False,1,False,HuggingFace
seo,Suarmin,False,False,True,False,1,False,HuggingFace
sep,Sìcìté Sénoufo,False,False,True,False,1,False,HuggingFace
seq,Senara Sénoufo,False,False,True,False,1,False,HuggingFace
ser,Serrano,False,False,True,False,1,False,HuggingFace
ses,Koyraboro Senni Songhai,False,True,True,False,2,False,FineWeb-2+HuggingFace
set,Sentani,False,False,True,False,1,False,HuggingFace
seu,Serui-Laut,False,False,True,False,1,False,HuggingFace
sev,Nyarafolo Senoufo,False,False,True,False,1,False,HuggingFace
sew,Sewa Bay,False,False,True,False,1,False,HuggingFace
sey,Secoya,False,True,True,False,2,False,FineWeb-2+HuggingFace
sez,Senthang Chin,False,False,True,False,1,False,HuggingFace
sfb,Langue des signes de Belgique Francophone,False,False,True,False,1,False,HuggingFace
sfe,Eastern Subanen,False,False,True,False,1,False,HuggingFace
sfm,Small Flowery Miao,False,False,True,False,1,False,HuggingFace
sfs,South African Sign Language,False,False,True,False,1,False,HuggingFace
sfw,Sehwi,False,True,True,False,2,False,FineWeb-2+HuggingFace
sga,Old Irish (to 900),False,False,True,False,1,False,HuggingFace
sgb,Mag-antsi Ayta,False,True,True,False,2,False,FineWeb-2+HuggingFace
sgc,Kipsigis,False,True,True,False,2,False,FineWeb-2+HuggingFace
sgd,Surigaonon,False,False,True,False,1,False,HuggingFace
sge,Segai,False,False,True,False,1,False,HuggingFace
sgg,Swiss-German Sign Language,False,False,True,False,1,False,HuggingFace
sgh,Shughni,False,True,True,False,2,False,FineWeb-2+HuggingFace
sgi,Suga,False,False,True,False,1,False,HuggingFace
sgj,Surgujia,False,False,True,False,1,False,HuggingFace
sgk,Sangkong,False,False,True,False,1,False,HuggingFace
sgm,Singa,False,False,True,False,1,False,HuggingFace
sgp,Singpho,False,False,True,False,1,False,HuggingFace
sgr,Sangisari,False,False,True,False,1,False,HuggingFace
sgs,Samogitian,False,True,True,False,2,False,FineWeb-2+HuggingFace
sgt,Brokpake,False,False,True,False,1,False,HuggingFace
sgu,Salas,False,False,True,False,1,False,HuggingFace
sgw,Sebat Bet Gurage,False,True,True,False,2,False,FineWeb-2+HuggingFace
sgx,Sierra Leone Sign Language,False,False,True,False,1,False,HuggingFace
sgy,Sanglechi,False,False,True,False,1,False,HuggingFace
sgz,Sursurunga,False,True,True,False,2,False,FineWeb-2+HuggingFace
sha,Shall-Zwall,False,False,True,False,1,False,HuggingFace
shb,Ninam,False,False,True,False,1,False,HuggingFace
shc,Sonde,False,False,True,False,1,False,HuggingFace
shd,Kundal Shahi,False,False,True,False,1,False,HuggingFace
she,Sheko,False,False,True,False,1,False,HuggingFace
shg,Shua,False,False,True,False,1,False,HuggingFace
shh,Shoshoni,False,False,True,False,1,False,HuggingFace
shi,Tachelhit,False,True,True,True,3,False,FineWeb-2+HuggingFace+CommonVoice
shj,Shatt,False,False,True,False,1,False,HuggingFace
shk,Shilluk,False,True,True,False,2,False,FineWeb-2+HuggingFace
shl,Shendu,False,False,True,False,1,False,HuggingFace
shm,Shahrudi,False,False,True,False,1,False,HuggingFace
shn,Shan,False,True,True,True,3,False,FineWeb-2+HuggingFace+CommonVoice
sho,Shanga,False,False,True,False,1,False,HuggingFace
shp,Shipibo-Conibo,False,True,True,False,2,False,FineWeb-2+HuggingFace
shq,Sala,False,False,True,False,1,False,HuggingFace
shr,Shi,False,False,True,False,1,False,HuggingFace
shs,Shuswap,False,False,True,False,1,False,HuggingFace
sht,Shasta,False,False,True,False,1,False,HuggingFace
shu,Chadian Arabic,False,True,True,False,2,False,FineWeb-2+HuggingFace
shv,Shehri,False,False,True,False,1,False,HuggingFace
shw,Shwai,False,False,True,False,1,False,HuggingFace
shx,She,False,False,True,False,1,False,HuggingFace
shy,Tachawit,False,False,True,False,1,False,HuggingFace
shz,Syenara Senoufo,False,False,True,False,1,False,HuggingFace
sia,Akkala Sami,False,False,True,False,1,False,HuggingFace
sib,Sebop,False,False,True,False,1,False,HuggingFace
sid,Sidamo,False,True,True,False,2,False,FineWeb-2+HuggingFace
sie,Simaa,False,False,True,False,1,False,HuggingFace
sif,Siamou,False,False,True,False,1,False,HuggingFace
sig,Paasaal,False,True,True,False,2,False,FineWeb-2+HuggingFace
sih,Zire,False,False,True,False,1,False,HuggingFace
sii,Shom Peng,False,False,True,False,1,False,HuggingFace
sij,Numbami,False,False,True,False,1,False,HuggingFace
sik,Sikiana,False,False,True,False,1,False,HuggingFace
sil,Tumulung Sisaala,False,True,True,False,2,False,FineWeb-2+HuggingFace
sim,Mende (Papua New Guinea),False,True,True,False,2,False,FineWeb-2+HuggingFace
sin,Sinhala,False,True,True,True,3,False,FineWeb-2+HuggingFace+CommonVoice
sip,Sikkimese,False,False,True,False,1,False,HuggingFace
siq,Sonia,False,False,True,False,1,False,HuggingFace
sir,Siri,False,False,True,False,1,False,HuggingFace
sis,Siuslaw,False,False,True,False,1,False,HuggingFace
siu,Sinagen,False,False,True,False,1,False,HuggingFace
siv,Sumariup,False,False,True,False,1,False,HuggingFace
siw,Siwai,False,False,True,False,1,False,HuggingFace
six,Sumau,False,False,True,False,1,False,HuggingFace
siy,Sivandi,False,False,True,False,1,False,HuggingFace
siz,Siwi,False,False,True,False,1,False,HuggingFace
sja,Epena,False,True,True,False,2,False,FineWeb-2+HuggingFace
sjb,Sajau Basap,False,False,True,False,1,False,HuggingFace
sjc,Shaojiang Chinese,False,False,False,False,0,False,NONE
sjd,Kildin Sami,False,False,True,False,1,False,HuggingFace
sje,Pite Sami,False,False,True,False,1,False,HuggingFace
sjg,Assangori,False,False,True,False,1,False,HuggingFace
sjk,Kemi Sami,False,False,True,False,1,False,HuggingFace
sjl,Sajalong,False,False,True,False,1,False,HuggingFace
sjm,Mapun,False,False,True,False,1,False,HuggingFace
sjn,Sindarin,False,False,True,False,1,False,HuggingFace
sjo,Xibe,False,True,True,False,2,False,FineWeb-2+HuggingFace
sjp,Surjapuri,False,False,True,False,1,False,HuggingFace
sjr,Siar-Lak,False,False,True,False,1,False,HuggingFace
sjs,Senhaja De Srair,False,False,True,False,1,False,HuggingFace
sjt,Ter Sami,False,False,True,False,1,False,HuggingFace
sju,Ume Sami,False,True,True,False,2,False,FineWeb-2+HuggingFace
sjw,Shawnee,False,False,True,False,1,False,HuggingFace
ska,Skagit,False,False,True,False,1,False,HuggingFace
skb,Saek,False,False,True,False,1,False,HuggingFace
skc,Ma Manda,False,False,True,False,1,False,HuggingFace
skd,Southern Sierra Miwok,False,False,True,False,1,False,HuggingFace
ske,Seke (Vanuatu),False,False,True,False,1,False,HuggingFace
skf,Sakirabiá,False,False,True,False,1,False,HuggingFace
skg,Sakalava Malagasy,False,True,True,False,2,False,FineWeb-2+HuggingFace
skh,Sikule,False,False,True,False,1,False,HuggingFace
ski,Sika,False,False,True,False,1,False,HuggingFace
skj,Seke (Nepal),False,False,True,False,1,False,HuggingFace
skm,Kutong,False,False,True,False,1,False,HuggingFace
skn,Kolibugan Subanon,False,False,True,False,1,False,HuggingFace
sko,Seko Tengah,False,False,True,False,1,False,HuggingFace
skp,Sekapan,False,False,True,False,1,False,HuggingFace
skq,Sininkere,False,False,True,False,1,False,HuggingFace
skr,Saraiki,False,True,True,True,3,False,FineWeb-2+HuggingFace+CommonVoice
sks,Maia,False,False,True,False,1,False,HuggingFace
skt,Sakata,False,False,True,False,1,False,HuggingFace
sku,Sakao,False,False,True,False,1,False,HuggingFace
skv,Skou,False,False,True,False,1,False,HuggingFace
skw,Skepi Creole Dutch,False,False,True,False,1,False,HuggingFace
skx,Seko Padang,False,False,True,False,1,False,HuggingFace
sky,Sikaiana,False,False,True,False,1,False,HuggingFace
skz,Sekar,False,False,True,False,1,False,HuggingFace
slc,Sáliba,False,False,True,False,1,False,HuggingFace
sld,Sissala,False,True,True,False,2,False,FineWeb-2+HuggingFace
sle,Sholaga,False,False,True,False,1,False,HuggingFace
slf,Swiss-Italian Sign Language,False,False,True,False,1,False,HuggingFace
slg,Selungai Murut,False,False,True,False,1,False,HuggingFace
slh,Southern Puget Sound Salish,False,False,True,False,1,False,HuggingFace
sli,Lower Silesian,False,False,True,False,1,False,HuggingFace
slj,Salumá,False,False,True,False,1,False,HuggingFace
slk,Slovak,False,True,True,True,3,False,FineWeb-2+HuggingFace+CommonVoice
sll,Salt-Yui,False,True,True,False,2,False,FineWeb-2+HuggingFace
slm,Pangutaran Sama,False,False,True,False,1,False,HuggingFace
sln,Salinan,False,False,True,False,1,False,HuggingFace
slp,Lamaholot,False,False,True,False,1,False,HuggingFace
slr,Salar,False,False,True,False,1,False,HuggingFace
sls,Singapore Sign Language,False,False,True,False,1,False,HuggingFace
slt,Sila,False,False,True,False,1,False,HuggingFace
slu,Selaru,False,False,True,False,1,False,HuggingFace
slv,Slovenian,False,True,True,True,3,False,FineWeb-2+HuggingFace+CommonVoice
slw,Sialum,False,False,True,False,1,False,HuggingFace
slx,Salampasu,False,False,True,False,1,False,HuggingFace
sly,Selayar,False,False,True,False,1,False,HuggingFace
slz,Ma'ya,False,False,True,False,1,False,HuggingFace
sma,Southern Sami,False,True,True,False,2,False,FineWeb-2+HuggingFace
smb,Simbari,False,False,True,False,1,False,HuggingFace
smc,Som,False,False,True,False,1,False,HuggingFace
sme,Northern Sami,False,True,True,False,2,False,FineWeb-2+HuggingFace
smf,Auwe,False,False,True,False,1,False,HuggingFace
smg,Simbali,False,False,True,False,1,False,HuggingFace
smh,Samei,False,False,True,False,1,False,HuggingFace
smj,Lule Sami,False,True,True,False,2,False,FineWeb-2+HuggingFace
smk,Bolinao,False,True,True,False,2,False,FineWeb-2+HuggingFace
sml,Central Sama,False,True,True,False,2,False,FineWeb-2+HuggingFace
smm,Musasa,False,False,True,False,1,False,HuggingFace
smn,Inari Sami,False,True,True,False,2,False,FineWeb-2+HuggingFace
smo,Samoan,False,True,True,False,2,False,FineWeb-2+HuggingFace
smp,Samaritan,False,False,True,False,1,False,HuggingFace
smq,Samo,False,False,True,False,1,False,HuggingFace
smr,Simeulue,False,False,True,False,1,False,HuggingFace
sms,Skolt Sami,False,True,True,False,2,False,FineWeb-2+HuggingFace
smt,Simte,False,True,True,False,2,False,FineWeb-2+HuggingFace
smu,Somray,False,False,True,False,1,False,HuggingFace
smv,Samvedi,False,False,True,False,1,False,HuggingFace
smw,Sumbawa,False,False,True,False,1,False,HuggingFace
smx,Samba,False,False,True,False,1,False,HuggingFace
smy,Semnani,False,False,True,False,1,False,HuggingFace
smz,Simeku,False,False,True,False,1,False,HuggingFace
sna,Shona,False,True,True,True,3,False,FineWeb-2+HuggingFace+CommonVoice
snc,Sinaugoro,False,True,True,False,2,False,FineWeb-2+HuggingFace
snd,Sindhi,False,True,True,True,3,False,FineWeb-2+HuggingFace+CommonVoice
sne,Bau Bidayuh,False,False,True,False,1,False,HuggingFace
snf,Noon,False,True,True,False,2,False,FineWeb-2+HuggingFace
sng,Sanga (Democratic Republic of Congo),False,False,True,False,1,False,HuggingFace
sni,Sensi,False,False,True,False,1,False,HuggingFace
snj,Riverain Sango,False,False,True,False,1,False,HuggingFace
snk,Soninke,False,False,True,True,2,False,HuggingFace+CommonVoice
snl,Sangil,False,False,True,False,1,False,HuggingFace
snm,Southern Ma'di,False,False,True,False,1,False,HuggingFace
snn,Siona,False,True,True,False,2,False,FineWeb-2+HuggingFace
sno,Snohomish,False,False,True,False,1,False,HuggingFace
snp,Siane,False,True,True,False,2,False,FineWeb-2+HuggingFace
snq,Sangu (Gabon),False,False,True,False,1,False,HuggingFace
snr,Sihan,False,False,True,False,1,False,HuggingFace
sns,South West Bay,False,False,True,False,1,False,HuggingFace
snu,Senggi,False,False,True,False,1,False,HuggingFace
snv,Sa'ban,False,False,True,True,2,False,HuggingFace+CommonVoice
snw,Selee,False,True,True,False,2,False,FineWeb-2+HuggingFace
snx,Sam,False,False,True,False,1,False,HuggingFace
sny,Saniyo-Hiyewe,False,True,True,False,2,False,FineWeb-2+HuggingFace
snz,Kou,False,False,True,False,1,False,HuggingFace
soa,Thai Song,False,False,True,False,1,False,HuggingFace
sob,Sobei,False,False,True,False,1,False,HuggingFace
soc,So (Democratic Republic of Congo),False,False,True,False,1,False,HuggingFace
sod,Songoora,False,False,True,False,1,False,HuggingFace
soe,Songomeno,False,True,True,False,2,False,FineWeb-2+HuggingFace
sog,Sogdian,False,False,True,False,1,False,HuggingFace
soh,Aka,False,False,True,False,1,False,HuggingFace
soi,Sonha,False,False,True,False,1,False,HuggingFace
soj,Soi,False,False,True,False,1,False,HuggingFace
sok,Sokoro,False,False,True,False,1,False,HuggingFace
sol,Solos,False,False,True,False,1,False,HuggingFace
som,Somali,False,True,True,True,3,False,FineWeb-2+HuggingFace+CommonVoice
soo,Songo,False,False,True,False,1,False,HuggingFace
sop,Songe,False,True,True,False,2,False,FineWeb-2+HuggingFace
soq,Kanasi,False,True,True,False,2,False,FineWeb-2+HuggingFace
sor,Somrai,False,False,True,False,1,False,HuggingFace
sos,Seeku,False,False,True,False,1,False,HuggingFace
sot,Southern Sotho,False,True,True,True,3,False,FineWeb-2+HuggingFace+CommonVoice
sou,Southern Thai,False,False,True,False,1,False,HuggingFace
sov,Sonsorol,False,False,True,False,1,False,HuggingFace
sow,Sowanda,False,False,True,False,1,False,HuggingFace
sox,Swo,False,False,True,False,1,False,HuggingFace
soy,Miyobe,False,True,True,False,2,False,FineWeb-2+HuggingFace
soz,Temi,False,False,True,False,1,False,HuggingFace
spa,Spanish,False,True,True,True,3,False,FineWeb-2+HuggingFace+CommonVoice
spb,Sepa (Indonesia),False,False,True,False,1,False,HuggingFace
spc,Sapé,False,False,True,False,1,False,HuggingFace
spd,Saep,False,False,True,False,1,False,HuggingFace
spe,Sepa (Papua New Guinea),False,False,True,False,1,False,HuggingFace
spg,Sian,False,False,True,False,1,False,HuggingFace
spi,Saponi,False,False,True,False,1,False,HuggingFace
spk,Sengo,False,False,True,False,1,False,HuggingFace
spl,Selepet,False,True,True,False,2,False,FineWeb-2+HuggingFace
spm,Akukem,False,True,True,False,2,False,FineWeb-2+HuggingFace
spn,Sanapaná,False,False,True,False,1,False,HuggingFace
spo,Spokane,False,False,True,False,1,False,HuggingFace
spp,Supyire Senoufo,False,True,True,False,2,False,FineWeb-2+HuggingFace
spq,Loreto-Ucayali Spanish,False,False,True,False,1,False,HuggingFace
spr,Saparua,False,False,True,False,1,False,HuggingFace
sps,Saposa,False,True,True,False,2,False,FineWeb-2+HuggingFace
spt,Spiti Bhoti,False,False,True,False,1,False,HuggingFace
spu,Sapuan,False,False,True,False,1,False,HuggingFace
spv,Sambalpuri,False,False,True,False,1,False,HuggingFace
spx,South Picene,False,False,True,False,1,False,HuggingFace
spy,Sabaot,False,True,True,False,2,False,FineWeb-2+HuggingFace
sqa,Shama-Sambuga,False,False,True,False,1,False,HuggingFace
sqh,Shau,False,False,True,False,1,False,HuggingFace
sqi,Albanian,True,False,True,True,2,True,HuggingFace+CommonVoice
sqk,Albanian Sign Language,False,False,True,False,1,False,HuggingFace
sqm,Suma,False,False,True,False,1,False,HuggingFace
sqn,Susquehannock,False,False,True,False,1,False,HuggingFace
sqo,Sorkhei,False,False,True,False,1,False,HuggingFace
sqq,Sou,False,False,True,False,1,False,HuggingFace
sqr,Siculo Arabic,False,False,True,False,1,False,HuggingFace
sqs,Sri Lankan Sign Language,False,False,True,False,1,False,HuggingFace
sqt,Soqotri,False,False,True,False,1,False,HuggingFace
squ,Squamish,False,False,True,False,1,False,HuggingFace
sqx,Kufr Qassem Sign Language (KQSL),False,False,True,False,1,False,HuggingFace
sra,Saruga,False,False,True,False,1,False,HuggingFace
srb,Sora,False,False,True,False,1,False,HuggingFace
src,Logudorese Sardinian,False,False,True,False,1,False,HuggingFace
srd,Sardinian,True,True,True,True,3,False,FineWeb-2+HuggingFace+CommonVoice
sre,Sara,False,False,True,False,1,False,HuggingFace
srf,Nafi,False,False,True,False,1,False,HuggingFace
srg,Sulod,False,False,True,False,1,False,HuggingFace
srh,Sarikoli,False,False,True,False,1,False,HuggingFace
sri,Siriano,False,True,True,False,2,False,FineWeb-2+HuggingFace
srk,Serudung Murut,False,False,True,False,1,False,HuggingFace
srl,Isirawa,False,False,True,False,1,False,HuggingFace
srm,Saramaccan,False,True,True,False,2,False,FineWeb-2+HuggingFace
srn,Sranan Tongo,False,True,True,False,2,False,FineWeb-2+HuggingFace
sro,Campidanese Sardinian,False,False,True,False,1,False,HuggingFace
srp,Serbian,False,True,True,True,3,False,FineWeb-2+HuggingFace+CommonVoice
srq,Sirionó,False,True,True,False,2,False,FineWeb-2+HuggingFace
srr,Serer,False,True,True,False,2,False,FineWeb-2+HuggingFace
srs,Tsuut'ina,False,False,True,False,1,False,HuggingFace
srt,Sauri,False,False,True,False,1,False,HuggingFace
sru,Suruí,False,False,True,False,1,False,HuggingFace
srv,Southern Sorsoganon,False,False,True,False,1,False,HuggingFace
srw,Serua,False,False,True,False,1,False,HuggingFace
srx,Sirmauri,False,False,True,False,1,False,HuggingFace
sry,Sera,False,False,True,False,1,False,HuggingFace
srz,Shahmirzadi,False,False,True,False,1,False,HuggingFace
ssb,Southern Sama,False,False,True,False,1,False,HuggingFace
ssc,Suba-Simbiti,False,False,True,False,1,False,HuggingFace
ssd,Siroi,False,True,True,False,2,False,FineWeb-2+HuggingFace
sse,Balangingi,False,False,True,False,1,False,HuggingFace
ssf,Thao,False,False,True,False,1,False,HuggingFace
ssg,Seimat,False,True,True,False,2,False,FineWeb-2+HuggingFace
ssh,Shihhi Arabic,False,False,True,False,1,False,HuggingFace
ssi,Sansi,False,False,True,True,2,False,HuggingFace+CommonVoice
ssj,Sausi,False,False,True,False,1,False,HuggingFace
ssk,Sunam,False,False,True,False,1,False,HuggingFace
ssl,Western Sisaala,False,False,True,False,1,False,HuggingFace
ssm,Semnam,False,False,True,False,1,False,HuggingFace
ssn,Waata,False,False,True,False,1,False,HuggingFace
sso,Sissano,False,False,True,False,1,False,HuggingFace
ssp,Spanish Sign Language,False,False,True,False,1,False,HuggingFace
ssq,So'a,False,False,True,False,1,False,HuggingFace
ssr,Swiss-French Sign Language,False,False,True,False,1,False,HuggingFace
sss,Sô,False,False,True,False,1,False,HuggingFace
sst,Sinasina,False,False,True,False,1,False,HuggingFace
ssu,Susuami,False,False,True,False,1,False,HuggingFace
ssv,Shark Bay,False,False,True,False,1,False,HuggingFace
ssw,Swati,False,True,True,True,3,False,FineWeb-2+HuggingFace+CommonVoice
ssx,Samberigi,False,True,True,False,2,False,FineWeb-2+HuggingFace
ssy,Saho,False,False,True,False,1,False,HuggingFace
ssz,Sengseng,False,False,True,False,1,False,HuggingFace
sta,Settla,False,False,True,False,1,False,HuggingFace
stb,Northern Subanen,False,False,True,False,1,False,HuggingFace
std,Sentinel,False,False,True,False,1,False,HuggingFace
ste,Liana-Seti,False,False,True,False,1,False,HuggingFace
stf,Seta,False,False,True,False,1,False,HuggingFace
stg,Trieng,False,False,True,False,1,False,HuggingFace
sth,Shelta,False,False,True,False,1,False,HuggingFace
sti,Bulo Stieng,False,False,True,False,1,False,HuggingFace
stj,Matya Samo,False,False,True,False,1,False,HuggingFace
stk,Arammba,False,False,True,False,1,False,HuggingFace
stl,Stellingwerfs,False,False,True,False,1,False,HuggingFace
stm,Setaman,False,False,True,False,1,False,HuggingFace
stn,Owa,False,True,True,False,2,False,FineWeb-2+HuggingFace
sto,Stoney,False,False,True,False,1,False,HuggingFace
stp,Southeastern Tepehuan,False,True,True,False,2,False,FineWeb-2+HuggingFace
stq,Saterfriesisch,False,True,True,False,2,False,FineWeb-2+HuggingFace
str,Straits Salish,False,False,True,False,1,False,HuggingFace
sts,Shumashti,False,False,True,False,1,False,HuggingFace
stt,Budeh Stieng,False,False,True,False,1,False,HuggingFace
stu,Samtao,False,False,True,False,1,False,HuggingFace
stv,Silt'e,False,False,True,False,1,False,HuggingFace
stw,Satawalese,False,False,True,False,1,False,HuggingFace
sty,Siberian Tatar,False,False,True,False,1,False,HuggingFace
sua,Sulka,False,True,True,False,2,False,FineWeb-2+HuggingFace
sub,Suku,False,False,True,False,1,False,HuggingFace
suc,Western Subanon,False,True,True,False,2,False,FineWeb-2+HuggingFace
sue,Suena,False,True,True,False,2,False,FineWeb-2+HuggingFace
sug,Suganga,False,False,True,False,1,False,HuggingFace
sui,Suki,False,False,True,False,1,False,HuggingFace
suj,Shubi,False,False,True,False,1,False,HuggingFace
suk,Sukuma,False,True,True,False,2,False,FineWeb-2+HuggingFace
sun,Sundanese,False,True,True,True,3,False,FineWeb-2+HuggingFace+CommonVoice
suo,Bouni,False,False,True,False,1,False,HuggingFace
suq,Tirmaga-Chai Suri,False,False,True,False,1,False,HuggingFace
sur,Mwaghavul,False,True,True,False,2,False,FineWeb-2+HuggingFace
sus,Susu,False,True,True,False,2,False,FineWeb-2+HuggingFace
sut,Subtiaba,False,False,True,False,1,False,HuggingFace
suv,Puroik,False,False,True,False,1,False,HuggingFace
suw,Sumbwa,False,False,True,False,1,False,HuggingFace
sux,Sumerian,False,False,True,False,1,False,HuggingFace
suy,Suyá,False,False,True,False,1,False,HuggingFace
suz,Sunwar,False,True,True,False,2,False,FineWeb-2+HuggingFace
sva,Svan,False,False,True,True,2,False,HuggingFace+CommonVoice
svb,Ulau-Suain,False,False,True,False,1,False,HuggingFace
svc,Vincentian Creole English,False,False,True,False,1,False,HuggingFace
sve,Serili,False,False,True,False,1,False,HuggingFace
svk,Slovakian Sign Language,False,False,True,False,1,False,HuggingFace
svm,Slavomolisano,False,False,True,False,1,False,HuggingFace
svs,Savosavo,False,False,True,False,1,False,HuggingFace
svx,Skalvian,False,False,True,False,1,False,HuggingFace
swa,Swahili (macrolanguage),True,False,True,True,2,False,HuggingFace+CommonVoice
swb,Maore Comorian,False,True,True,True,3,False,FineWeb-2+HuggingFace+CommonVoice
swc,Congo Swahili,False,True,True,False,2,False,FineWeb-2+HuggingFace
swe,Swedish,False,True,True,True,3,False,FineWeb-2+HuggingFace+CommonVoice
swf,Sere,False,False,True,False,1,False,HuggingFace
swg,Swabian,False,True,True,False,2,False,FineWeb-2+HuggingFace
swh,Swahili (individual language),False,True,True,False,2,False,FineWeb-2+HuggingFace
swi,Sui,False,False,True,False,1,False,HuggingFace
swj,Sira,False,False,True,False,1,False,HuggingFace
swk,Malawi Sena,False,True,True,False,2,False,FineWeb-2+HuggingFace
swl,Swedish Sign Language,False,False,True,False,1,False,HuggingFace
swm,Samosa,False,False,True,False,1,False,HuggingFace
swn,Sawknah,False,False,True,False,1,False,HuggingFace
swo,Shanenawa,False,False,True,False,1,False,HuggingFace
swp,Suau,False,True,True,False,2,False,FineWeb-2+HuggingFace
swq,Sharwa,False,False,True,False,1,False,HuggingFace
swr,Saweru,False,False,True,False,1,False,HuggingFace
sws,Seluwasan,False,False,True,False,1,False,HuggingFace
swt,Sawila,False,False,True,False,1,False,HuggingFace
swu,Suwawa,False,False,True,False,1,False,HuggingFace
swv,Shekhawati,False,False,True,False,1,False,HuggingFace
sww,Sowa,False,False,True,False,1,False,HuggingFace
swx,Suruahá,False,False,True,False,1,False,HuggingFace
swy,Sarua,False,False,True,False,1,False,HuggingFace
sxb,Suba,False,True,True,False,2,False,FineWeb-2+HuggingFace
sxc,Sicanian,False,False,True,False,1,False,HuggingFace
sxe,Sighu,False,False,True,False,1,False,HuggingFace
sxg,Shuhi,False,False,True,False,1,False,HuggingFace
sxk,Southern Kalapuya,False,False,True,False,1,False,HuggingFace
sxl,Selian,False,False,True,False,1,False,HuggingFace
sxm,Samre,False,False,True,False,1,False,HuggingFace
sxn,Sangir,False,True,True,False,2,False,FineWeb-2+HuggingFace
sxo,Sorothaptic,False,False,True,False,1,False,HuggingFace
sxr,Saaroa,False,False,True,False,1,False,HuggingFace
sxs,Sasaru,False,False,True,False,1,False,HuggingFace
sxu,Upper Saxon,False,False,True,False,1,False,HuggingFace
sxw,Saxwe Gbe,False,False,True,False,1,False,HuggingFace
sya,Siang,False,False,True,False,1,False,HuggingFace
syb,Central Subanen,False,True,True,False,2,False,FineWeb-2+HuggingFace
syc,Classical Syriac,False,True,True,False,2,False,FineWeb-2+HuggingFace
syi,Seki,False,False,True,False,1,False,HuggingFace
syk,Sukur,False,False,True,False,1,False,HuggingFace
syl,Sylheti,False,True,True,False,2,False,FineWeb-2+HuggingFace
sym,Maya Samo,False,False,True,False,1,False,HuggingFace
syn,Senaya,False,False,True,False,1,False,HuggingFace
syo,Suoy,False,False,True,False,1,False,HuggingFace
syr,Syriac,True,False,True,True,2,False,HuggingFace+CommonVoice
sys,Sinyar,False,False,True,False,1,False,HuggingFace
syw,Kagate,False,False,True,False,1,False,HuggingFace
syx,Samay,False,False,True,False,1,False,HuggingFace
syy,Al-Sayyid Bedouin Sign Language,False,False,True,False,1,False,HuggingFace
sza,Semelai,False,False,True,False,1,False,HuggingFace
szb,Ngalum,False,False,True,False,1,False,HuggingFace
szc,Semaq Beri,False,False,True,False,1,False,HuggingFace
sze,Seze,False,False,True,False,1,False,HuggingFace
szg,Sengele,False,False,True,False,1,False,HuggingFace
szl,Silesian,False,True,True,False,2,False,FineWeb-2+HuggingFace
szn,Sula,False,False,True,False,1,False,HuggingFace
szp,Suabo,False,False,True,False,1,False,HuggingFace
szs,Solomon Islands Sign Language,False,False,True,False,1,False,HuggingFace
szv,Isubu,False,False,True,False,1,False,HuggingFace
szw,Sawai,False,False,True,False,1,False,HuggingFace
szy,Sakizaya,False,True,True,True,3,False,FineWeb-2+HuggingFace+CommonVoice
taa,Lower Tanana,False,False,True,False,1,False,HuggingFace
tab,Tabassaran,False,True,True,False,2,False,FineWeb-2+HuggingFace
tac,Lowland Tarahumara,False,True,True,False,2,False,FineWeb-2+HuggingFace
tad,Tause,False,False,True,False,1,False,HuggingFace
tae,Tariana,False,False,True,False,1,False,HuggingFace
taf,Tapirapé,False,False,True,False,1,False,HuggingFace
tag,Tagoi,False,False,True,False,1,False,HuggingFace
tah,Tahitian,False,True,True,True,3,False,FineWeb-2+HuggingFace+CommonVoice
taj,Eastern Tamang,False,True,True,False,2,False,FineWeb-2+HuggingFace
tak,Tala,False,False,True,False,1,False,HuggingFace
tal,Tal,False,False,True,False,1,False,HuggingFace
tam,Tamil,False,True,True,True,3,False,FineWeb-2+HuggingFace+CommonVoice
tan,Tangale,False,False,True,False,1,False,HuggingFace
tao,Yami,False,False,True,False,1,False,HuggingFace
tap,Taabwa,False,True,True,False,2,False,FineWeb-2+HuggingFace
taq,Tamasheq,False,True,True,False,2,False,FineWeb-2+HuggingFace
tar,Central Tarahumara,False,True,True,True,3,False,FineWeb-2+HuggingFace+CommonVoice
tas,Tay Boi,False,False,True,False,1,False,HuggingFace
tat,Tatar,False,True,True,True,3,False,FineWeb-2+HuggingFace+CommonVoice
tau,Upper Tanana,False,False,True,False,1,False,HuggingFace
tav,Tatuyo,False,True,True,False,2,False,FineWeb-2+HuggingFace
taw,Tai,False,True,True,False,2,False,FineWeb-2+HuggingFace
tax,Tamki,False,False,True,False,1,False,HuggingFace
tay,Atayal,False,True,True,True,3,False,FineWeb-2+HuggingFace+CommonVoice
taz,Tocho,False,False,True,False,1,False,HuggingFace
tba,Aikanã,False,False,True,False,1,False,HuggingFace
tbc,Takia,False,True,True,False,2,False,FineWeb-2+HuggingFace
tbd,Kaki Ae,False,False,True,False,1,False,HuggingFace
tbe,Tanimbili,False,False,True,False,1,False,HuggingFace
tbf,Mandara,False,False,True,False,1,False,HuggingFace
tbg,North Tairora,False,True,True,False,2,False,FineWeb-2+HuggingFace
tbh,Dharawal,False,False,True,False,1,False,HuggingFace
tbi,Gaam,False,False,True,False,1,False,HuggingFace
tbj,Tiang,False,False,True,False,1,False,HuggingFace
tbk,Calamian Tagbanwa,False,True,True,False,2,False,FineWeb-2+HuggingFace
tbl,Tboli,False,True,True,False,2,False,FineWeb-2+HuggingFace
tbm,Tagbu,False,False,True,False,1,False,HuggingFace
tbn,Barro Negro Tunebo,False,False,True,False,1,False,HuggingFace
tbo,Tawala,False,True,True,False,2,False,FineWeb-2+HuggingFace
tbp,Taworta,False,False,True,False,1,False,HuggingFace
tbr,Tumtum,False,False,True,False,1,False,HuggingFace
tbs,Tanguat,False,False,True,False,1,False,HuggingFace
tbt,Tembo (Kitembo),False,False,True,False,1,False,HuggingFace
tbu,Tubar,False,False,True,False,1,False,HuggingFace
tbv,Tobo,False,False,True,False,1,False,HuggingFace
tbw,Tagbanwa,False,True,True,False,2,False,FineWeb-2+HuggingFace
tbx,Kapin,False,False,True,False,1,False,HuggingFace
tby,Tabaru,False,True,True,False,2,False,FineWeb-2+HuggingFace
tbz,Ditammari,False,True,True,False,2,False,FineWeb-2+HuggingFace
tca,Ticuna,False,True,True,False,2,False,FineWeb-2+HuggingFace
tcb,Tanacross,False,False,True,False,1,False,HuggingFace
tcc,Datooga,False,True,True,False,2,False,FineWeb-2+HuggingFace
tcd,Tafi,False,False,True,False,1,False,HuggingFace
tce,Southern Tutchone,False,False,True,False,1,False,HuggingFace
tcf,Malinaltepec Me'phaa,False,True,True,False,2,False,FineWeb-2+HuggingFace
tcg,Tamagario,False,False,True,False,1,False,HuggingFace
tch,Turks And Caicos Creole English,False,False,True,False,1,False,HuggingFace
tci,Wára,False,False,True,False,1,False,HuggingFace
tck,Tchitchege,False,False,True,False,1,False,HuggingFace
tcl,Taman (Myanmar),False,False,True,False,1,False,HuggingFace
tcm,Tanahmerah,False,False,True,False,1,False,HuggingFace
tcn,Tichurong,False,False,True,False,1,False,HuggingFace
tco,Taungyo,False,False,True,False,1,False,HuggingFace
tcp,Tawr Chin,False,False,True,False,1,False,HuggingFace
tcq,Kaiy,False,False,True,False,1,False,HuggingFace
tcs,Torres Strait Creole,False,True,True,False,2,False,FineWeb-2+HuggingFace
tct,T'en,False,False,True,False,1,False,HuggingFace
tcu,Southeastern Tarahumara,False,False,True,False,1,False,HuggingFace
tcw,Tecpatlán Totonac,False,False,True,False,1,False,HuggingFace
tcx,Toda,False,False,True,False,1,False,HuggingFace
tcy,Tulu,False,True,True,False,2,False,FineWeb-2+HuggingFace
tcz,Thado Chin,False,True,True,False,2,False,FineWeb-2+HuggingFace
tda,Tagdal,False,False,True,False,1,False,HuggingFace
tdb,Panchpargania,False,False,True,False,1,False,HuggingFace
tdc,Emberá-Tadó,False,False,True,False,1,False,HuggingFace
tdd,Tai Nüa,False,False,True,False,1,False,HuggingFace
tde,Tiranige Diga Dogon,False,False,True,False,1,False,HuggingFace
tdf,Talieng,False,False,True,False,1,False,HuggingFace
tdg,Western Tamang,False,False,True,False,1,False,HuggingFace
tdh,Thulung,False,False,True,False,1,False,HuggingFace
tdi,Tomadino,False,False,True,False,1,False,HuggingFace
tdj,Tajio,False,False,True,False,1,False,HuggingFace
tdk,Tambas,False,False,True,False,1,False,HuggingFace
tdl,Sur,False,False,True,False,1,False,HuggingFace
tdm,Taruma,False,False,True,False,1,False,HuggingFace
tdn,Tondano,False,False,True,False,1,False,HuggingFace
tdo,Teme,False,False,True,False,1,False,HuggingFace
tdq,Tita,False,False,True,False,1,False,HuggingFace
tdr,Todrah,False,False,True,False,1,False,HuggingFace
tds,Doutai,False,False,True,False,1,False,HuggingFace
tdt,Tetun Dili,False,False,True,False,1,False,HuggingFace
tdv,Toro,False,False,True,False,1,False,HuggingFace
tdx,Tandroy-Mahafaly Malagasy,False,False,True,False,1,False,HuggingFace
tdy,Tadyawan,False,False,True,False,1,False,HuggingFace
tea,Temiar,False,False,True,False,1,False,HuggingFace
teb,Tetete,False,False,True,False,1,False,HuggingFace
tec,Terik,False,False,True,False,1,False,HuggingFace
ted,Tepo Krumen,False,True,True,False,2,False,FineWeb-2+HuggingFace
tee,Huehuetla Tepehua,False,True,True,False,2,False,FineWeb-2+HuggingFace
tef,Teressa,False,False,True,False,1,False,HuggingFace
teg,Teke-Tege,False,False,True,True,2,False,HuggingFace+CommonVoice
teh,Tehuelche,False,False,True,False,1,False,HuggingFace
tei,Torricelli,False,False,True,False,1,False,HuggingFace
tek,Ibali Teke,False,False,True,False,1,False,HuggingFace
tel,Telugu,False,True,True,True,3,False,FineWeb-2+HuggingFace+CommonVoice
tem,Timne,False,True,True,False,2,False,FineWeb-2+HuggingFace
ten,Tama (Colombia),False,False,True,False,1,False,HuggingFace
teo,Teso,False,True,True,False,2,False,FineWeb-2+HuggingFace
tep,Tepecano,False,False,True,False,1,False,HuggingFace
teq,Temein,False,False,True,False,1,False,HuggingFace
ter,Tereno,False,True,True,False,2,False,FineWeb-2+HuggingFace
tes,Tengger,False,False,True,False,1,False,HuggingFace
tet,Tetum,False,True,True,False,2,False,FineWeb-2+HuggingFace
teu,Soo,False,False,True,False,1,False,HuggingFace
tev,Teor,False,False,True,False,1,False,HuggingFace
tew,Tewa (USA),False,True,True,False,2,False,FineWeb-2+HuggingFace
tex,Tennet,False,False,True,False,1,False,HuggingFace
tey,Tulishi,False,False,True,False,1,False,HuggingFace
tez,Tetserret,False,False,True,False,1,False,HuggingFace
tfi,Tofin Gbe,False,False,True,False,1,False,HuggingFace
tfn,Tanaina,False,False,True,False,1,False,HuggingFace
tfo,Tefaro,False,False,True,False,1,False,HuggingFace
tfr,Teribe,False,True,True,False,2,False,FineWeb-2+HuggingFace
tft,Ternate,False,False,True,False,1,False,HuggingFace
tga,Sagalla,False,False,True,False,1,False,HuggingFace
tgb,Tobilung,False,False,True,False,1,False,HuggingFace
tgc,Tigak,False,False,True,False,1,False,HuggingFace
tgd,Ciwogai,False,False,True,False,1,False,HuggingFace
tge,Eastern Gorkha Tamang,False,False,True,False,1,False,HuggingFace
tgf,Chalikha,False,False,True,False,1,False,HuggingFace
tgh,Tobagonian Creole English,False,False,True,False,1,False,HuggingFace
tgi,Lawunuia,False,False,True,False,1,False,HuggingFace
tgj,Tagin,False,False,True,False,1,False,HuggingFace
tgk,Tajik,False,True,True,True,3,False,FineWeb-2+HuggingFace+CommonVoice
tgl,Tagalog,False,False,True,True,2,False,HuggingFace+CommonVoice
tgn,Tandaganon,False,False,True,False,1,False,HuggingFace
tgo,Sudest,False,True,True,False,2,False,FineWeb-2+HuggingFace
tgp,Tangoa,False,True,True,False,2,False,FineWeb-2+HuggingFace
tgq,Tring,False,False,True,False,1,False,HuggingFace
tgr,Tareng,False,False,True,False,1,False,HuggingFace
tgs,Nume,False,False,True,False,1,False,HuggingFace
tgt,Central Tagbanwa,False,False,True,False,1,False,HuggingFace
tgu,Tanggu,False,False,True,False,1,False,HuggingFace
tgv,Tingui-Boto,False,False,True,False,1,False,HuggingFace
tgw,Tagwana Senoufo,False,False,True,False,1,False,HuggingFace
tgx,Tagish,False,False,True,False,1,False,HuggingFace
tgy,Togoyo,False,False,True,False,1,False,HuggingFace
tgz,Tagalaka,False,False,True,False,1,False,HuggingFace
tha,Thai,False,True,True,True,3,False,FineWeb-2+HuggingFace+CommonVoice
thd,Kuuk Thaayorre,False,False,True,False,1,False,HuggingFace
the,Chitwania Tharu,False,False,True,False,1,False,HuggingFace
thf,Thangmi,False,False,True,False,1,False,HuggingFace
thh,Northern Tarahumara,False,False,True,False,1,False,HuggingFace
thi,Tai Long,False,False,True,False,1,False,HuggingFace
thk,Tharaka,False,True,True,False,2,False,FineWeb-2+HuggingFace
thl,Dangaura Tharu,False,True,True,False,2,False,FineWeb-2+HuggingFace
thm,Aheu,False,False,True,False,1,False,HuggingFace
thn,Thachanadan,False,False,True,False,1,False,HuggingFace
thp,Thompson,False,False,True,False,1,False,HuggingFace
thq,Kochila Tharu,False,False,True,False,1,False,HuggingFace
thr,Rana Tharu,False,False,True,False,1,False,HuggingFace
ths,Thakali,False,False,True,False,1,False,HuggingFace
tht,Tahltan,False,False,True,False,1,False,HuggingFace
thu,Thuri,False,False,True,False,1,False,HuggingFace
thv,Tahaggart Tamahaq,False,False,True,False,1,False,HuggingFace
thy,Tha,False,False,True,False,1,False,HuggingFace
thz,Tayart Tamajeq,False,False,True,False,1,False,HuggingFace
tia,Tidikelt Tamazight,False,False,True,False,1,False,HuggingFace
tic,Tira,False,False,True,False,1,False,HuggingFace
tif,Tifal,False,True,True,False,2,False,FineWeb-2+HuggingFace
tig,Tigre,False,True,True,True,3,False,FineWeb-2+HuggingFace+CommonVoice
tih,Timugon Murut,False,True,True,False,2,False,FineWeb-2+HuggingFace
tii,Tiene,False,False,True,False,1,False,HuggingFace
tij,Tilung,False,False,True,False,1,False,HuggingFace
tik,Tikar,False,True,True,False,2,False,FineWeb-2+HuggingFace
til,Tillamook,False,False,True,False,1,False,HuggingFace
tim,Timbe,False,True,True,False,2,False,FineWeb-2+HuggingFace
tin,Tindi,False,False,True,False,1,False,HuggingFace
tio,Teop,False,False,True,False,1,False,HuggingFace
tip,Trimuris,False,False,True,False,1,False,HuggingFace
tiq,Tiéfo,False,False,True,False,1,False,HuggingFace
tir,Tigrinya,False,True,True,True,3,False,FineWeb-2+HuggingFace+CommonVoice
tis,Masadiit Itneg,False,False,True,False,1,False,HuggingFace
tit,Tinigua,False,False,True,False,1,False,HuggingFace
tiu,Adasen,False,False,True,False,1,False,HuggingFace
tiv,Tiv,False,True,True,True,3,False,FineWeb-2+HuggingFace+CommonVoice
tiw,Tiwi,False,False,True,False,1,False,HuggingFace
tix,Southern Tiwa,False,False,True,False,1,False,HuggingFace
tiy,Tiruray,False,True,True,False,2,False,FineWeb-2+HuggingFace
tiz,Tai Hongjin,False,False,True,False,1,False,HuggingFace
tja,Tajuasohn,False,False,True,False,1,False,HuggingFace
tjg,Tunjung,False,False,True,False,1,False,HuggingFace
tji,Northern Tujia,False,False,True,False,1,False,HuggingFace
tjj,Tjungundji,False,False,True,False,1,False,HuggingFace
tjl,Tai Laing,False,False,True,False,1,False,HuggingFace
tjm,Timucua,False,False,True,False,1,False,HuggingFace
tjn,Tonjon,False,False,True,False,1,False,HuggingFace
tjo,Temacine Tamazight,False,False,True,False,1,False,HuggingFace
tjp,Tjupany,False,False,True,False,1,False,HuggingFace
tjs,Southern Tujia,False,False,True,False,1,False,HuggingFace
tju,Tjurruru,False,False,True,False,1,False,HuggingFace
tjw,Djabwurrung,False,False,True,False,1,False,HuggingFace
tka,Truká,False,False,True,False,1,False,HuggingFace
tkb,Buksa,False,False,True,False,1,False,HuggingFace
tkd,Tukudede,False,False,True,False,1,False,HuggingFace
tke,Takwane,False,True,True,False,2,False,FineWeb-2+HuggingFace
tkf,Tukumanféd,False,False,True,False,1,False,HuggingFace
tkg,Tesaka Malagasy,False,False,True,False,1,False,HuggingFace
tkl,Tokelau,False,True,True,False,2,False,FineWeb-2+HuggingFace
tkm,Takelma,False,False,True,False,1,False,HuggingFace
tkn,Toku-No-Shima,False,False,True,False,1,False,HuggingFace
tkp,Tikopia,False,False,True,False,1,False,HuggingFace
tkq,Tee,False,False,True,False,1,False,HuggingFace
tkr,Tsakhur,False,True,True,False,2,False,FineWeb-2+HuggingFace
tks,Takestani,False,False,True,False,1,False,HuggingFace
tkt,Kathoriya Tharu,False,False,True,False,1,False,HuggingFace
tku,Upper Necaxa Totonac,False,True,True,False,2,False,FineWeb-2+HuggingFace
tkv,Mur Pano,False,False,True,False,1,False,HuggingFace
tkw,Teanu,False,False,True,False,1,False,HuggingFace
tkx,Tangko,False,False,True,False,1,False,HuggingFace
tkz,Takua,False,False,True,False,1,False,HuggingFace
tla,Southwestern Tepehuan,False,False,True,False,1,False,HuggingFace
tlb,Tobelo,False,True,True,False,2,False,FineWeb-2+HuggingFace
tlc,Yecuatla Totonac,False,False,True,False,1,False,HuggingFace
tld,Talaud,False,False,True,False,1,False,HuggingFace
tlf,Telefol,False,True,True,False,2,False,FineWeb-2+HuggingFace
tlg,Tofanma,False,False,True,False,1,False,HuggingFace
tlh,Klingon,False,True,True,False,2,False,FineWeb-2+HuggingFace
tli,Tlingit,False,False,True,True,2,False,HuggingFace+CommonVoice
tlj,Talinga-Bwisi,False,True,True,False,2,False,FineWeb-2+HuggingFace
tlk,Taloki,False,False,True,False,1,False,HuggingFace
tll,Tetela,False,True,True,False,2,False,FineWeb-2+HuggingFace
tlm,Tolomako,False,False,True,False,1,False,HuggingFace
tln,Talondo',False,False,True,False,1,False,HuggingFace
tlo,Talodi,False,False,True,False,1,False,HuggingFace
tlp,Filomena Mata-Coahuitlán Totonac,False,False,True,False,1,False,HuggingFace
tlq,Tai Loi,False,False,True,False,1,False,HuggingFace
tlr,Talise,False,False,True,False,1,False,HuggingFace
tls,Tambotalo,False,False,True,False,1,False,HuggingFace
tlt,Sou Nama,False,False,True,False,1,False,HuggingFace
tlu,Tulehu,False,False,True,False,1,False,HuggingFace
tlv,Taliabu,False,False,True,False,1,False,HuggingFace
tlx,Khehek,False,False,True,False,1,False,HuggingFace
tly,Talysh,False,True,True,False,2,False,FineWeb-2+HuggingFace
tma,Tama (Chad),False,False,True,False,1,False,HuggingFace
tmb,Katbol,False,False,True,False,1,False,HuggingFace
tmc,Tumak,False,True,True,False,2,False,FineWeb-2+HuggingFace
tmd,Haruai,False,True,True,False,2,False,FineWeb-2+HuggingFace
tme,Tremembé,False,False,True,False,1,False,HuggingFace
tmf,Toba-Maskoy,False,False,True,False,1,False,HuggingFace
tmg,Ternateño,False,False,True,False,1,False,HuggingFace
tmh,Tamashek,True,False,True,False,1,False,HuggingFace
tmi,Tutuba,False,False,True,False,1,False,HuggingFace
tmj,Samarokena,False,False,True,False,1,False,HuggingFace
tml,Tamnim Citak,False,False,True,False,1,False,HuggingFace
tmm,Tai Thanh,False,False,True,False,1,False,HuggingFace
tmn,Taman (Indonesia),False,False,True,False,1,False,HuggingFace
tmo,Temoq,False,False,True,False,1,False,HuggingFace
tmq,Tumleo,False,False,True,False,1,False,HuggingFace
tmr,Jewish Babylonian Aramaic (ca. 200-1200 CE),False,False,True,False,1,False,HuggingFace
tms,Tima,False,False,True,False,1,False,HuggingFace
tmt,Tasmate,False,False,True,False,1,False,HuggingFace
tmu,Iau,False,False,True,False,1,False,HuggingFace
tmv,Tembo (Motembo),False,False,True,False,1,False,HuggingFace
tmw,Temuan,False,False,True,False,1,False,HuggingFace
tmy,Tami,False,False,True,False,1,False,HuggingFace
tmz,Tamanaku,False,False,True,False,1,False,HuggingFace
tna,Tacana,False,True,True,False,2,False,FineWeb-2+HuggingFace
tnb,Western Tunebo,False,False,True,False,1,False,HuggingFace
tnc,Tanimuca-Retuarã,False,True,True,False,2,False,FineWeb-2+HuggingFace
tnd,Angosturas Tunebo,False,False,True,False,1,False,HuggingFace
tng,Tobanga,False,False,True,False,1,False,HuggingFace
tnh,Maiani,False,False,True,False,1,False,HuggingFace
tni,Tandia,False,False,True,False,1,False,HuggingFace
tnk,Kwamera,False,True,True,False,2,False,FineWeb-2+HuggingFace
tnl,Lenakel,False,False,True,False,1,False,HuggingFace
tnm,Tabla,False,False,True,False,1,False,HuggingFace
tnn,North Tanna,False,True,True,False,2,False,FineWeb-2+HuggingFace
tno,Toromono,False,False,True,False,1,False,HuggingFace
tnp,Whitesands,False,True,True,False,2,False,FineWeb-2+HuggingFace
tnq,Taino,False,False,True,False,1,False,HuggingFace
tnr,Ménik,False,True,True,False,2,False,FineWeb-2+HuggingFace
tns,Tenis,False,False,True,False,1,False,HuggingFace
tnt,Tontemboan,False,False,True,False,1,False,HuggingFace
tnu,Tay Khang,False,False,True,False,1,False,HuggingFace
tnv,Tangchangya,False,False,True,False,1,False,HuggingFace
tnw,Tonsawang,False,False,True,False,1,False,HuggingFace
tnx,Tanema,False,False,True,False,1,False,HuggingFace
tny,Tongwe,False,False,True,False,1,False,HuggingFace
tnz,Ten'edn,False,False,True,False,1,False,HuggingFace
tob,Toba,False,True,True,True,3,False,FineWeb-2+HuggingFace+CommonVoice
toc,Coyutla Totonac,False,True,True,False,2,False,FineWeb-2+HuggingFace
tod,Toma,False,True,True,False,2,False,FineWeb-2+HuggingFace
tof,Gizrra,False,False,True,False,1,False,HuggingFace
tog,Tonga (Nyasa),False,True,True,False,2,False,FineWeb-2+HuggingFace
toh,Gitonga,False,True,True,False,2,False,FineWeb-2+HuggingFace
toi,Tonga (Zambia),False,True,True,False,2,False,FineWeb-2+HuggingFace
toj,Tojolabal,False,True,True,False,2,False,FineWeb-2+HuggingFace
tok,Toki Pona,False,True,True,True,3,False,FineWeb-2+HuggingFace+CommonVoice
tol,Tolowa,False,False,True,False,1,False,HuggingFace
tom,Tombulu,False,False,True,False,1,False,HuggingFace
ton,Tonga (Tonga Islands),False,True,True,False,2,False,FineWeb-2+HuggingFace
too,Xicotepec De Juárez Totonac,False,True,True,False,2,False,FineWeb-2+HuggingFace
top,Papantla Totonac,False,True,True,True,3,False,FineWeb-2+HuggingFace+CommonVoice
toq,Toposa,False,False,True,False,1,False,HuggingFace
tor,Togbo-Vara Banda,False,False,True,False,1,False,HuggingFace
tos,Highland Totonac,False,True,True,False,2,False,FineWeb-2+HuggingFace
tou,Tho,False,False,True,False,1,False,HuggingFace
tov,Upper Taromi,False,False,True,False,1,False,HuggingFace
tow,Jemez,False,False,True,False,1,False,HuggingFace
tox,Tobian,False,False,True,False,1,False,HuggingFace
toy,Topoiyo,False,False,True,False,1,False,HuggingFace
toz,To,False,False,True,False,1,False,HuggingFace
tpa,Taupota,False,True,True,False,2,False,FineWeb-2+HuggingFace
tpc,Azoyú Me'phaa,False,False,True,False,1,False,HuggingFace
tpe,Tippera,False,False,True,False,1,False,HuggingFace
tpf,Tarpia,False,False,True,False,1,False,HuggingFace
tpg,Kula,False,False,True,False,1,False,HuggingFace
tpi,Tok Pisin,False,True,True,False,2,False,FineWeb-2+HuggingFace
tpj,Tapieté,False,False,True,False,1,False,HuggingFace
tpk,Tupinikin,False,False,True,False,1,False,HuggingFace
tpl,Tlacoapa Me'phaa,False,False,True,False,1,False,HuggingFace
tpm,Tampulma,False,True,True,False,2,False,FineWeb-2+HuggingFace
tpn,Tupinambá,False,False,True,False,1,False,HuggingFace
tpo,Tai Pao,False,False,True,False,1,False,HuggingFace
tpp,Pisaflores Tepehua,False,True,True,False,2,False,FineWeb-2+HuggingFace
tpq,Tukpa,False,False,True,False,1,False,HuggingFace
tpr,Tuparí,False,False,True,False,1,False,HuggingFace
tpt,Tlachichilco Tepehua,False,True,True,False,2,False,FineWeb-2+HuggingFace
tpu,Tampuan,False,False,True,False,1,False,HuggingFace
tpv,Tanapag,False,False,True,False,1,False,HuggingFace
tpx,Acatepec Me'phaa,False,False,True,False,1,False,HuggingFace
tpy,Trumai,False,False,True,False,1,False,HuggingFace
tpz,Tinputz,False,True,True,False,2,False,FineWeb-2+HuggingFace
tqb,Tembé,False,False,True,False,1,False,HuggingFace
tql,Lehali,False,False,True,False,1,False,HuggingFace
tqm,Turumsa,False,False,True,False,1,False,HuggingFace
tqn,Tenino,False,False,True,False,1,False,HuggingFace
tqo,Toaripi,False,True,True,False,2,False,FineWeb-2+HuggingFace
tqp,Tomoip,False,False,True,False,1,False,HuggingFace
tqq,Tunni,False,False,True,False,1,False,HuggingFace
tqr,Torona,False,False,True,False,1,False,HuggingFace
tqt,Western Totonac,False,False,True,False,1,False,HuggingFace
tqu,Touo,False,False,True,False,1,False,HuggingFace
tqw,Tonkawa,False,False,True,False,1,False,HuggingFace
tra,Tirahi,False,False,True,False,1,False,HuggingFace
trb,Terebu,False,False,True,False,1,False,HuggingFace
trc,Copala Triqui,False,True,True,False,2,False,FineWeb-2+HuggingFace
trd,Turi,False,False,True,False,1,False,HuggingFace
tre,East Tarangan,False,False,True,False,1,False,HuggingFace
trf,Trinidadian Creole English,False,False,True,False,1,False,HuggingFace
trg,Lishán Didán,False,False,True,False,1,False,HuggingFace
trh,Turaka,False,False,True,False,1,False,HuggingFace
tri,Trió,False,False,True,False,1,False,HuggingFace
trj,Toram,False,False,True,False,1,False,HuggingFace
trl,Traveller Scottish,False,False,True,False,1,False,HuggingFace
trm,Tregami,False,False,True,False,1,False,HuggingFace
trn,Trinitario,False,True,True,False,2,False,FineWeb-2+HuggingFace
tro,Tarao Naga,False,True,True,False,2,False,FineWeb-2+HuggingFace
trp,Kok Borok,False,True,True,False,2,False,FineWeb-2+HuggingFace
trq,San Martín Itunyoso Triqui,False,True,True,False,2,False,FineWeb-2+HuggingFace
trr,Taushiro,False,False,True,False,1,False,HuggingFace
trs,Chicahuaxtla Triqui,False,True,True,False,2,False,FineWeb-2+HuggingFace
trt,Tunggare,False,False,True,False,1,False,HuggingFace
tru,Turoyo,False,False,True,False,1,False,HuggingFace
trv,Sediq,False,True,True,True,3,False,FineWeb-2+HuggingFace+CommonVoice
trw,Torwali,False,False,True,True,2,False,HuggingFace+CommonVoice
trx,Tringgus-Sembaan Bidayuh,False,False,True,False,1,False,HuggingFace
try,Turung,False,False,True,False,1,False,HuggingFace
trz,Torá,False,False,True,False,1,False,HuggingFace
tsa,Tsaangi,False,False,True,False,1,False,HuggingFace
tsb,Tsamai,False,False,True,False,1,False,HuggingFace
tsc,Tswa,False,True,True,False,2,False,FineWeb-2+HuggingFace
tsd,Tsakonian,False,False,True,False,1,False,HuggingFace
tse,Tunisian Sign Language,False,False,True,False,1,False,HuggingFace
tsg,Tausug,False,True,True,False,2,False,FineWeb-2+HuggingFace
tsh,Tsuvan,False,False,True,False,1,False,HuggingFace
tsi,Tsimshian,False,False,True,False,1,False,HuggingFace
tsj,Tshangla,False,False,True,False,1,False,HuggingFace
tsk,Tseku,False,False,True,False,1,False,HuggingFace
tsl,Ts'ün-Lao,False,False,True,False,1,False,HuggingFace
tsm,Turkish Sign Language,False,False,True,False,1,False,HuggingFace
tsn,Tswana,False,True,True,True,3,False,FineWeb-2+HuggingFace+CommonVoice
tso,Tsonga,False,True,True,True,3,False,FineWeb-2+HuggingFace+CommonVoice
tsp,Northern Toussian,False,False,True,False,1,False,HuggingFace
tsq,Thai Sign Language,False,False,True,False,1,False,HuggingFace
tsr,Akei,False,False,True,False,1,False,HuggingFace
tss,Taiwan Sign Language,False,False,True,False,1,False,HuggingFace
tst,Tondi Songway Kiini,False,False,True,False,1,False,HuggingFace
tsu,Tsou,False,False,True,False,1,False,HuggingFace
tsv,Tsogo,False,False,True,False,1,False,HuggingFace
tsw,Tsishingini,False,True,True,False,2,False,FineWeb-2+HuggingFace
tsx,Mubami,False,False,True,False,1,False,HuggingFace
tsy,Tebul Sign Language,False,False,True,False,1,False,HuggingFace
tsz,Purepecha,False,True,True,False,2,False,FineWeb-2+HuggingFace
tta,Tutelo,False,False,True,False,1,False,HuggingFace
ttb,Gaa,False,False,True,False,1,False,HuggingFace
ttc,Tektiteko,False,True,True,False,2,False,FineWeb-2+HuggingFace
ttd,Tauade,False,False,True,False,1,False,HuggingFace
tte,Bwanabwana,False,True,True,False,2,False,FineWeb-2+HuggingFace
ttf,Tuotomb,False,False,True,False,1,False,HuggingFace
ttg,Tutong,False,False,True,False,1,False,HuggingFace
tth,Upper Ta'oih,False,False,True,False,1,False,HuggingFace
tti,Tobati,False,False,True,False,1,False,HuggingFace
ttj,Tooro,False,True,True,True,3,False,FineWeb-2+HuggingFace+CommonVoice
ttk,Totoro,False,False,True,False,1,False,HuggingFace
ttl,Totela,False,False,True,False,1,False,HuggingFace
ttm,Northern Tutchone,False,False,True,False,1,False,HuggingFace
ttn,Towei,False,False,True,False,1,False,HuggingFace
tto,Lower Ta'oih,False,False,True,False,1,False,HuggingFace
ttp,Tombelala,False,False,True,False,1,False,HuggingFace
ttq,Tawallammat Tamajaq,False,True,True,False,2,False,FineWeb-2+HuggingFace
ttr,Tera,False,False,True,False,1,False,HuggingFace
tts,Northeastern Thai,False,False,True,False,1,False,HuggingFace
ttt,Muslim Tat,False,False,True,False,1,False,HuggingFace
ttu,Torau,False,False,True,False,1,False,HuggingFace
ttv,Titan,False,False,True,False,1,False,HuggingFace
ttw,Long Wat,False,False,True,False,1,False,HuggingFace
tty,Sikaritai,False,False,True,False,1,False,HuggingFace
ttz,Tsum,False,False,True,False,1,False,HuggingFace
tua,Wiarumus,False,False,True,False,1,False,HuggingFace
tub,Tübatulabal,False,False,True,False,1,False,HuggingFace
tuc,Mutu,False,True,True,False,2,False,FineWeb-2+HuggingFace
tud,Tuxá,False,False,True,False,1,False,HuggingFace
tue,Tuyuca,False,True,True,False,2,False,FineWeb-2+HuggingFace
tuf,Central Tunebo,False,True,True,False,2,False,FineWeb-2+HuggingFace
tug,Tunia,False,False,True,False,1,False,HuggingFace
tuh,Taulil,False,False,True,False,1,False,HuggingFace
tui,Tupuri,False,True,True,True,3,False,FineWeb-2+HuggingFace+CommonVoice
tuj,Tugutil,False,False,True,False,1,False,HuggingFace
tuk,Turkmen,False,True,True,True,3,False,FineWeb-2+HuggingFace+CommonVoice
tul,Tula,False,True,True,False,2,False,FineWeb-2+HuggingFace
tum,Tumbuka,False,True,True,True,3,False,FineWeb-2+HuggingFace+CommonVoice
tun,Tunica,False,False,True,False,1,False,HuggingFace
tuo,Tucano,False,True,True,False,2,False,FineWeb-2+HuggingFace
tuq,Tedaga,False,False,True,True,2,False,HuggingFace+CommonVoice
tur,Turkish,False,True,True,True,3,False,FineWeb-2+HuggingFace+CommonVoice
tus,Tuscarora,False,False,True,False,1,False,HuggingFace
tuu,Tututni,False,False,True,False,1,False,HuggingFace
tuv,Turkana,False,True,True,False,2,False,FineWeb-2+HuggingFace
tux,Tuxináwa,False,False,True,False,1,False,HuggingFace
tuy,Tugen,False,False,True,False,1,False,HuggingFace
tuz,Turka,False,False,True,False,1,False,HuggingFace
tva,Vaghua,False,False,True,False,1,False,HuggingFace
tvd,Tsuvadi,False,False,True,False,1,False,HuggingFace
tve,Te'un,False,False,True,False,1,False,HuggingFace
tvg,Tugunese,False,False,False,False,0,False,NONE
tvi,Tulai,False,False,False,False,0,False,NONE
tvk,Southeast Ambrym,False,True,True,False,2,False,FineWeb-2+HuggingFace
tvl,Tuvalu,False,True,True,False,2,False,FineWeb-2+HuggingFace
tvm,Tela-Masbuar,False,False,True,False,1,False,HuggingFace
tvn,Tavoyan,False,False,True,False,1,False,HuggingFace
tvo,Tidore,False,False,True,False,1,False,HuggingFace
tvs,Taveta,False,False,True,False,1,False,HuggingFace
tvt,Tutsa Naga,False,False,True,False,1,False,HuggingFace
tvu,Tunen,False,False,True,True,2,False,HuggingFace+CommonVoice
tvw,Sedoa,False,False,True,False,1,False,HuggingFace
tvx,Taivoan,False,False,True,False,1,False,HuggingFace
tvy,Timor Pidgin,False,False,True,False,1,False,HuggingFace
twa,Twana,False,False,True,False,1,False,HuggingFace
twb,Western Tawbuid,False,False,True,False,1,False,HuggingFace
twc,Teshenawa,False,False,True,False,1,False,HuggingFace
twd,Twents,False,False,True,False,1,False,HuggingFace
twe,Tewa (Indonesia),False,False,True,False,1,False,HuggingFace
twf,Northern Tiwa,False,False,True,False,1,False,HuggingFace
twg,Tereweng,False,False,True,False,1,False,HuggingFace
twh,Tai Dón,False,False,True,False,1,False,HuggingFace
twi,Twi,False,True,True,True,3,False,FineWeb-2+HuggingFace+CommonVoice
twl,Tawara,False,False,True,False,1,False,HuggingFace
twm,Tawang Monpa,False,False,True,False,1,False,HuggingFace
twn,Twendi,False,False,True,False,1,False,HuggingFace
two,Tswapong,False,False,True,False,1,False,HuggingFace
twp,Ere,False,False,True,False,1,False,HuggingFace
twq,Tasawaq,False,False,True,False,1,False,HuggingFace
twr,Southwestern Tarahumara,False,False,True,False,1,False,HuggingFace
twt,Turiwára,False,False,True,False,1,False,HuggingFace
twu,Termanu,False,True,True,False,2,False,FineWeb-2+HuggingFace
tww,Tuwari,False,False,True,False,1,False,HuggingFace
twx,Tewe,False,True,True,False,2,False,FineWeb-2+HuggingFace
twy,Tawoyan,False,False,True,False,1,False,HuggingFace
txa,Tombonuo,False,False,True,False,1,False,HuggingFace
txb,Tokharian B,False,False,True,False,1,False,HuggingFace
txc,Tsetsaut,False,False,True,False,1,False,HuggingFace
txe,Totoli,False,False,True,False,1,False,HuggingFace
txg,Tangut,False,False,True,False,1,False,HuggingFace
txh,Thracian,False,False,True,False,1,False,HuggingFace
txi,Ikpeng,False,False,True,False,1,False,HuggingFace
txj,Tarjumo,False,False,True,False,1,False,HuggingFace
txm,Tomini,False,False,True,False,1,False,HuggingFace
txn,West Tarangan,False,False,True,False,1,False,HuggingFace
txo,Toto,False,False,True,False,1,False,HuggingFace
txq,Tii,False,True,True,False,2,False,FineWeb-2+HuggingFace
txr,Tartessian,False,False,True,False,1,False,HuggingFace
txs,Tonsea,False,False,True,False,1,False,HuggingFace
txt,Citak,False,False,True,False,1,False,HuggingFace
txu,Kayapó,False,True,True,False,2,False,FineWeb-2+HuggingFace
txx,Tatana,False,False,True,False,1,False,HuggingFace
txy,Tanosy Malagasy,False,False,True,False,1,False,HuggingFace
tya,Tauya,False,False,True,False,1,False,HuggingFace
tye,Kyanga,False,False,True,False,1,False,HuggingFace
tyh,O'du,False,False,True,False,1,False,HuggingFace
tyi,Teke-Tsaayi,False,False,True,False,1,False,HuggingFace
tyj,Tai Do,False,False,True,False,1,False,HuggingFace
tyl,Thu Lao,False,False,True,False,1,False,HuggingFace
tyn,Kombai,False,False,True,False,1,False,HuggingFace
typ,Thaypan,False,False,True,False,1,False,HuggingFace
tyr,Tai Daeng,False,False,True,False,1,False,HuggingFace
tys,Tày Sa Pa,False,False,True,False,1,False,HuggingFace
tyt,Tày Tac,False,False,True,False,1,False,HuggingFace
tyu,Kua,False,False,True,False,1,False,HuggingFace
tyv,Tuvinian,False,True,True,True,3,False,FineWeb-2+HuggingFace+CommonVoice
tyx,Teke-Tyee,False,False,True,False,1,False,HuggingFace
tyy,Tiyaa,False,False,True,False,1,False,HuggingFace
tyz,Tày,False,False,True,False,1,False,HuggingFace
tza,Tanzanian Sign Language,False,False,True,False,1,False,HuggingFace
tzh,Tzeltal,False,True,True,False,2,False,FineWeb-2+HuggingFace
tzj,Tz'utujil,False,True,True,False,2,False,FineWeb-2+HuggingFace
tzl,Talossan,False,True,True,False,2,False,FineWeb-2+HuggingFace
tzm,Central Atlas Tamazight,False,True,True,False,2,False,FineWeb-2+HuggingFace
tzn,Tugun,False,False,True,False,1,False,HuggingFace
tzo,Tzotzil,False,True,True,False,2,False,FineWeb-2+HuggingFace
tzx,Tabriak,False,False,True,False,1,False,HuggingFace
uam,Uamué,False,False,True,False,1,False,HuggingFace
uan,Kuan,False,False,True,False,1,False,HuggingFace
uar,Tairuma,False,False,True,False,1,False,HuggingFace
uba,Ubang,False,False,True,False,1,False,HuggingFace
ubi,Ubi,False,False,True,False,1,False,HuggingFace
ubl,Buhi'non Bikol,False,False,True,False,1,False,HuggingFace
ubr,Ubir,False,True,True,False,2,False,FineWeb-2+HuggingFace
ubu,Umbu-Ungu,False,True,True,False,2,False,FineWeb-2+HuggingFace
uby,Ubykh,False,False,True,True,2,False,HuggingFace+CommonVoice
uda,Uda,False,False,True,False,1,False,HuggingFace
ude,Udihe,False,False,True,False,1,False,HuggingFace
udg,Muduga,False,False,True,False,1,False,HuggingFace
udi,Udi,False,False,True,False,1,False,HuggingFace
udj,Ujir,False,False,True,False,1,False,HuggingFace
udl,Wuzlam,False,False,True,True,2,False,HuggingFace+CommonVoice
udm,Udmurt,False,True,True,True,3,False,FineWeb-2+HuggingFace+CommonVoice
udu,Uduk,False,True,True,False,2,False,FineWeb-2+HuggingFace
ues,Kioko,False,False,True,False,1,False,HuggingFace
ufi,Ufim,False,False,True,False,1,False,HuggingFace
uga,Ugaritic,False,False,True,False,1,False,HuggingFace
ugb,Kuku-Ugbanh,False,False,True,False,1,False,HuggingFace
uge,Ughele,False,False,True,False,1,False,HuggingFace
ugh,Kubachi,False,False,True,False,1,False,HuggingFace
ugn,Ugandan Sign Language,False,False,True,False,1,False,HuggingFace
ugo,Ugong,False,False,True,False,1,False,HuggingFace
ugy,Uruguayan Sign Language,False,False,True,False,1,False,HuggingFace
uha,Uhami,False,False,True,False,1,False,HuggingFace
uhn,Damal,False,False,True,False,1,False,HuggingFace
uig,Uighur,False,True,True,True,3,False,FineWeb-2+HuggingFace+CommonVoice
uis,Uisai,False,False,True,False,1,False,HuggingFace
uiv,Iyive,False,False,True,False,1,False,HuggingFace
uji,Tanjijili,False,False,True,False,1,False,HuggingFace
uka,Kaburi,False,False,True,False,1,False,HuggingFace
ukg,Ukuriguma,False,False,True,False,1,False,HuggingFace
ukh,Ukhwejo,False,False,True,False,1,False,HuggingFace
uki,Kui (India),False,False,True,False,1,False,HuggingFace
ukk,Muak Sa-aak,False,False,True,False,1,False,HuggingFace
ukl,Ukrainian Sign Language,False,False,True,False,1,False,HuggingFace
ukp,Ukpe-Bayobiri,False,False,True,False,1,False,HuggingFace
ukq,Ukwa,False,False,True,False,1,False,HuggingFace
ukr,Ukrainian,False,True,True,True,3,False,FineWeb-2+HuggingFace+CommonVoice
uks,Urubú-Kaapor Sign Language,False,False,True,False,1,False,HuggingFace
uku,Ukue,False,False,True,False,1,False,HuggingFace
ukv,Kuku,False,False,True,True,2,False,HuggingFace+CommonVoice
ukw,Ukwuani-Aboh-Ndoni,False,False,True,False,1,False,HuggingFace
uky,Kuuk-Yak,False,False,True,False,1,False,HuggingFace
ula,Fungwa,False,False,True,False,1,False,HuggingFace
ulb,Ulukwumi,False,False,True,False,1,False,HuggingFace
ulc,Ulch,False,False,True,False,1,False,HuggingFace
ule,Lule,False,False,True,False,1,False,HuggingFace
ulf,Usku,False,False,True,False,1,False,HuggingFace
uli,Ulithian,False,False,True,False,1,False,HuggingFace
ulk,Meriam Mir,False,False,True,False,1,False,HuggingFace
ull,Ullatan,False,False,True,False,1,False,HuggingFace
ulm,Ulumanda',False,False,True,False,1,False,HuggingFace
uln,Unserdeutsch,False,False,True,False,1,False,HuggingFace
ulu,Uma' Lung,False,False,True,False,1,False,HuggingFace
ulw,Ulwa,False,False,True,False,1,False,HuggingFace
uly,Buli,False,False,False,False,0,False,NONE
uma,Umatilla,False,False,True,False,1,False,HuggingFace
umb,Umbundu,False,True,True,False,2,False,FineWeb-2+HuggingFace
umc,Marrucinian,False,False,True,False,1,False,HuggingFace
umd,Umbindhamu,False,False,True,False,1,False,HuggingFace
umg,Morrobalama,False,False,True,False,1,False,HuggingFace
umi,Ukit,False,False,True,False,1,False,HuggingFace
umm,Umon,False,False,True,False,1,False,HuggingFace
umn,Makyan Naga,False,False,True,False,1,False,HuggingFace
umo,Umotína,False,False,True,False,1,False,HuggingFace
ump,Umpila,False,False,True,False,1,False,HuggingFace
umr,Umbugarla,False,False,True,False,1,False,HuggingFace
ums,Pendau,False,False,True,False,1,False,HuggingFace
umu,Munsee,False,False,True,False,1,False,HuggingFace
una,North Watut,False,False,True,False,1,False,HuggingFace
und,Undetermined,False,False,True,False,1,False,HuggingFace
une,Uneme,False,False,True,False,1,False,HuggingFace
ung,Ngarinyin,False,False,True,False,1,False,HuggingFace
uni,Uni,False,False,True,False,1,False,HuggingFace
unk,Enawené-Nawé,False,False,True,False,1,False,HuggingFace
unm,Unami,False,False,True,False,1,False,HuggingFace
unn,Kurnai,False,False,True,False,1,False,HuggingFace
unr,Mundari,False,False,True,False,1,False,HuggingFace
unu,Unubahe,False,False,True,False,1,False,HuggingFace
unx,Munda,False,False,True,False,1,False,HuggingFace
unz,Unde Kaili,False,False,True,False,1,False,HuggingFace
uon,Kulon,False,False,True,False,1,False,HuggingFace
upi,Umeda,False,False,True,False,1,False,HuggingFace
upv,Uripiv-Wala-Rano-Atchin,False,True,True,False,2,False,FineWeb-2+HuggingFace
ura,Urarina,False,True,True,False,2,False,FineWeb-2+HuggingFace
urb,Urubú-Kaapor,False,True,True,False,2,False,FineWeb-2+HuggingFace
urc,Urningangg,False,False,True,False,1,False,HuggingFace
urd,Urdu,False,True,True,True,3,False,FineWeb-2+HuggingFace+CommonVoice
ure,Uru,False,False,True,False,1,False,HuggingFace
urf,Uradhi,False,False,True,False,1,False,HuggingFace
urg,Urigina,False,False,True,False,1,False,HuggingFace
urh,Urhobo,False,True,True,False,2,False,FineWeb-2+HuggingFace
uri,Urim,False,True,True,False,2,False,FineWeb-2+HuggingFace
urk,Urak Lawoi',False,True,True,False,2,False,FineWeb-2+HuggingFace
url,Urali,False,False,True,False,1,False,HuggingFace
urm,Urapmin,False,False,True,False,1,False,HuggingFace
urn,Uruangnirin,False,False,True,False,1,False,HuggingFace
uro,Ura (Papua New Guinea),False,False,True,False,1,False,HuggingFace
urp,Uru-Pa-In,False,False,True,False,1,False,HuggingFace
urr,Lehalurup,False,False,True,False,1,False,HuggingFace
urt,Urat,False,True,True,False,2,False,FineWeb-2+HuggingFace
uru,Urumi,False,False,True,False,1,False,HuggingFace
urv,Uruava,False,False,True,False,1,False,HuggingFace
urw,Sop,False,True,True,False,2,False,FineWeb-2+HuggingFace
urx,Urimo,False,False,True,False,1,False,HuggingFace
ury,Orya,False,True,True,False,2,False,FineWeb-2+HuggingFace
urz,Uru-Eu-Wau-Wau,False,False,True,False,1,False,HuggingFace
usa,Usarufa,False,True,True,False,2,False,FineWeb-2+HuggingFace
ush,Ushojo,False,False,True,True,2,False,HuggingFace+CommonVoice
usi,Usui,False,False,True,False,1,False,HuggingFace
usk,Usaghade,False,False,True,False,1,False,HuggingFace
usp,Uspanteco,False,True,True,True,3,False,FineWeb-2+HuggingFace+CommonVoice
uss,us-Saare,False,False,True,False,1,False,HuggingFace
usu,Uya,False,False,True,False,1,False,HuggingFace
uta,Otank,False,False,True,False,1,False,HuggingFace
ute,Ute-Southern Paiute,False,False,True,False,1,False,HuggingFace
uth,ut-Hun,False,True,True,False,2,False,FineWeb-2+HuggingFace
utp,Amba (Solomon Islands),False,False,True,False,1,False,HuggingFace
utr,Etulo,False,False,True,False,1,False,HuggingFace
utu,Utu,False,False,True,False,1,False,HuggingFace
uum,Urum,False,False,True,False,1,False,HuggingFace
uur,Ura (Vanuatu),False,False,True,False,1,False,HuggingFace
uuu,U,False,False,True,False,1,False,HuggingFace
uve,West Uvean,False,False,True,False,1,False,HuggingFace
uvh,Uri,False,True,True,False,2,False,FineWeb-2+HuggingFace
uvl,Lote,False,True,True,False,2,False,FineWeb-2+HuggingFace
uwa,Kuku-Uwanh,False,False,True,False,1,False,HuggingFace
uya,Doko-Uyanga,False,False,True,False,1,False,HuggingFace
uzb,Uzbek,True,False,True,True,2,False,HuggingFace+CommonVoice
uzn,Northern Uzbek,False,True,True,False,2,False,FineWeb-2+HuggingFace
uzs,Southern Uzbek,False,True,True,False,2,False,FineWeb-2+HuggingFace
vaa,Vaagri Booli,False,False,True,False,1,False,HuggingFace
vae,Vale,False,False,True,False,1,False,HuggingFace
vaf,Vafsi,False,False,True,False,1,False,HuggingFace
vag,Vagla,False,True,True,False,2,False,FineWeb-2+HuggingFace
vah,Varhadi-Nagpuri,False,False,True,False,1,False,HuggingFace
vai,Vai,False,False,True,False,1,False,HuggingFace
vaj,Sekele,False,False,True,False,1,False,HuggingFace
val,Vehes,False,False,True,False,1,False,HuggingFace
vam,Vanimo,False,False,True,False,1,False,HuggingFace
van,Valman,False,False,True,False,1,False,HuggingFace
vao,Vao,False,False,True,False,1,False,HuggingFace
vap,Vaiphei,False,True,True,False,2,False,FineWeb-2+HuggingFace
var,Huarijio,False,True,True,True,3,False,FineWeb-2+HuggingFace+CommonVoice
vas,Vasavi,False,False,True,False,1,False,HuggingFace
vau,Vanuma,False,False,True,False,1,False,HuggingFace
vav,Varli,False,False,True,False,1,False,HuggingFace
vay,Wayu,False,False,True,False,1,False,HuggingFace
vbb,Southeast Babar,False,False,True,False,1,False,HuggingFace
vbk,Southwestern Bontok,False,False,True,False,1,False,HuggingFace
vec,Venetian,False,True,True,True,3,False,FineWeb-2+HuggingFace+CommonVoice
ved,Veddah,False,False,True,False,1,False,HuggingFace
vel,Veluws,False,False,True,False,1,False,HuggingFace
vem,Vemgo-Mabas,False,False,True,False,1,False,HuggingFace
ven,Venda,False,True,True,True,3,False,FineWeb-2+HuggingFace+CommonVoice
veo,Ventureño,False,False,True,False,1,False,HuggingFace
vep,Veps,False,True,True,False,2,False,FineWeb-2+HuggingFace
ver,Mom Jango,False,False,True,False,1,False,HuggingFace
vgr,Vaghri,False,False,True,False,1,False,HuggingFace
vgt,Vlaamse Gebarentaal,False,False,True,False,1,False,HuggingFace
vic,Virgin Islands Creole English,False,False,True,False,1,False,HuggingFace
vid,Vidunda,False,True,True,False,2,False,FineWeb-2+HuggingFace
vie,Vietnamese,False,True,True,True,3,False,FineWeb-2+HuggingFace+CommonVoice
vif,Vili,False,False,True,False,1,False,HuggingFace
vig,Viemo,False,False,True,False,1,False,HuggingFace
vil,Vilela,False,False,True,False,1,False,HuggingFace
vin,Vinza,False,False,True,False,1,False,HuggingFace
vis,Vishavan,False,False,True,False,1,False,HuggingFace
vit,Viti,False,False,True,False,1,False,HuggingFace
viv,Iduna,False,True,True,False,2,False,FineWeb-2+HuggingFace
vjk,Bajjika,False,False,False,False,0,False,NONE
vka,Kariyarra,False,False,True,False,1,False,HuggingFace
vkj,Kujarge,False,False,True,False,1,False,HuggingFace
vkk,Kaur,False,False,True,False,1,False,HuggingFace
vkl,Kulisusu,False,False,True,False,1,False,HuggingFace
vkm,Kamakan,False,False,True,False,1,False,HuggingFace
vkn,Koro Nulu,False,False,True,False,1,False,HuggingFace
vko,Kodeoha,False,False,True,False,1,False,HuggingFace
vkp,Korlai Creole Portuguese,False,False,True,False,1,False,HuggingFace
vkt,Tenggarong Kutai Malay,False,False,True,False,1,False,HuggingFace
vku,Kurrama,False,False,True,False,1,False,HuggingFace
vkz,Koro Zuba,False,False,True,False,1,False,HuggingFace
vlp,Valpei,False,False,True,False,1,False,HuggingFace
vls,Vlaams,False,True,True,False,2,False,FineWeb-2+HuggingFace
vma,Martuyhunira,False,False,True,False,1,False,HuggingFace
vmb,Barbaram,False,False,True,False,1,False,HuggingFace
vmc,Juxtlahuaca Mixtec,False,False,True,False,1,False,HuggingFace
vmd,Mudu Koraga,False,False,True,False,1,False,HuggingFace
vme,East Masela,False,False,True,False,1,False,HuggingFace
vmf,Mainfränkisch,False,False,True,False,1,False,HuggingFace
vmg,Lungalunga,False,False,True,False,1,False,HuggingFace
vmh,Maraghei,False,False,True,False,1,False,HuggingFace
vmi,Miwa,False,False,True,False,1,False,HuggingFace
vmj,Ixtayutla Mixtec,False,False,True,False,1,False,HuggingFace
vmk,Makhuwa-Shirima,False,True,True,False,2,False,FineWeb-2+HuggingFace
vml,Malgana,False,False,True,False,1,False,HuggingFace
vmm,Mitlatongo Mixtec,False,False,True,False,1,False,HuggingFace
vmp,Soyaltepec Mazatec,False,False,True,False,1,False,HuggingFace
vmq,Soyaltepec Mixtec,False,False,True,False,1,False,HuggingFace
vmr,Marenje,False,False,True,False,1,False,HuggingFace
vms,Moksela,False,False,True,False,1,False,HuggingFace
vmu,Muluridyi,False,False,True,False,1,False,HuggingFace
vmv,Valley Maidu,False,False,True,False,1,False,HuggingFace
vmw,Makhuwa,False,True,True,True,3,False,FineWeb-2+HuggingFace+CommonVoice
vmx,Tamazola Mixtec,False,False,True,False,1,False,HuggingFace
vmy,Ayautla Mazatec,False,True,True,False,2,False,FineWeb-2+HuggingFace
vmz,Mazatlán Mazatec,False,False,True,False,1,False,HuggingFace
vnk,Vano,False,False,True,False,1,False,HuggingFace
vnm,Vinmavis,False,False,True,False,1,False,HuggingFace
vnp,Vunapu,False,False,True,False,1,False,HuggingFace
vol,Volapük,False,True,True,False,2,False,FineWeb-2+HuggingFace
vor,Voro,False,False,True,False,1,False,HuggingFace
vot,Votic,False,True,True,True,3,False,FineWeb-2+HuggingFace+CommonVoice
vra,Vera'a,False,False,True,False,1,False,HuggingFace
vro,Võro,False,True,True,False,2,False,FineWeb-2+HuggingFace
vrs,Varisi,False,False,True,False,1,False,HuggingFace
vrt,Burmbar,False,False,True,False,1,False,HuggingFace
vsi,Moldova Sign Language,False,False,True,False,1,False,HuggingFace
vsl,Venezuelan Sign Language,False,False,True,False,1,False,HuggingFace
vsn,Vedic Sanskrit,False,False,True,False,1,False,HuggingFace
vsv,Valencian Sign Language,False,False,True,False,1,False,HuggingFace
vto,Vitou,False,False,True,False,1,False,HuggingFace
vum,Vumbu,False,False,True,False,1,False,HuggingFace
vun,Vunjo,False,True,True,False,2,False,FineWeb-2+HuggingFace
vut,Vute,False,True,True,False,2,False,FineWeb-2+HuggingFace
vwa,Awa (China),False,False,True,False,1,False,HuggingFace
waa,Walla Walla,False,False,True,False,1,False,HuggingFace
wab,Yote,False,False,True,False,1,False,HuggingFace
wac,Wasco-Wishram,False,False,True,False,1,False,HuggingFace
wad,Wamesa,False,False,True,False,1,False,HuggingFace
wae,Walser,False,False,True,False,1,False,HuggingFace
waf,Wakoná,False,False,True,False,1,False,HuggingFace
wag,Wa'ema,False,False,True,False,1,False,HuggingFace
wah,Watubela,False,False,True,False,1,False,HuggingFace
wai,Wares,False,False,True,False,1,False,HuggingFace
waj,Waffa,False,True,True,False,2,False,FineWeb-2+HuggingFace
wal,Wolaytta,False,True,True,False,2,False,FineWeb-2+HuggingFace
wam,Wampanoag,False,False,True,False,1,False,HuggingFace
wan,Wan,False,False,True,False,1,False,HuggingFace
wao,Wappo,False,False,True,False,1,False,HuggingFace
wap,Wapishana,False,True,True,False,2,False,FineWeb-2+HuggingFace
waq,Wagiman,False,False,True,False,1,False,HuggingFace
war,Waray (Philippines),False,True,True,False,2,False,FineWeb-2+HuggingFace
was,Washo,False,False,True,False,1,False,HuggingFace
wat,Kaninuwa,False,True,True,False,2,False,FineWeb-2+HuggingFace
wau,Waurá,False,False,True,False,1,False,HuggingFace
wav,Waka,False,False,True,False,1,False,HuggingFace
waw,Waiwai,False,False,True,False,1,False,HuggingFace
wax,Watam,False,False,True,False,1,False,HuggingFace
way,Wayana,False,True,True,False,2,False,FineWeb-2+HuggingFace
waz,Wampur,False,False,True,False,1,False,HuggingFace
wba,Warao,False,True,True,False,2,False,FineWeb-2+HuggingFace
wbb,Wabo,False,False,True,False,1,False,HuggingFace
wbe,Waritai,False,False,True,False,1,False,HuggingFace
wbf,Wara,False,False,True,False,1,False,HuggingFace
wbh,Wanda,False,False,True,False,1,False,HuggingFace
wbi,Vwanji,False,False,True,False,1,False,HuggingFace
wbj,Alagwa,False,False,True,False,1,False,HuggingFace
wbk,Waigali,False,False,True,False,1,False,HuggingFace
wbl,Wakhi,False,False,True,True,2,False,HuggingFace+CommonVoice
wbm,Wa,False,True,True,False,2,False,FineWeb-2+HuggingFace
wbp,Warlpiri,False,True,True,False,2,False,FineWeb-2+HuggingFace
wbq,Waddar,False,False,True,False,1,False,HuggingFace
wbr,Wagdi,False,False,True,False,1,False,HuggingFace
wbs,West Bengal Sign Language,False,False,True,False,1,False,HuggingFace
wbt,Warnman,False,False,True,False,1,False,HuggingFace
wbv,Wajarri,False,False,True,False,1,False,HuggingFace
wbw,Woi,False,False,True,False,1,False,HuggingFace
wca,Yanomámi,False,False,True,False,1,False,HuggingFace
wci,Waci Gbe,False,False,True,False,1,False,HuggingFace
wdd,Wandji,False,False,True,False,1,False,HuggingFace
wdg,Wadaginam,False,False,True,False,1,False,HuggingFace
wdj,Wadjiginy,False,False,True,False,1,False,HuggingFace
wdk,Wadikali,False,False,True,False,1,False,HuggingFace
wdt,Wendat,False,False,True,False,1,False,HuggingFace
wdu,Wadjigu,False,False,True,False,1,False,HuggingFace
wdy,Wadjabangayi,False,False,True,False,1,False,HuggingFace
wea,Wewaw,False,False,True,False,1,False,HuggingFace
wec,Wè Western,False,False,True,False,1,False,HuggingFace
wed,Wedau,False,True,True,False,2,False,FineWeb-2+HuggingFace
weg,Wergaia,False,False,True,False,1,False,HuggingFace
weh,Weh,False,False,True,False,1,False,HuggingFace
wei,Kiunum,False,False,True,False,1,False,HuggingFace
wem,Weme Gbe,False,False,True,False,1,False,HuggingFace
weo,Wemale,False,False,True,False,1,False,HuggingFace
wep,Westphalien,False,False,True,True,2,False,HuggingFace+CommonVoice
wer,Weri,False,True,True,False,2,False,FineWeb-2+HuggingFace
wes,Cameroon Pidgin,False,True,True,True,3,False,FineWeb-2+HuggingFace+CommonVoice
wet,Perai,False,False,True,False,1,False,HuggingFace
weu,Rawngtu Chin,False,False,True,False,1,False,HuggingFace
wew,Wejewa,False,True,True,False,2,False,FineWeb-2+HuggingFace
wfg,Yafi,False,False,True,False,1,False,HuggingFace
wga,Wagaya,False,False,True,False,1,False,HuggingFace
wgb,Wagawaga,False,False,True,False,1,False,HuggingFace
wgg,Wangkangurru,False,False,True,False,1,False,HuggingFace
wgi,Wahgi,False,False,True,False,1,False,HuggingFace
wgo,Waigeo,False,False,True,False,1,False,HuggingFace
wgu,Wirangu,False,False,True,False,1,False,HuggingFace
wgy,Warrgamay,False,False,True,False,1,False,HuggingFace
wha,Sou Upaa,False,False,True,False,1,False,HuggingFace
whg,North Wahgi,False,True,True,False,2,False,FineWeb-2+HuggingFace
whk,Wahau Kenyah,False,True,True,False,2,False,FineWeb-2+HuggingFace
whu,Wahau Kayan,False,False,True,False,1,False,HuggingFace
wib,Southern Toussian,False,True,True,False,2,False,FineWeb-2+HuggingFace
wic,Wichita,False,False,True,False,1,False,HuggingFace
wie,Wik-Epa,False,False,True,False,1,False,HuggingFace
wif,Wik-Keyangan,False,False,True,False,1,False,HuggingFace
wig,Wik Ngathan,False,False,True,False,1,False,HuggingFace
wih,Wik-Me'anha,False,False,True,False,1,False,HuggingFace
wii,Minidien,False,False,True,False,1,False,HuggingFace
wij,Wik-Iiyanh,False,False,True,False,1,False,HuggingFace
wik,Wikalkan,False,False,True,False,1,False,HuggingFace
wil,Wilawila,False,False,True,False,1,False,HuggingFace
wim,Wik-Mungkan,False,True,True,False,2,False,FineWeb-2+HuggingFace
win,Ho-Chunk,False,False,True,False,1,False,HuggingFace
wir,Wiraféd,False,False,True,False,1,False,HuggingFace
wiu,Wiru,False,True,True,False,2,False,FineWeb-2+HuggingFace
wiv,Vitu,False,False,True,False,1,False,HuggingFace
wiy,Wiyot,False,False,True,False,1,False,HuggingFace
wja,Waja,False,False,True,False,1,False,HuggingFace
wji,Warji,False,False,True,False,1,False,HuggingFace
wka,Kw'adza,False,False,True,False,1,False,HuggingFace
wkb,Kumbaran,False,False,True,False,1,False,HuggingFace
wkd,Wakde,False,False,True,False,1,False,HuggingFace
wkl,Kalanadi,False,False,True,False,1,False,HuggingFace
wkr,Keerray-Woorroong,False,False,True,False,1,False,HuggingFace
wku,Kunduvadi,False,False,True,False,1,False,HuggingFace
wkw,Wakawaka,False,False,True,False,1,False,HuggingFace
wky,Wangkayutyuru,False,False,True,False,1,False,HuggingFace
wla,Walio,False,False,True,False,1,False,HuggingFace
wlc,Mwali Comorian,False,False,True,False,1,False,HuggingFace
wle,Wolane,False,False,True,False,1,False,HuggingFace
wlg,Kunbarlang,False,False,True,False,1,False,HuggingFace
wlh,Welaun,False,False,True,False,1,False,HuggingFace
wli,Waioli,False,False,True,False,1,False,HuggingFace
wlk,Wailaki,False,False,True,False,1,False,HuggingFace
wll,Wali (Sudan),False,False,True,False,1,False,HuggingFace
wlm,Middle Welsh,False,False,True,False,1,False,HuggingFace
wln,Walloon,False,True,True,False,2,False,FineWeb-2+HuggingFace
wlo,Wolio,False,False,True,False,1,False,HuggingFace
wlr,Wailapa,False,False,True,False,1,False,HuggingFace
wls,Wallisian,False,True,True,False,2,False,FineWeb-2+HuggingFace
wlu,Wuliwuli,False,False,True,False,1,False,HuggingFace
wlv,Wichí Lhamtés Vejoz,False,True,True,False,2,False,FineWeb-2+HuggingFace
wlw,Walak,False,False,True,False,1,False,HuggingFace
wlx,Wali (Ghana),False,True,True,False,2,False,FineWeb-2+HuggingFace
wly,Waling,False,False,True,False,1,False,HuggingFace
wma,Mawa (Nigeria),False,False,True,False,1,False,HuggingFace
wmb,Wambaya,False,False,True,False,1,False,HuggingFace
wmc,Wamas,False,False,True,False,1,False,HuggingFace
wmd,Mamaindé,False,False,True,False,1,False,HuggingFace
wme,Wambule,False,False,True,False,1,False,HuggingFace
wmg,Western Minyag,False,False,True,False,1,False,HuggingFace
wmh,Waima'a,False,False,True,False,1,False,HuggingFace
wmi,Wamin,False,False,True,False,1,False,HuggingFace
wmm,Maiwa (Indonesia),False,False,True,False,1,False,HuggingFace
wmn,Waamwang,False,False,True,False,1,False,HuggingFace
wmo,Wom (Papua New Guinea),False,False,True,False,1,False,HuggingFace
wms,Wambon,False,False,True,False,1,False,HuggingFace
wmt,Walmajarri,False,True,True,False,2,False,FineWeb-2+HuggingFace
wmw,Mwani,False,True,True,False,2,False,FineWeb-2+HuggingFace
wmx,Womo,False,False,True,False,1,False,HuggingFace
wnb,Mokati,False,False,True,False,1,False,HuggingFace
wnc,Wantoat,False,True,True,False,2,False,FineWeb-2+HuggingFace
wnd,Wandarang,False,False,True,False,1,False,HuggingFace
wne,Waneci,False,False,True,False,1,False,HuggingFace
wng,Wanggom,False,False,True,False,1,False,HuggingFace
wni,Ndzwani Comorian,False,False,True,False,1,False,HuggingFace
wnk,Wanukaka,False,False,True,False,1,False,HuggingFace
wnm,Wanggamala,False,False,True,False,1,False,HuggingFace
wnn,Wunumara,False,False,True,False,1,False,HuggingFace
wno,Wano,False,False,True,False,1,False,HuggingFace
wnp,Wanap,False,False,True,False,1,False,HuggingFace
wnu,Usan,False,True,True,False,2,False,FineWeb-2+HuggingFace
wnw,Wintu,False,False,True,False,1,False,HuggingFace
wny,Wanyi,False,False,True,False,1,False,HuggingFace
woa,Kuwema,False,False,True,False,1,False,HuggingFace
wob,Wè Northern,False,True,True,False,2,False,FineWeb-2+HuggingFace
woc,Wogeo,False,False,True,False,1,False,HuggingFace
wod,Wolani,False,False,True,False,1,False,HuggingFace
woe,Woleaian,False,False,True,False,1,False,HuggingFace
wof,Gambian Wolof,False,False,True,False,1,False,HuggingFace
wog,Wogamusin,False,False,True,False,1,False,HuggingFace
woi,Kamang,False,False,True,False,1,False,HuggingFace
wok,Longto,False,False,True,False,1,False,HuggingFace
wol,Wolof,False,True,True,True,3,False,FineWeb-2+HuggingFace+CommonVoice
wom,Wom (Nigeria),False,False,True,False,1,False,HuggingFace
won,Wongo,False,False,True,False,1,False,HuggingFace
woo,Manombai,False,False,True,False,1,False,HuggingFace
wor,Woria,False,False,True,False,1,False,HuggingFace
wos,Hanga Hundi,False,True,True,False,2,False,FineWeb-2+HuggingFace
wow,Wawonii,False,False,True,False,1,False,HuggingFace
woy,Weyto,False,False,True,False,1,False,HuggingFace
wpc,Maco,False,False,True,False,1,False,HuggingFace
wrb,Waluwarra,False,False,True,False,1,False,HuggingFace
wrg,Warungu,False,False,True,False,1,False,HuggingFace
wrh,Wiradjuri,False,False,True,False,1,False,HuggingFace
wri,Wariyangga,False,False,True,False,1,False,HuggingFace
wrk,Garrwa,False,True,True,False,2,False,FineWeb-2+HuggingFace
wrl,Warlmanpa,False,False,True,False,1,False,HuggingFace
wrm,Warumungu,False,False,True,False,1,False,HuggingFace
wrn,Warnang,False,False,True,False,1,False,HuggingFace
wro,Worrorra,False,False,True,False,1,False,HuggingFace
wrp,Waropen,False,False,True,False,1,False,HuggingFace
wrr,Wardaman,False,False,True,False,1,False,HuggingFace
wrs,Waris,False,True,True,False,2,False,FineWeb-2+HuggingFace
wru,Waru,False,False,True,False,1,False,HuggingFace
wrv,Waruna,False,False,True,False,1,False,HuggingFace
wrw,Gugu Warra,False,False,True,False,1,False,HuggingFace
wrx,Wae Rana,False,False,True,False,1,False,HuggingFace
wry,Merwari,False,False,True,False,1,False,HuggingFace
wrz,Waray (Australia),False,False,True,False,1,False,HuggingFace
wsa,Warembori,False,False,True,False,1,False,HuggingFace
wsg,Adilabad Gondi,False,True,True,False,2,False,FineWeb-2+HuggingFace
wsi,Wusi,False,False,True,False,1,False,HuggingFace
wsk,Waskia,False,True,True,False,2,False,FineWeb-2+HuggingFace
wsr,Owenia,False,False,True,False,1,False,HuggingFace
wss,Wasa,False,False,True,False,1,False,HuggingFace
wsu,Wasu,False,False,True,False,1,False,HuggingFace
wsv,Wotapuri-Katarqalai,False,False,True,False,1,False,HuggingFace
wtb,Matambwe,False,False,False,False,0,False,NONE
wtf,Watiwa,False,False,True,False,1,False,HuggingFace
wth,Wathawurrung,False,False,True,False,1,False,HuggingFace
wti,Berta,False,False,True,False,1,False,HuggingFace
wtk,Watakataui,False,False,True,False,1,False,HuggingFace
wtm,Mewati,False,False,True,False,1,False,HuggingFace
wtw,Wotu,False,False,True,False,1,False,HuggingFace
wua,Wikngenchera,False,False,True,False,1,False,HuggingFace
wub,Wunambal,False,False,True,False,1,False,HuggingFace
wud,Wudu,False,False,True,False,1,False,HuggingFace
wuh,Wutunhua,False,False,True,False,1,False,HuggingFace
wul,Silimo,False,False,True,False,1,False,HuggingFace
wum,Wumbvu,False,False,True,False,1,False,HuggingFace
wun,Bungu,False,False,True,False,1,False,HuggingFace
wur,Wurrugu,False,False,True,False,1,False,HuggingFace
wut,Wutung,False,False,True,False,1,False,HuggingFace
wuu,Wu Chinese,False,True,True,False,2,False,FineWeb-2+HuggingFace
wuv,Wuvulu-Aua,False,True,True,False,2,False,FineWeb-2+HuggingFace
wux,Wulna,False,False,True,False,1,False,HuggingFace
wuy,Wauyai,False,False,True,False,1,False,HuggingFace
wwa,Waama,False,True,True,False,2,False,FineWeb-2+HuggingFace
wwb,Wakabunga,False,False,True,False,1,False,HuggingFace
wwo,Wetamut,False,False,True,False,1,False,HuggingFace
wwr,Warrwa,False,False,True,False,1,False,HuggingFace
www,Wawa,False,False,True,False,1,False,HuggingFace
wxa,Waxianghua,False,False,True,False,1,False,HuggingFace
wxw,Wardandi,False,False,True,False,1,False,HuggingFace
wyb,Wangaaybuwan-Ngiyambaa,False,False,True,False,1,False,HuggingFace
wyi,Woiwurrung,False,False,True,False,1,False,HuggingFace
wym,Wymysorys,False,False,True,False,1,False,HuggingFace
wyn,Wyandot,False,False,True,False,1,False,HuggingFace
wyr,Wayoró,False,False,True,False,1,False,HuggingFace
wyy,Western Fijian,False,False,True,False,1,False,HuggingFace
xaa,Andalusian Arabic,False,False,True,False,1,False,HuggingFace
xab,Sambe,False,False,True,False,1,False,HuggingFace
xac,Kachari,False,False,True,False,1,False,HuggingFace
xad,Adai,False,False,True,False,1,False,HuggingFace
xae,Aequian,False,False,True,False,1,False,HuggingFace
xag,Aghwan,False,False,True,False,1,False,HuggingFace
xai,Kaimbé,False,False,True,False,1,False,HuggingFace
xaj,Ararandewára,False,False,True,False,1,False,HuggingFace
xak,Máku,False,False,True,False,1,False,HuggingFace
xal,Kalmyk,False,True,True,False,2,False,FineWeb-2+HuggingFace
xam,ǀXam,False,False,True,False,1,False,HuggingFace
xan,Xamtanga,False,False,True,False,1,False,HuggingFace
xao,Khao,False,False,True,False,1,False,HuggingFace
xap,Apalachee,False,False,True,False,1,False,HuggingFace
xaq,Aquitanian,False,False,True,False,1,False,HuggingFace
xar,Karami,False,False,True,False,1,False,HuggingFace
xas,Kamas,False,False,True,False,1,False,HuggingFace
xat,Katawixi,False,False,True,False,1,False,HuggingFace
xau,Kauwera,False,False,True,False,1,False,HuggingFace
xav,Xavánte,False,True,True,False,2,False,FineWeb-2+HuggingFace
xaw,Kawaiisu,False,False,True,False,1,False,HuggingFace
xay,Kayan Mahakam,False,False,True,False,1,False,HuggingFace
xbb,Lower Burdekin,False,False,True,False,1,False,HuggingFace
xbc,Bactrian,False,False,True,False,1,False,HuggingFace
xbd,Bindal,False,False,True,False,1,False,HuggingFace
xbe,Bigambal,False,False,True,False,1,False,HuggingFace
xbg,Bunganditj,False,False,True,False,1,False,HuggingFace
xbi,Kombio,False,True,True,False,2,False,FineWeb-2+HuggingFace
xbj,Birrpayi,False,False,True,False,1,False,HuggingFace
xbm,Middle Breton,False,False,True,False,1,False,HuggingFace
xbn,Kenaboi,False,False,True,False,1,False,HuggingFace
xbo,Bolgarian,False,False,True,False,1,False,HuggingFace
xbp,Bibbulman,False,False,True,False,1,False,HuggingFace
xbr,Kambera,False,True,True,False,2,False,FineWeb-2+HuggingFace
xbw,Kambiwá,False,False,True,False,1,False,HuggingFace
xby,Batjala,False,False,True,False,1,False,HuggingFace
xcb,Cumbric,False,False,True,False,1,False,HuggingFace
xcc,Camunic,False,False,True,False,1,False,HuggingFace
xce,Celtiberian,False,False,True,False,1,False,HuggingFace
xcg,Cisalpine Gaulish,False,False,True,False,1,False,HuggingFace
xch,Chemakum,False,False,True,False,1,False,HuggingFace
xcl,Classical Armenian,False,False,True,False,1,False,HuggingFace
xcm,Comecrudo,False,False,True,False,1,False,HuggingFace
xcn,Cotoname,False,False,True,False,1,False,HuggingFace
xco,Chorasmian,False,False,True,False,1,False,HuggingFace
xcr,Carian,False,False,True,False,1,False,HuggingFace
xct,Classical Tibetan,False,False,True,False,1,False,HuggingFace
xcu,Curonian,False,False,True,False,1,False,HuggingFace
xcv,Chuvantsy,False,False,True,False,1,False,HuggingFace
xcw,Coahuilteco,False,False,True,False,1,False,HuggingFace
xcy,Cayuse,False,False,True,False,1,False,HuggingFace
xda,Darkinyung,False,False,True,False,1,False,HuggingFace
xdc,Dacian,False,False,True,False,1,False,HuggingFace
xdk,Dharuk,False,False,True,False,1,False,HuggingFace
xdm,Edomite,False,False,True,False,1,False,HuggingFace
xdo,Kwandu,False,False,True,False,1,False,HuggingFace
xdq,Kaitag,False,False,True,True,2,False,HuggingFace+CommonVoice
xdy,Malayic Dayak,False,False,True,False,1,False,HuggingFace
xeb,Eblan,False,False,True,False,1,False,HuggingFace
xed,Hdi,False,True,True,False,2,False,FineWeb-2+HuggingFace
xeg,ǁXegwi,False,False,True,False,1,False,HuggingFace
xel,Kelo,False,False,True,False,1,False,HuggingFace
xem,Kembayan,False,False,True,False,1,False,HuggingFace
xep,Epi-Olmec,False,False,True,False,1,False,HuggingFace
xer,Xerénte,False,False,True,False,1,False,HuggingFace
xes,Kesawai,False,False,True,False,1,False,HuggingFace
xet,Xetá,False,False,True,False,1,False,HuggingFace
xeu,Keoru-Ahia,False,False,True,False,1,False,HuggingFace
xfa,Faliscan,False,False,True,False,1,False,HuggingFace
xga,Galatian,False,False,True,False,1,False,HuggingFace
xgb,Gbin,False,False,True,False,1,False,HuggingFace
xgd,Gudang,False,False,True,False,1,False,HuggingFace
xgf,Gabrielino-Fernandeño,False,False,True,False,1,False,HuggingFace
xgg,Goreng,False,False,True,False,1,False,HuggingFace
xgi,Garingbal,False,False,True,False,1,False,HuggingFace
xgl,Galindan,False,False,True,False,1,False,HuggingFace
xgm,Dharumbal,False,False,True,False,1,False,HuggingFace
xgr,Garza,False,False,True,False,1,False,HuggingFace
xgu,Unggumi,False,False,True,False,1,False,HuggingFace
xgw,Guwa,False,False,True,False,1,False,HuggingFace
xha,Harami,False,False,True,False,1,False,HuggingFace
xhc,Hunnic,False,False,True,False,1,False,HuggingFace
xhd,Hadrami,False,False,True,False,1,False,HuggingFace
xhe,Khetrani,False,False,True,True,2,False,HuggingFace+CommonVoice
xhm,Middle Khmer (1400 to 1850 CE),False,False,True,False,1,False,HuggingFace
xho,Xhosa,False,True,True,True,3,False,FineWeb-2+HuggingFace+CommonVoice
xhr,Hernican,False,False,True,False,1,False,HuggingFace
xht,Hattic,False,False,True,False,1,False,HuggingFace
xhu,Hurrian,False,False,True,False,1,False,HuggingFace
xhv,Khua,False,False,True,False,1,False,HuggingFace
xib,Iberian,False,False,True,False,1,False,HuggingFace
xii,Xiri,False,False,True,False,1,False,HuggingFace
xil,Illyrian,False,False,True,False,1,False,HuggingFace
xin,Xinca,False,False,True,False,1,False,HuggingFace
xir,Xiriâna,False,False,True,False,1,False,HuggingFace
xis,Kisan,False,False,True,False,1,False,HuggingFace
xiv,Indus Valley Language,False,False,True,False,1,False,HuggingFace
xiy,Xipaya,False,False,True,False,1,False,HuggingFace
xjb,Minjungbal,False,False,True,False,1,False,HuggingFace
xjt,Jaitmatang,False,False,True,False,1,False,HuggingFace
xka,Kalkoti,False,False,True,True,2,False,HuggingFace+CommonVoice
xkb,Northern Nago,False,False,True,False,1,False,HuggingFace
xkc,Kho'ini,False,False,True,False,1,False,HuggingFace
xkd,Mendalam Kayan,False,False,True,False,1,False,HuggingFace
xke,Kereho,False,False,True,False,1,False,HuggingFace
xkf,Khengkha,False,False,True,False,1,False,HuggingFace
xkg,Kagoro,False,False,True,False,1,False,HuggingFace
xki,Kenyan Sign Language,False,False,True,False,1,False,HuggingFace
xkj,Kajali,False,False,True,False,1,False,HuggingFace
xkk,Kachok,False,False,True,False,1,False,HuggingFace
xkl,Mainstream Kenyah,False,False,True,True,2,False,HuggingFace+CommonVoice
xkn,Kayan River Kayan,False,False,True,False,1,False,HuggingFace
xko,Kiorr,False,False,True,False,1,False,HuggingFace
xkp,Kabatei,False,False,True,False,1,False,HuggingFace
xkq,Koroni,False,False,True,False,1,False,HuggingFace
xkr,Xakriabá,False,False,True,False,1,False,HuggingFace
xks,Kumbewaha,False,False,True,False,1,False,HuggingFace
xkt,Kantosi,False,False,True,False,1,False,HuggingFace
xku,Kaamba,False,False,True,False,1,False,HuggingFace
xkv,Kgalagadi,False,False,True,False,1,False,HuggingFace
xkw,Kembra,False,False,True,False,1,False,HuggingFace
xkx,Karore,False,False,True,False,1,False,HuggingFace
xky,Uma' Lasan,False,False,True,False,1,False,HuggingFace
xkz,Kurtokha,False,False,True,False,1,False,HuggingFace
xla,Kamula,False,True,True,False,2,False,FineWeb-2+HuggingFace
xlb,Loup B,False,False,True,False,1,False,HuggingFace
xlc,Lycian,False,False,True,False,1,False,HuggingFace
xld,Lydian,False,False,True,False,1,False,HuggingFace
xle,Lemnian,False,False,True,False,1,False,HuggingFace
xlg,Ligurian (Ancient),False,False,True,False,1,False,HuggingFace
xli,Liburnian,False,False,True,False,1,False,HuggingFace
xln,Alanic,False,False,True,False,1,False,HuggingFace
xlo,Loup A,False,False,True,False,1,False,HuggingFace
xlp,Lepontic,False,False,True,False,1,False,HuggingFace
xls,Lusitanian,False,False,True,False,1,False,HuggingFace
xlu,Cuneiform Luwian,False,False,True,False,1,False,HuggingFace
xly,Elymian,False,False,True,False,1,False,HuggingFace
xma,Mushungulu,False,False,True,False,1,False,HuggingFace
xmb,Mbonga,False,False,True,False,1,False,HuggingFace
xmc,Makhuwa-Marrevone,False,False,True,False,1,False,HuggingFace
xmd,Mbudum,False,False,True,False,1,False,HuggingFace
xme,Median,False,False,True,False,1,False,HuggingFace
xmf,Mingrelian,False,True,True,True,3,False,FineWeb-2+HuggingFace+CommonVoice
xmg,Mengaka,False,False,True,False,1,False,HuggingFace
xmh,Kugu-Muminh,False,False,True,False,1,False,HuggingFace
xmj,Majera,False,False,True,False,1,False,HuggingFace
xmk,Ancient Macedonian,False,False,True,False,1,False,HuggingFace
xml,Malaysian Sign Language,False,False,True,False,1,False,HuggingFace
xmm,Manado Malay,False,True,True,False,2,False,FineWeb-2+HuggingFace
xmn,Manichaean Middle Persian,False,False,True,False,1,False,HuggingFace
xmo,Morerebi,False,False,True,False,1,False,HuggingFace
xmp,Kuku-Mu'inh,False,False,True,False,1,False,HuggingFace
xmq,Kuku-Mangk,False,False,True,False,1,False,HuggingFace
xmr,Meroitic,False,False,True,False,1,False,HuggingFace
xms,Moroccan Sign Language,False,False,True,False,1,False,HuggingFace
xmt,Matbat,False,False,True,False,1,False,HuggingFace
xmu,Kamu,False,False,True,False,1,False,HuggingFace
xmv,Antankarana Malagasy,False,True,True,False,2,False,FineWeb-2+HuggingFace
xmw,Tsimihety Malagasy,False,False,True,False,1,False,HuggingFace
xmx,Salawati,False,False,True,False,1,False,HuggingFace
xmy,Mayaguduna,False,False,True,False,1,False,HuggingFace
xmz,Mori Bawah,False,False,True,False,1,False,HuggingFace
xna,Ancient North Arabian,False,False,True,False,1,False,HuggingFace
xnb,Kanakanabu,False,False,True,False,1,False,HuggingFace
xng,Middle Mongolian,False,False,True,False,1,False,HuggingFace
xnh,Kuanhua,False,False,True,False,1,False,HuggingFace
xni,Ngarigu,False,False,True,False,1,False,HuggingFace
xnj,Ngoni (Tanzania),False,False,True,False,1,False,HuggingFace
xnk,Nganakarti,False,False,True,False,1,False,HuggingFace
xnm,Ngumbarl,False,False,True,False,1,False,HuggingFace
xnn,Northern Kankanay,False,True,True,False,2,False,FineWeb-2+HuggingFace
xno,Anglo-Norman,False,False,True,False,1,False,HuggingFace
xnq,Ngoni (Mozambique),False,False,True,False,1,False,HuggingFace
xnr,Kangri,False,False,True,False,1,False,HuggingFace
xns,Kanashi,False,False,True,False,1,False,HuggingFace
xnt,Narragansett,False,False,True,False,1,False,HuggingFace
xnu,Nukunul,False,False,True,False,1,False,HuggingFace
xny,Nyiyaparli,False,False,True,False,1,False,HuggingFace
xnz,Kenzi,False,False,True,False,1,False,HuggingFace
xoc,O'chi'chi',False,False,True,False,1,False,HuggingFace
xod,Kokoda,False,False,True,False,1,False,HuggingFace
xog,Soga,False,True,True,False,2,False,FineWeb-2+HuggingFace
xoi,Kominimung,False,False,True,False,1,False,HuggingFace
xok,Xokleng,False,False,True,False,1,False,HuggingFace
xom,Komo (Sudan),False,False,True,False,1,False,HuggingFace
xon,Konkomba,False,True,True,False,2,False,FineWeb-2+HuggingFace
xoo,Xukurú,False,False,True,False,1,False,HuggingFace
xop,Kopar,False,False,True,False,1,False,HuggingFace
xor,Korubo,False,False,True,False,1,False,HuggingFace
xow,Kowaki,False,False,True,False,1,False,HuggingFace
xpa,Pirriya,False,False,True,False,1,False,HuggingFace
xpb,Northeastern Tasmanian,False,False,True,False,1,False,HuggingFace
xpc,Pecheneg,False,False,True,False,1,False,HuggingFace
xpd,Oyster Bay Tasmanian,False,False,True,False,1,False,HuggingFace
xpe,Liberia Kpelle,False,False,True,False,1,False,HuggingFace
xpf,Southeast Tasmanian,False,False,True,False,1,False,HuggingFace
xpg,Phrygian,False,False,True,False,1,False,HuggingFace
xph,North Midlands Tasmanian,False,False,True,False,1,False,HuggingFace
xpi,Pictish,False,False,True,False,1,False,HuggingFace
xpj,Mpalitjanh,False,False,True,False,1,False,HuggingFace
xpk,Kulina Pano,False,False,True,False,1,False,HuggingFace
xpl,Port Sorell Tasmanian,False,False,True,False,1,False,HuggingFace
xpm,Pumpokol,False,False,True,False,1,False,HuggingFace
xpn,Kapinawá,False,False,True,False,1,False,HuggingFace
xpo,Pochutec,False,False,True,False,1,False,HuggingFace
xpp,Puyo-Paekche,False,False,True,False,1,False,HuggingFace
xpq,Mohegan-Pequot,False,False,True,False,1,False,HuggingFace
xpr,Parthian,False,False,True,False,1,False,HuggingFace
xps,Pisidian,False,False,True,False,1,False,HuggingFace
xpt,Punthamara,False,False,True,False,1,False,HuggingFace
xpu,Punic,False,False,True,False,1,False,HuggingFace
xpv,Northern Tasmanian,False,False,True,False,1,False,HuggingFace
xpw,Northwestern Tasmanian,False,False,True,False,1,False,HuggingFace
xpx,Southwestern Tasmanian,False,False,True,False,1,False,HuggingFace
xpy,Puyo,False,False,True,False,1,False,HuggingFace
xpz,Bruny Island Tasmanian,False,False,True,False,1,False,HuggingFace
xqa,Karakhanid,False,False,True,False,1,False,HuggingFace
xqt,Qatabanian,False,False,True,False,1,False,HuggingFace
xra,Krahô,False,False,True,False,1,False,HuggingFace
xrb,Eastern Karaboro,False,True,True,False,2,False,FineWeb-2+HuggingFace
xrd,Gundungurra,False,False,True,False,1,False,HuggingFace
xre,Kreye,False,False,True,False,1,False,HuggingFace
xrg,Minang,False,False,True,False,1,False,HuggingFace
xri,Krikati-Timbira,False,False,True,False,1,False,HuggingFace
xrm,Armazic,False,False,True,False,1,False,HuggingFace
xrn,Arin,False,False,True,False,1,False,HuggingFace
xrr,Raetic,False,False,True,False,1,False,HuggingFace
xrt,Aranama-Tamique,False,False,True,False,1,False,HuggingFace
xru,Marriammu,False,False,True,False,1,False,HuggingFace
xrw,Karawa,False,False,True,False,1,False,HuggingFace
xsa,Sabaean,False,False,True,False,1,False,HuggingFace
xsb,Sambal,False,True,True,False,2,False,FineWeb-2+HuggingFace
xsc,Scythian,False,False,True,False,1,False,HuggingFace
xsd,Sidetic,False,False,True,False,1,False,HuggingFace
xse,Sempan,False,False,True,False,1,False,HuggingFace
xsh,Shamang,False,False,True,False,1,False,HuggingFace
xsi,Sio,False,True,True,False,2,False,FineWeb-2+HuggingFace
xsj,Subi,False,False,True,False,1,False,HuggingFace
xsl,South Slavey,False,False,True,False,1,False,HuggingFace
xsm,Kasem,False,True,True,True,3,False,FineWeb-2+HuggingFace+CommonVoice
xsn,Sanga (Nigeria),False,False,True,False,1,False,HuggingFace
xso,Solano,False,False,True,False,1,False,HuggingFace
xsp,Silopi,False,False,True,False,1,False,HuggingFace
xsq,Makhuwa-Saka,False,False,True,False,1,False,HuggingFace
xsr,Sherpa,False,True,True,False,2,False,FineWeb-2+HuggingFace
xsu,Sanumá,False,True,True,False,2,False,FineWeb-2+HuggingFace
xsv,Sudovian,False,False,True,False,1,False,HuggingFace
xsy,Saisiyat,False,False,True,False,1,False,HuggingFace
xta,Alcozauca Mixtec,False,False,True,False,1,False,HuggingFace
xtb,Chazumba Mixtec,False,False,True,False,1,False,HuggingFace
xtc,Katcha-Kadugli-Miri,False,False,True,False,1,False,HuggingFace
xtd,Diuxi-Tilantongo Mixtec,False,True,True,False,2,False,FineWeb-2+HuggingFace
xte,Ketengban,False,False,True,False,1,False,HuggingFace
xtg,Transalpine Gaulish,False,False,True,False,1,False,HuggingFace
xth,Yitha Yitha,False,False,True,False,1,False,HuggingFace
xti,Sinicahua Mixtec,False,False,True,False,1,False,HuggingFace
xtj,San Juan Teita Mixtec,False,False,True,False,1,False,HuggingFace
xtl,Tijaltepec Mixtec,False,False,True,False,1,False,HuggingFace
xtm,Magdalena Peñasco Mixtec,False,True,True,False,2,False,FineWeb-2+HuggingFace
xtn,Northern Tlaxiaco Mixtec,False,True,True,False,2,False,FineWeb-2+HuggingFace
xto,Tokharian A,False,False,True,False,1,False,HuggingFace
xtp,San Miguel Piedras Mixtec,False,False,True,False,1,False,HuggingFace
xtq,Tumshuqese,False,False,True,False,1,False,HuggingFace
xtr,Early Tripuri,False,False,True,False,1,False,HuggingFace
xts,Sindihui Mixtec,False,False,True,False,1,False,HuggingFace
xtt,Tacahua Mixtec,False,False,True,False,1,False,HuggingFace
xtu,Cuyamecalco Mixtec,False,False,True,False,1,False,HuggingFace
xtv,Thawa,False,False,True,False,1,False,HuggingFace
xtw,Tawandê,False,False,True,False,1,False,HuggingFace
xty,Yoloxochitl Mixtec,False,False,True,False,1,False,HuggingFace
xua,Alu Kurumba,False,False,True,False,1,False,HuggingFace
xub,Betta Kurumba,False,False,True,False,1,False,HuggingFace
xud,Umiida,False,False,True,False,1,False,HuggingFace
xug,Kunigami,False,False,True,False,1,False,HuggingFace
xuj,Jennu Kurumba,False,False,True,False,1,False,HuggingFace
xul,Ngunawal,False,False,True,False,1,False,HuggingFace
xum,Umbrian,False,False,True,False,1,False,HuggingFace
xun,Unggaranggu,False,False,True,False,1,False,HuggingFace
xuo,Kuo,False,True,True,False,2,False,FineWeb-2+HuggingFace
xup,Upper Umpqua,False,False,True,False,1,False,HuggingFace
xur,Urartian,False,False,True,False,1,False,HuggingFace
xut,Kuthant,False,False,True,False,1,False,HuggingFace
xuu,Kxoe,False,False,True,False,1,False,HuggingFace
xve,Venetic,False,False,True,False,1,False,HuggingFace
xvi,Kamviri,False,False,True,False,1,False,HuggingFace
xvn,Vandalic,False,False,True,False,1,False,HuggingFace
xvo,Volscian,False,False,True,False,1,False,HuggingFace
xvs,Vestinian,False,False,True,False,1,False,HuggingFace
xwa,Kwaza,False,False,True,False,1,False,HuggingFace
xwc,Woccon,False,False,True,False,1,False,HuggingFace
xwd,Wadi Wadi,False,False,True,False,1,False,HuggingFace
xwe,Xwela Gbe,False,False,True,False,1,False,HuggingFace
xwg,Kwegu,False,False,True,False,1,False,HuggingFace
xwj,Wajuk,False,False,True,False,1,False,HuggingFace
xwk,Wangkumara,False,False,True,False,1,False,HuggingFace
xwl,Western Xwla Gbe,False,False,True,False,1,False,HuggingFace
xwo,Written Oirat,False,False,True,False,1,False,HuggingFace
xwr,Kwerba Mamberamo,False,False,True,False,1,False,HuggingFace
xwt,Wotjobaluk,False,False,True,False,1,False,HuggingFace
xww,Wemba Wemba,False,False,True,False,1,False,HuggingFace
xxb,Boro (Ghana),False,False,True,False,1,False,HuggingFace
xxk,Ke'o,False,False,True,False,1,False,HuggingFace
xxm,Minkin,False,False,True,False,1,False,HuggingFace
xxr,Koropó,False,False,True,False,1,False,HuggingFace
xxt,Tambora,False,False,True,False,1,False,HuggingFace
xya,Yaygir,False,False,True,False,1,False,HuggingFace
xyb,Yandjibara,False,False,True,False,1,False,HuggingFace
xyj,Mayi-Yapi,False,False,True,False,1,False,HuggingFace
xyk,Mayi-Kulan,False,False,True,False,1,False,HuggingFace
xyl,Yalakalore,False,False,True,False,1,False,HuggingFace
xyt,Mayi-Thakurti,False,False,True,False,1,False,HuggingFace
xyy,Yorta Yorta,False,False,True,False,1,False,HuggingFace
xzh,Zhang-Zhung,False,False,True,False,1,False,HuggingFace
xzm,Zemgalian,False,False,True,False,1,False,HuggingFace
xzp,Ancient Zapotec,False,False,True,False,1,False,HuggingFace
yaa,Yaminahua,False,True,True,False,2,False,FineWeb-2+HuggingFace
yab,Yuhup,False,False,True,False,1,False,HuggingFace
yac,Pass Valley Yali,False,False,True,False,1,False,HuggingFace
yad,Yagua,False,True,True,False,2,False,FineWeb-2+HuggingFace
yae,Pumé,False,False,True,False,1,False,HuggingFace
yaf,Yaka (Democratic Republic of Congo),False,False,True,False,1,False,HuggingFace
yag,Yámana,False,False,True,False,1,False,HuggingFace
yah,Yazgulyam,False,False,True,False,1,False,HuggingFace
yai,Yagnobi,False,False,True,False,1,False,HuggingFace
yaj,Banda-Yangere,False,False,True,False,1,False,HuggingFace
yak,Yakama,False,False,True,False,1,False,HuggingFace
yal,Yalunka,False,True,True,False,2,False,FineWeb-2+HuggingFace
yam,Yamba,False,True,True,False,2,False,FineWeb-2+HuggingFace
yan,Mayangna,False,True,True,False,2,False,FineWeb-2+HuggingFace
yao,Yao,False,True,True,False,2,False,FineWeb-2+HuggingFace
yap,Yapese,False,True,True,False,2,False,FineWeb-2+HuggingFace
yaq,Yaqui,False,True,True,True,3,False,FineWeb-2+HuggingFace+CommonVoice
yar,Yabarana,False,False,True,False,1,False,HuggingFace
yas,Nugunu (Cameroon),False,False,True,False,1,False,HuggingFace
yat,Yambeta,False,True,True,False,2,False,FineWeb-2+HuggingFace
yau,Yuwana,False,False,True,False,1,False,HuggingFace
yav,Yangben,False,False,True,True,2,False,HuggingFace+CommonVoice
yaw,Yawalapití,False,False,True,False,1,False,HuggingFace
yax,Yauma,False,False,True,False,1,False,HuggingFace
yay,Agwagwune,False,False,True,False,1,False,HuggingFace
yaz,Lokaa,False,True,True,False,2,False,FineWeb-2+HuggingFace
yba,Yala,False,False,True,False,1,False,HuggingFace
ybb,Yemba,False,True,True,False,2,False,FineWeb-2+HuggingFace
ybe,West Yugur,False,False,True,False,1,False,HuggingFace
ybh,Yakha,False,False,True,False,1,False,HuggingFace
ybi,Yamphu,False,False,True,False,1,False,HuggingFace
ybj,Hasha,False,False,True,False,1,False,HuggingFace
ybk,Bokha,False,False,True,False,1,False,HuggingFace
ybl,Yukuben,False,False,True,False,1,False,HuggingFace
ybm,Yaben,False,False,True,False,1,False,HuggingFace
ybn,Yabaâna,False,False,True,False,1,False,HuggingFace
ybo,Yabong,False,False,True,False,1,False,HuggingFace
ybx,Yawiyo,False,False,True,False,1,False,HuggingFace
yby,Yaweyuha,False,True,True,False,2,False,FineWeb-2+HuggingFace
ych,Chesu,False,False,True,False,1,False,HuggingFace
ycl,Lolopo,False,False,True,False,1,False,HuggingFace
ycn,Yucuna,False,True,True,False,2,False,FineWeb-2+HuggingFace
ycp,Chepya,False,False,True,False,1,False,HuggingFace
ycr,Yilan Creole,False,False,False,False,0,False,NONE
yda,Yanda,False,False,True,False,1,False,HuggingFace
ydd,Eastern Yiddish,False,True,True,False,2,False,FineWeb-2+HuggingFace
yde,Yangum Dey,False,False,True,False,1,False,HuggingFace
ydg,Yidgha,False,False,True,True,2,False,HuggingFace+CommonVoice
ydk,Yoidik,False,False,True,False,1,False,HuggingFace
yea,Ravula,False,False,True,False,1,False,HuggingFace
yec,Yeniche,False,False,True,False,1,False,HuggingFace
yee,Yimas,False,False,True,False,1,False,HuggingFace
yei,Yeni,False,False,True,False,1,False,HuggingFace
yej,Yevanic,False,False,True,False,1,False,HuggingFace
yel,Yela,False,False,True,False,1,False,HuggingFace
yer,Tarok,False,False,True,False,1,False,HuggingFace
yes,Nyankpa,False,False,True,False,1,False,HuggingFace
yet,Yetfa,False,False,True,False,1,False,HuggingFace
yeu,Yerukula,False,False,True,False,1,False,HuggingFace
yev,Yapunda,False,False,True,False,1,False,HuggingFace
yey,Yeyi,False,False,True,False,1,False,HuggingFace
yga,Malyangapa,False,False,True,False,1,False,HuggingFace
ygi,Yiningayi,False,False,True,False,1,False,HuggingFace
ygl,Yangum Gel,False,False,True,False,1,False,HuggingFace
ygm,Yagomi,False,False,True,False,1,False,HuggingFace
ygp,Gepo,False,False,True,False,1,False,HuggingFace
ygr,Yagaria,False,False,True,False,1,False,HuggingFace
ygs,Yolŋu Sign Language,False,False,True,False,1,False,HuggingFace
ygu,Yugul,False,False,True,False,1,False,HuggingFace
ygw,Yagwoia,False,False,True,False,1,False,HuggingFace
yha,Baha Buyang,False,False,True,False,1,False,HuggingFace
yhd,Judeo-Iraqi Arabic,False,False,True,False,1,False,HuggingFace
yhl,Hlepho Phowa,False,False,True,False,1,False,HuggingFace
yhs,Yan-nhaŋu Sign Language,False,False,True,False,1,False,HuggingFace
yia,Yinggarda,False,False,True,False,1,False,HuggingFace
yid,Yiddish,True,False,True,True,2,False,HuggingFace+CommonVoice
yif,Ache,False,False,True,False,1,False,HuggingFace
yig,Wusa Nasu,False,False,True,False,1,False,HuggingFace
yih,Western Yiddish,False,False,True,False,1,False,HuggingFace
yii,Yidiny,False,False,True,False,1,False,HuggingFace
yij,Yindjibarndi,False,False,True,False,1,False,HuggingFace
yik,Dongshanba Lalo,False,False,True,False,1,False,HuggingFace
yil,Yindjilandji,False,False,True,False,1,False,HuggingFace
yim,Yimchungru Naga,False,True,True,False,2,False,FineWeb-2+HuggingFace
yin,Riang Lai,False,False,True,False,1,False,HuggingFace
yip,Pholo,False,False,True,False,1,False,HuggingFace
yiq,Miqie,False,False,True,False,1,False,HuggingFace
yir,North Awyu,False,False,True,False,1,False,HuggingFace
yis,Yis,False,False,True,False,1,False,HuggingFace
yit,Eastern Lalu,False,False,True,False,1,False,HuggingFace
yiu,Awu,False,False,True,False,1,False,HuggingFace
yiv,Northern Nisu,False,False,True,False,1,False,HuggingFace
yix,Axi Yi,False,False,True,False,1,False,HuggingFace
yiz,Azhe,False,False,True,False,1,False,HuggingFace
yka,Yakan,False,True,True,False,2,False,FineWeb-2+HuggingFace
ykg,Northern Yukaghir,False,False,True,False,1,False,HuggingFace
ykh,Khamnigan Mongol,False,False,False,False,0,False,NONE
yki,Yoke,False,False,True,False,1,False,HuggingFace
ykk,Yakaikeke,False,False,True,False,1,False,HuggingFace
ykl,Khlula,False,False,True,False,1,False,HuggingFace
ykm,Kap,False,False,True,False,1,False,HuggingFace
ykn,Kua-nsi,False,False,True,False,1,False,HuggingFace
yko,Iyasa,False,False,True,False,1,False,HuggingFace
ykr,Yekora,False,False,True,False,1,False,HuggingFace
ykt,Kathu,False,False,True,False,1,False,HuggingFace
yku,Kuamasi,False,False,True,False,1,False,HuggingFace
yky,Yakoma,False,False,True,False,1,False,HuggingFace
yla,Yaul,False,False,True,False,1,False,HuggingFace
ylb,Yaleba,False,False,True,False,1,False,HuggingFace
yle,Yele,False,True,True,False,2,False,FineWeb-2+HuggingFace
ylg,Yelogu,False,False,True,False,1,False,HuggingFace
yli,Angguruk Yali,False,True,True,False,2,False,FineWeb-2+HuggingFace
yll,Yil,False,False,True,False,1,False,HuggingFace
ylm,Limi,False,False,True,False,1,False,HuggingFace
yln,Langnian Buyang,False,False,True,False,1,False,HuggingFace
ylo,Naluo Yi,False,False,True,False,1,False,HuggingFace
ylr,Yalarnnga,False,False,True,False,1,False,HuggingFace
ylu,Aribwaung,False,False,True,False,1,False,HuggingFace
yly,Nyâlayu,False,False,True,False,1,False,HuggingFace
ymb,Yambes,False,False,True,False,1,False,HuggingFace
ymc,Southern Muji,False,False,True,False,1,False,HuggingFace
ymd,Muda,False,False,True,False,1,False,HuggingFace
yme,Yameo,False,False,True,False,1,False,HuggingFace
ymg,Yamongeri,False,False,True,False,1,False,HuggingFace
ymh,Mili,False,False,True,False,1,False,HuggingFace
ymi,Moji,False,False,True,False,1,False,HuggingFace
ymk,Makwe,False,False,True,False,1,False,HuggingFace
yml,Iamalele,False,True,True,False,2,False,FineWeb-2+HuggingFace
ymm,Maay,False,False,True,False,1,False,HuggingFace
ymn,Yamna,False,False,True,False,1,False,HuggingFace
ymo,Yangum Mon,False,False,True,False,1,False,HuggingFace
ymp,Yamap,False,False,True,False,1,False,HuggingFace
ymq,Qila Muji,False,False,True,False,1,False,HuggingFace
ymr,Malasar,False,False,True,False,1,False,HuggingFace
yms,Mysian,False,False,True,False,1,False,HuggingFace
ymx,Northern Muji,False,False,True,False,1,False,HuggingFace
ymz,Muzi,False,False,True,False,1,False,HuggingFace
yna,Aluo,False,False,True,False,1,False,HuggingFace
ynb,Yamben,False,False,False,False,0,False,NONE
ynd,Yandruwandha,False,False,True,False,1,False,HuggingFace
yne,Lang'e,False,False,True,False,1,False,HuggingFace
yng,Yango,False,False,True,False,1,False,HuggingFace
ynk,Naukan Yupik,False,False,True,False,1,False,HuggingFace
ynl,Yangulam,False,False,True,False,1,False,HuggingFace
ynn,Yana,False,False,True,False,1,False,HuggingFace
yno,Yong,False,False,True,False,1,False,HuggingFace
ynq,Yendang,False,False,True,False,1,False,HuggingFace
yns,Yansi,False,False,True,False,1,False,HuggingFace
ynu,Yahuna,False,False,True,False,1,False,HuggingFace
yob,Yoba,False,False,True,False,1,False,HuggingFace
yog,Yogad,False,False,True,False,1,False,HuggingFace
yoi,Yonaguni,False,False,True,False,1,False,HuggingFace
yok,Yokuts,False,False,True,False,1,False,HuggingFace
yom,Yombe,False,True,True,False,2,False,FineWeb-2+HuggingFace
yon,Yongkom,False,True,True,False,2,False,FineWeb-2+HuggingFace
yor,Yoruba,False,True,True,True,3,False,FineWeb-2+HuggingFace+CommonVoice
yot,Yotti,False,False,True,False,1,False,HuggingFace
yox,Yoron,False,False,True,False,1,False,HuggingFace
yoy,Yoy,False,False,True,False,1,False,HuggingFace
ypa,Phala,False,False,True,False,1,False,HuggingFace
ypb,Labo Phowa,False,False,True,False,1,False,HuggingFace
ypg,Phola,False,False,True,False,1,False,HuggingFace
yph,Phupha,False,False,True,False,1,False,HuggingFace
ypm,Phuma,False,False,True,False,1,False,HuggingFace
ypn,Ani Phowa,False,False,True,False,1,False,HuggingFace
ypo,Alo Phola,False,False,True,False,1,False,HuggingFace
ypp,Phupa,False,False,True,False,1,False,HuggingFace
ypz,Phuza,False,False,True,False,1,False,HuggingFace
yra,Yerakai,False,False,True,False,1,False,HuggingFace
yrb,Yareba,False,True,True,False,2,False,FineWeb-2+HuggingFace
yre,Yaouré,False,True,True,False,2,False,FineWeb-2+HuggingFace
yrk,Nenets,False,True,True,False,2,False,FineWeb-2+HuggingFace
yrl,Nhengatu,False,True,True,False,2,False,FineWeb-2+HuggingFace
yrm,Yirrk-Mel,False,False,True,False,1,False,HuggingFace
yrn,Yerong,False,False,True,False,1,False,HuggingFace
yro,Yaroamë,False,False,True,False,1,False,HuggingFace
yrs,Yarsun,False,False,True,False,1,False,HuggingFace
yrw,Yarawata,False,False,True,False,1,False,HuggingFace
yry,Yarluyandi,False,False,True,False,1,False,HuggingFace
ysc,Yassic,False,False,True,False,1,False,HuggingFace
ysd,Samatao,False,False,True,False,1,False,HuggingFace
ysg,Sonaga,False,False,True,False,1,False,HuggingFace
ysl,Yugoslavian Sign Language,False,False,True,False,1,False,HuggingFace
ysm,Myanmar Sign Language,False,False,True,False,1,False,HuggingFace
ysn,Sani,False,False,True,False,1,False,HuggingFace
yso,Nisi (China),False,False,True,False,1,False,HuggingFace
ysp,Southern Lolopo,False,False,True,False,1,False,HuggingFace
ysr,Sirenik Yupik,False,False,True,False,1,False,HuggingFace
yss,Yessan-Mayo,False,True,True,False,2,False,FineWeb-2+HuggingFace
ysy,Sanie,False,False,True,False,1,False,HuggingFace
yta,Talu,False,False,True,False,1,False,HuggingFace
ytl,Tanglang,False,False,True,False,1,False,HuggingFace
ytp,Thopho,False,False,True,False,1,False,HuggingFace
ytw,Yout Wam,False,False,True,False,1,False,HuggingFace
yty,Yatay,False,False,True,False,1,False,HuggingFace
yua,Yucateco,False,True,True,False,2,False,FineWeb-2+HuggingFace
yub,Yugambal,False,False,True,False,1,False,HuggingFace
yuc,Yuchi,False,False,True,False,1,False,HuggingFace
yud,Judeo-Tripolitanian Arabic,False,False,True,False,1,False,HuggingFace
yue,Yue Chinese,False,True,True,True,3,False,FineWeb-2+HuggingFace+CommonVoice
yuf,Havasupai-Walapai-Yavapai,False,False,True,False,1,False,HuggingFace
yug,Yug,False,False,True,False,1,False,HuggingFace
yui,Yurutí,False,False,True,False,1,False,HuggingFace
yuj,Karkar-Yuri,False,True,True,False,2,False,FineWeb-2+HuggingFace
yuk,Yuki,False,False,True,False,1,False,HuggingFace
yul,Yulu,False,False,True,False,1,False,HuggingFace
yum,Quechan,False,False,True,False,1,False,HuggingFace
yun,Bena (Nigeria),False,False,True,False,1,False,HuggingFace
yup,Yukpa,False,True,True,False,2,False,FineWeb-2+HuggingFace
yuq,Yuqui,False,False,True,False,1,False,HuggingFace
yur,Yurok,False,False,True,False,1,False,HuggingFace
yut,Yopno,False,True,True,False,2,False,FineWeb-2+HuggingFace
yuw,Yau (Morobe Province),False,True,True,False,2,False,FineWeb-2+HuggingFace
yux,Southern Yukaghir,False,False,True,False,1,False,HuggingFace
yuy,East Yugur,False,False,True,False,1,False,HuggingFace
yuz,Yuracare,False,True,True,False,2,False,FineWeb-2+HuggingFace
yva,Yawa,False,True,True,False,2,False,FineWeb-2+HuggingFace
yvt,Yavitero,False,False,True,False,1,False,HuggingFace
ywa,Kalou,False,False,True,False,1,False,HuggingFace
ywg,Yinhawangka,False,False,True,False,1,False,HuggingFace
ywl,Western Lalu,False,False,True,False,1,False,HuggingFace
ywn,Yawanawa,False,False,True,False,1,False,HuggingFace
ywq,Wuding-Luquan Yi,False,False,True,False,1,False,HuggingFace
ywr,Yawuru,False,False,True,False,1,False,HuggingFace
ywt,Xishanba Lalo,False,False,True,False,1,False,HuggingFace
ywu,Wumeng Nasu,False,False,True,False,1,False,HuggingFace
yww,Yawarawarga,False,False,True,False,1,False,HuggingFace
yxa,Mayawali,False,False,True,False,1,False,HuggingFace
yxg,Yagara,False,False,True,False,1,False,HuggingFace
yxl,Yardliyawarra,False,False,True,False,1,False,HuggingFace
yxm,Yinwum,False,False,True,False,1,False,HuggingFace
yxu,Yuyu,False,False,True,False,1,False,HuggingFace
yxy,Yabula Yabula,False,False,True,False,1,False,HuggingFace
yyr,Yir Yoront,False,False,True,False,1,False,HuggingFace
yyu,Yau (Sandaun Province),False,False,True,False,1,False,HuggingFace
yyz,Ayizi,False,False,True,False,1,False,HuggingFace
yzg,E'ma Buyang,False,False,True,False,1,False,HuggingFace
yzk,Zokhuo,False,False,True,False,1,False,HuggingFace
zaa,Sierra de Juárez Zapotec,False,True,True,False,2,False,FineWeb-2+HuggingFace
zab,Western Tlacolula Valley Zapotec,False,True,True,False,2,False,FineWeb-2+HuggingFace
zac,Ocotlán Zapotec,False,True,True,False,2,False,FineWeb-2+HuggingFace
zad,Cajonos Zapotec,False,True,True,False,2,False,FineWeb-2+HuggingFace
zae,Yareni Zapotec,False,True,True,False,2,False,FineWeb-2+HuggingFace
zaf,Ayoquesco Zapotec,False,False,True,False,1,False,HuggingFace
zag,Zaghawa,False,False,True,False,1,False,HuggingFace
zah,Zangwal,False,False,True,False,1,False,HuggingFace
zai,Isthmus Zapotec,False,True,True,False,2,False,FineWeb-2+HuggingFace
zaj,Zaramo,False,False,True,False,1,False,HuggingFace
zak,Zanaki,False,False,True,False,1,False,HuggingFace
zal,Zauzou,False,False,True,False,1,False,HuggingFace
zam,Miahuatlán Zapotec,False,True,True,False,2,False,FineWeb-2+HuggingFace
zao,Ozolotepec Zapotec,False,True,True,False,2,False,FineWeb-2+HuggingFace
zap,Zapotec,True,False,True,False,1,False,HuggingFace
zaq,Aloápam Zapotec,False,False,True,False,1,False,HuggingFace
zar,Rincón Zapotec,False,True,True,False,2,False,FineWeb-2+HuggingFace
zas,Santo Domingo Albarradas Zapotec,False,True,True,False,2,False,FineWeb-2+HuggingFace
zat,Tabaa Zapotec,False,True,True,False,2,False,FineWeb-2+HuggingFace
zau,Zangskari,False,False,True,False,1,False,HuggingFace
zav,Yatzachi Zapotec,False,True,True,False,2,False,FineWeb-2+HuggingFace
zaw,Mitla Zapotec,False,True,True,False,2,False,FineWeb-2+HuggingFace
zax,Xadani Zapotec,False,False,True,False,1,False,HuggingFace
zay,Zayse-Zergulla,False,False,True,False,1,False,HuggingFace
zaz,Zari,False,False,True,False,1,False,HuggingFace
zba,Balaibalan,False,False,True,False,1,False,HuggingFace
zbc,Central Berawan,False,False,True,False,1,False,HuggingFace
zbe,East Berawan,False,False,True,False,1,False,HuggingFace
zbl,Blissymbols,False,False,True,False,1,False,HuggingFace
zbt,Batui,False,False,True,False,1,False,HuggingFace
zbu,Bu (Bauchi State),False,False,True,False,1,False,HuggingFace
zbw,West Berawan,False,False,True,False,1,False,HuggingFace
zca,Coatecas Altas Zapotec,False,True,True,False,2,False,FineWeb-2+HuggingFace
zcd,Las Delicias Zapotec,False,False,True,False,1,False,HuggingFace
zch,Central Hongshuihe Zhuang,False,False,True,False,1,False,HuggingFace
zdj,Ngazidja Comorian,False,True,True,False,2,False,FineWeb-2+HuggingFace
zea,Zeeuws,False,True,True,False,2,False,FineWeb-2+HuggingFace
zeg,Zenag,False,False,True,False,1,False,HuggingFace
zeh,Eastern Hongshuihe Zhuang,False,False,True,False,1,False,HuggingFace
zem,Zeem,False,False,True,False,1,False,HuggingFace
zen,Zenaga,False,False,True,False,1,False,HuggingFace
zga,Kinga,False,False,True,False,1,False,HuggingFace
zgb,Guibei Zhuang,False,False,True,False,1,False,HuggingFace
zgh,Standard Moroccan Tamazight,False,True,True,True,3,False,FineWeb-2+HuggingFace+CommonVoice
zgm,Minz Zhuang,False,False,True,False,1,False,HuggingFace
zgn,Guibian Zhuang,False,False,True,False,1,False,HuggingFace
zgr,Magori,False,False,True,False,1,False,HuggingFace
zha,Zhuang,True,False,True,False,1,False,HuggingFace
zhb,Zhaba,False,False,True,False,1,False,HuggingFace
zhd,Dai Zhuang,False,False,True,False,1,False,HuggingFace
zhi,Zhire,False,False,True,False,1,False,HuggingFace
zhk,Kurdish Sign Language,False,False,False,False,0,False,NONE
zhn,Nong Zhuang,False,False,True,False,1,False,HuggingFace
zho,Chinese,True,False,True,True,2,True,HuggingFace+CommonVoice
zhw,Zhoa,False,False,True,False,1,False,HuggingFace
zia,Zia,False,True,True,False,2,False,FineWeb-2+HuggingFace
zib,Zimbabwe Sign Language,False,False,True,False,1,False,HuggingFace
zik,Zimakani,False,False,True,False,1,False,HuggingFace
zil,Zialo,False,False,True,False,1,False,HuggingFace
zim,Mesme,False,False,True,False,1,False,HuggingFace
zin,Zinza,False,False,True,False,1,False,HuggingFace
ziw,Zigula,False,True,True,False,2,False,FineWeb-2+HuggingFace
ziz,Zizilivakan,False,False,True,False,1,False,HuggingFace
zka,Kaimbulawa,False,False,True,False,1,False,HuggingFace
zkd,Kadu,False,False,True,False,1,False,HuggingFace
zkg,Koguryo,False,False,True,False,1,False,HuggingFace
zkh,Khorezmian,False,False,True,False,1,False,HuggingFace
zkk,Karankawa,False,False,True,False,1,False,HuggingFace
zkn,Kanan,False,False,True,False,1,False,HuggingFace
zko,Kott,False,False,True,False,1,False,HuggingFace
zkp,São Paulo Kaingáng,False,False,True,False,1,False,HuggingFace
zkr,Zakhring,False,False,True,False,1,False,HuggingFace
zkt,Kitan,False,False,True,False,1,False,HuggingFace
zku,Kaurna,False,False,True,False,1,False,HuggingFace
zkv,Krevinian,False,False,True,False,1,False,HuggingFace
zkz,Khazar,False,False,True,False,1,False,HuggingFace
zla,Zula,False,False,True,False,1,False,HuggingFace
zlj,Liujiang Zhuang,False,False,True,False,1,False,HuggingFace
zlm,Malay (individual language),False,False,True,False,1,False,HuggingFace
zln,Lianshan Zhuang,False,False,True,False,1,False,HuggingFace
zlq,Liuqian Zhuang,False,False,True,False,1,False,HuggingFace
zlu,Zul,False,False,False,False,0,False,NONE
zma,Manda (Australia),False,False,True,False,1,False,HuggingFace
zmb,Zimba,False,False,True,False,1,False,HuggingFace
zmc,Margany,False,False,True,False,1,False,HuggingFace
zmd,Maridan,False,False,True,False,1,False,HuggingFace
zme,Mangerr,False,False,True,False,1,False,HuggingFace
zmf,Mfinu,False,False,True,False,1,False,HuggingFace
zmg,Marti Ke,False,False,True,False,1,False,HuggingFace
zmh,Makolkol,False,False,True,False,1,False,HuggingFace
zmi,Negeri Sembilan Malay,False,False,True,False,1,False,HuggingFace
zmj,Maridjabin,False,False,True,False,1,False,HuggingFace
zmk,Mandandanyi,False,False,True,False,1,False,HuggingFace
zml,Matngala,False,False,True,False,1,False,HuggingFace
zmm,Marimanindji,False,False,True,False,1,False,HuggingFace
zmn,Mbangwe,False,False,True,False,1,False,HuggingFace
zmo,Molo,False,False,True,False,1,False,HuggingFace
zmp,Mbuun,False,False,True,False,1,False,HuggingFace
zmq,Mituku,False,False,True,False,1,False,HuggingFace
zmr,Maranunggu,False,False,True,False,1,False,HuggingFace
zms,Mbesa,False,False,True,False,1,False,HuggingFace
zmt,Maringarr,False,False,True,False,1,False,HuggingFace
zmu,Muruwari,False,False,True,False,1,False,HuggingFace
zmv,Mbariman-Gudhinma,False,False,True,False,1,False,HuggingFace
zmw,Mbo (Democratic Republic of Congo),False,False,True,False,1,False,HuggingFace
zmx,Bomitaba,False,False,True,False,1,False,HuggingFace
zmy,Mariyedi,False,False,True,False,1,False,HuggingFace
zmz,Mbandja,False,False,True,False,1,False,HuggingFace
zna,Zan Gula,False,False,True,False,1,False,HuggingFace
zne,Zande (individual language),False,True,True,False,2,False,FineWeb-2+HuggingFace
zng,Mang,False,False,True,False,1,False,HuggingFace
znk,Manangkari,False,False,True,False,1,False,HuggingFace
zns,Mangas,False,False,True,False,1,False,HuggingFace
zoc,Copainalá Zoque,False,False,True,True,2,False,HuggingFace+CommonVoice
zoh,Chimalapa Zoque,False,False,True,False,1,False,HuggingFace
zom,Zou,False,True,True,False,2,False,FineWeb-2+HuggingFace
zoo,Asunción Mixtepec Zapotec,False,False,True,False,1,False,HuggingFace
zoq,Tabasco Zoque,False,False,True,False,1,False,HuggingFace
zor,Rayón Zoque,False,False,True,False,1,False,HuggingFace
zos,Francisco León Zoque,False,True,True,False,2,False,FineWeb-2+HuggingFace
zpa,Lachiguiri Zapotec,False,True,True,False,2,False,FineWeb-2+HuggingFace
zpb,Yautepec Zapotec,False,False,True,False,1,False,HuggingFace
zpc,Choapan Zapotec,False,True,True,False,2,False,FineWeb-2+HuggingFace
zpd,Southeastern Ixtlán Zapotec,False,False,True,False,1,False,HuggingFace
zpe,Petapa Zapotec,False,False,True,False,1,False,HuggingFace
zpf,San Pedro Quiatoni Zapotec,False,False,True,False,1,False,HuggingFace
zpg,Guevea De Humboldt Zapotec,False,True,True,False,2,False,FineWeb-2+HuggingFace
zph,Totomachapan Zapotec,False,False,True,False,1,False,HuggingFace
zpi,Santa María Quiegolani Zapotec,False,True,True,False,2,False,FineWeb-2+HuggingFace
zpj,Quiavicuzas Zapotec,False,True,True,False,2,False,FineWeb-2+HuggingFace
zpk,Tlacolulita Zapotec,False,False,True,False,1,False,HuggingFace
zpl,Lachixío Zapotec,False,True,True,False,2,False,FineWeb-2+HuggingFace
zpm,Mixtepec Zapotec,False,True,True,False,2,False,FineWeb-2+HuggingFace
zpn,Santa Inés Yatzechi Zapotec,False,False,True,False,1,False,HuggingFace
zpo,Amatlán Zapotec,False,True,True,False,2,False,FineWeb-2+HuggingFace
zpp,El Alto Zapotec,False,False,True,False,1,False,HuggingFace
zpq,Zoogocho Zapotec,False,True,True,False,2,False,FineWeb-2+HuggingFace
zpr,Santiago Xanica Zapotec,False,False,True,False,1,False,HuggingFace
zps,Coatlán Zapotec,False,False,True,False,1,False,HuggingFace
zpt,San Vicente Coatlán Zapotec,False,True,True,False,2,False,FineWeb-2+HuggingFace
zpu,Yalálag Zapotec,False,True,True,False,2,False,FineWeb-2+HuggingFace
zpv,Chichicapan Zapotec,False,True,True,False,2,False,FineWeb-2+HuggingFace
zpw,Zaniza Zapotec,False,False,True,False,1,False,HuggingFace
zpx,San Baltazar Loxicha Zapotec,False,False,True,False,1,False,HuggingFace
zpy,Mazaltepec Zapotec,False,False,True,False,1,False,HuggingFace
zpz,Texmelucan Zapotec,False,True,True,False,2,False,FineWeb-2+HuggingFace
zqe,Qiubei Zhuang,False,False,True,False,1,False,HuggingFace
zra,Kara (Korea),False,False,True,False,1,False,HuggingFace
zrg,Mirgan,False,False,True,False,1,False,HuggingFace
zrn,Zerenkel,False,False,True,False,1,False,HuggingFace
zro,Záparo,False,False,True,False,1,False,HuggingFace
zrp,Zarphatic,False,False,True,False,1,False,HuggingFace
zrs,Mairasi,False,False,True,False,1,False,HuggingFace
zsa,Sarasira,False,False,True,False,1,False,HuggingFace
zsk,Kaskean,False,False,True,False,1,False,HuggingFace
zsl,Zambian Sign Language,False,False,True,False,1,False,HuggingFace
zsm,Standard Malay,False,True,True,False,2,False,FineWeb-2+HuggingFace
zsr,Southern Rincon Zapotec,False,True,True,False,2,False,FineWeb-2+HuggingFace
zsu,Sukurum,False,False,True,False,1,False,HuggingFace
zte,Elotepec Zapotec,False,False,True,False,1,False,HuggingFace
ztg,Xanaguía Zapotec,False,False,True,False,1,False,HuggingFace
ztl,Lapaguía-Guivini Zapotec,False,False,True,False,1,False,HuggingFace
ztm,San Agustín Mixtepec Zapotec,False,False,True,False,1,False,HuggingFace
ztn,Santa Catarina Albarradas Zapotec,False,False,True,False,1,False,HuggingFace
ztp,Loxicha Zapotec,False,False,True,False,1,False,HuggingFace
ztq,Quioquitani-Quierí Zapotec,False,True,True,False,2,False,FineWeb-2+HuggingFace
zts,Tilquiapan Zapotec,False,False,True,False,1,False,HuggingFace
ztt,Tejalapan Zapotec,False,False,True,False,1,False,HuggingFace
ztu,Güilá Zapotec,False,False,True,False,1,False,HuggingFace
ztx,Zaachila Zapotec,False,False,True,False,1,False,HuggingFace
zty,Yatee Zapotec,False,True,True,False,2,False,FineWeb-2+HuggingFace
zuh,Tokano,False,False,True,False,1,False,HuggingFace
zul,Zulu,False,True,True,True,3,False,FineWeb-2+HuggingFace+CommonVoice
zum,Kumzari,False,False,True,False,1,False,HuggingFace
zun,Zuni,False,False,True,False,1,False,HuggingFace
zuy,Zumaya,False,False,True,False,1,False,HuggingFace
zwa,Zay,False,False,True,False,1,False,HuggingFace
zxx,No linguistic content,False,False,True,False,1,False,HuggingFace
zyb,Yongbei Zhuang,False,True,True,False,2,False,FineWeb-2+HuggingFace
zyg,Yang Zhuang,False,False,True,False,1,False,HuggingFace
zyj,Youjiang Zhuang,False,False,True,False,1,False,HuggingFace
zyn,Yongnan Zhuang,False,False,True,False,1,False,HuggingFace
zyp,Zyphe Chin,False,True,True,False,2,False,FineWeb-2+HuggingFace
zza,Zaza,True,False,True,True,2,False,HuggingFace+CommonVoice
zzj,Zuojiang Zhuang,False,False,True,False,1,False,HuggingFace
